Posição,Jogador,País,Posição Campo,Gols contra,Perdas de bola forçadas,Pressões defensivas exercidas,Pressões defensivas exercidas diretamente
1,Aymen Hussein,IRQ,FW,1,5,60,3
1,Hassan Altambakti,KSA,DF,1,4,25,7
1,Yazan Alarab,JOR,DF,1,4,23,13
1,Mohamed Manai,QAT,FW,1,2,52,3
1,Mahmoud Abunada,QAT,GK,1,0,0,0
1,Yassine Bounou,MAR,GK,1,0,0,0
1,Mohamed Hany,EGY,DF,1,3,36,6
1,Damian Bobadilla,PAR,MF,1,2,46,10
1,Abduvohid Nematov,UZB,GK,1,0,0,0
1,Cameron Burgess,AUS,DF,1,2,14,9
1,Miro Muheim,SUI,DF,1,0,0,0
12,Ricardo Rodriguez,SUI,DF,0,15,24,6
12,Mert Gunok,TUR,GK,0,0,0,0
12,Nico Williams,ESP,FW,0,2,15,0
12,Taha Ali,SWE,FW,0,2,3,0
12,Abdulla Abdullaev,UZB,DF,0,7,22,7
12,Mohamed Toure,AUS,FW,0,3,57,4
12,Gustaf Lagerbielke,SWE,DF,0,6,22,10
12,Alex Paulsen,NZL,GK,0,0,0,0
12,Stjepan Radeljic,BIH,DF,0,1,4,2
12,Denis Zakaria,SUI,MF,0,6,15,9
12,Anthony Elanga,SWE,FW,0,0,3,1
12,Dennis Hadzikadunic,BIH,DF,0,1,4,2
12,Alessandro Circati,AUS,DF,0,7,25,14
12,Scott Mckenna,SCO,DF,0,3,3,3
12,Jacob Widell Zetterstrom,SWE,GK,0,0,0,0
12,Deniz Gul,TUR,FW,0,0,5,0
12,Lukas Hornicek,CZE,GK,0,0,0,0
12,Lukas Cerv,CZE,MF,0,6,27,11
12,Joe Bell,NZL,MF,0,26,71,18
12,Remo Freuler,SUI,MF,0,8,81,15
12,Dostonbek Khamdamov,UZB,MF,0,4,16,2
12,Botirali Ergashev,UZB,GK,0,0,0,0
12,Umar Eshmurodov,UZB,DF,0,0,0,0
12,Paul Okon Engstler,AUS,MF,0,5,63,5
12,Aymeric Laporte,ESP,DF,0,3,12,1
12,Michal Sadilek,CZE,MF,0,10,75,4
12,Kerem Akturkoglu,TUR,FW,0,10,38,2
12,Lawrence Shankland,SCO,FW,0,4,61,9
12,Marvin Keller,SUI,GK,0,0,0,0
12,Borja Iglesias,ESP,FW,0,0,0,0
12,Noah Okafor,SUI,FW,0,0,0,0
12,Oguz Aydin,TUR,FW,0,0,0,0
12,Viktor Gyokeres,SWE,FW,0,7,34,2
12,Dani Olmo,ESP,FW,0,5,26,3
12,Khojiakbar Alijonov,UZB,DF,0,0,24,2
12,Viktor Johansson,SWE,GK,0,0,0,0
12,Adam Hlozek,CZE,FW,0,6,92,7
12,Cristian Volpato,AUS,FW,0,2,11,0
12,Kenny Mclean,SCO,MF,0,4,31,6
12,Yvon Mvogo,SUI,GK,0,0,0,0
12,Samet Akaydin,TUR,DF,0,0,0,0
12,Mikel Oyarzabal,ESP,FW,0,11,47,4
12,Kenan Yildiz,TUR,FW,0,3,13,3
12,Samed Bazdar,BIH,FW,0,2,6,2
12,David Zima,CZE,DF,0,0,4,1
12,Azizbek Amonov,UZB,FW,0,1,4,0
12,Mattias Svanberg,SWE,MF,0,0,2,0
12,Michel Aebischer,SUI,MF,0,8,49,6
12,Gabriel Gudmundsson,SWE,DF,0,12,30,8
12,Orkun Kokcu,TUR,MF,0,3,16,2
12,Tim Payne,NZL,DF,0,2,37,6
12,Gregor Kobel,SUI,GK,0,0,0,0
12,Alex Rufer,NZL,MF,0,0,0,0
12,Amir Hadziahmetovic,BIH,MF,0,0,4,0
12,Eray Coemert,SUI,DF,0,0,0,0
12,Gavi,ESP,MF,0,4,27,8
12,Jan Kuchta,CZE,FW,0,0,0,0
12,Lukas Provod,CZE,MF,0,9,49,5
12,Jakhongir Urozov,UZB,DF,0,0,2,1
12,Hugo Sochurek,CZE,MF,0,0,0,0
12,Kai Trewin,AUS,DF,0,0,0,0
12,Jindrich Stanek,CZE,GK,0,0,0,0
12,Tete Yengi,AUS,FW,0,0,9,2
12,Max Crocombe,NZL,GK,0,0,0,0
12,Ugurcan Cakir,TUR,GK,0,0,0,0
12,Ferdi Kadioglu,TUR,DF,0,0,16,7
12,Martin Zubimendi,ESP,MF,0,0,0,0
12,Merih Demiral,TUR,DF,0,3,9,3
12,Scott Mctominay,SCO,MF,0,11,103,6
12,Hjalmar Ekdal,SWE,DF,0,0,0,0
12,Djibril Sow,SUI,MF,0,4,30,4
12,Pau Cubarsi,ESP,DF,0,2,4,1
12,Rodri,ESP,MF,0,5,14,4
12,Ladislav Krejci,CZE,DF,0,2,30,10
12,Michael Boxall,NZL,DF,0,4,15,10
12,Isak Hien,SWE,DF,0,13,8,5
12,Eldor Shomurodov,UZB,FW,0,8,63,6
12,Kristoffer Nordfeldt,SWE,GK,0,0,0,0
12,Nishan Velupillay,AUS,FW,0,1,57,4
12,Can Uzun,TUR,FW,0,3,5,3
12,Esmir Bajraktarevic,BIH,FW,0,10,70,7
12,Jaroslav Zeleny,CZE,DF,0,6,36,3
12,Kosta Barbarouses,NZL,FW,0,0,0,0
12,Altay Bayindir,TUR,GK,0,0,0,0
12,Ross Stewart,SCO,FW,0,0,5,0
12,Ruben Vargas,SUI,FW,0,10,45,14
12,Ryan Thomas,NZL,MF,0,2,14,2
12,Dzenis Burnic,BIH,MF,0,0,6,0
12,Pedro Porro,ESP,DF,0,6,9,5
12,Nestory Irankunda,AUS,FW,0,6,45,0
12,Baris Alper Yilmaz,TUR,FW,0,3,20,2
12,Tomas Holes,CZE,DF,0,8,37,7
12,Tyler Fletcher,SCO,MF,0,0,0,0
12,Oston Urunov,UZB,MF,0,2,35,0
12,Abdulkerim Bardakci,TUR,DF,0,2,14,8
12,Carl Starfelt,SWE,DF,0,0,0,0
12,Ben Gannon Doak,SCO,FW,0,13,71,6
12,Pedri,ESP,MF,0,29,86,12
12,Nikola Katic,BIH,DF,0,12,36,14
12,Pavel Sulc,CZE,FW,0,6,104,12
12,Johan Manzambi,SUI,MF,0,11,62,10
12,Manuel Akanji,SUI,DF,0,8,18,8
12,Rustam Ashurmatov,UZB,DF,0,15,25,7
12,Dan Ndoye,SUI,FW,0,12,33,4
12,Alex Grimaldo,ESP,DF,0,0,0,0
12,Ben Old,NZL,MF,0,1,9,1
12,Ivan Sunjic,BIH,MF,0,9,62,14
12,Aaron Hickey,SCO,DF,0,1,16,5
12,Odiljon Xamrobekov,UZB,MF,0,2,24,4
12,Besfort Zeneli,SWE,MF,0,2,20,3
12,Dominic Hyam,SCO,DF,0,0,0,0
12,Jesper Karlstrom,SWE,MF,0,7,38,7
12,Azizjon Ganiev,UZB,MF,0,6,60,5
12,Hakan Calhanoglu,TUR,MF,0,11,28,5
12,Liberato Cacace,NZL,DF,0,5,36,6
12,Irfan Can Kahveci,TUR,FW,0,0,0,0
12,David Jurasek,CZE,DF,0,0,0,0
12,Jamshid Iskanderov,UZB,MF,0,0,0,0
12,Salih Ozcan,TUR,MF,0,2,2,1
12,Abbosbek Fayzullaev,UZB,MF,0,12,84,16
12,Aiden Oneill,AUS,MF,0,17,65,9
12,Victor Lindelof,SWE,DF,0,2,10,4
12,Silvan Widmer,SUI,DF,0,6,22,6
12,Luca Jaquez,SUI,DF,0,3,15,4
12,Akmal Mozgovoy,UZB,MF,0,2,53,3
12,Alexandr Sojka,CZE,MF,0,18,84,9
12,Benjamin Nygren,SWE,MF,0,4,62,13
12,Marc Pubill,ESP,DF,0,0,0,0
12,Nikola Vasilj,BIH,GK,0,0,0,0
12,Jackson Irvine,AUS,MF,0,0,14,1
12,Marko Stamenic,NZL,MF,0,8,48,12
12,Mikel Merino,ESP,MF,0,4,24,4
12,Ajdin Hrustic,AUS,FW,0,0,0,0
12,Elijah Just,NZL,MF,0,14,82,8
12,Herman Johansson,SWE,DF,0,0,0,0
12,Christian Fassnacht,SUI,FW,0,0,8,2
12,Avazbek Ulmasaliyev,UZB,DF,0,0,0,0
12,Granit Xhaka,SUI,MF,0,9,46,9
12,Eren Elmali,TUR,DF,0,0,3,1
12,Haris Tabakovic,BIH,FW,0,0,0,0
12,Patrick Beach,AUS,GK,0,0,0,0
12,Francis De Vries,NZL,DF,0,1,0,0
12,John Souttar,SCO,DF,0,0,0,0
12,George Hirst,SCO,FW,0,0,0,0
12,Ben Waine,NZL,FW,0,0,0,0
12,Aziz Behich,AUS,DF,0,1,10,4
12,Caglar Soyuncu,TUR,DF,0,0,0,0
12,Sherzod Esanov,UZB,MF,0,0,2,0
12,Michael Woud,NZL,GK,0,0,0,0
12,Unai Simon,ESP,GK,0,0,0,0
12,Awer Mabil,AUS,FW,0,0,0,0
12,Alexander Bernhardsson,SWE,DF,0,9,52,6
12,Chris Wood,NZL,FW,0,4,48,3
12,Lewis Ferguson,SCO,MF,0,15,87,28
12,Ivan Basic,BIH,MF,0,5,39,8
12,Fabian Ruiz,ESP,MF,0,3,23,1
12,Finn Surman,NZL,DF,0,3,20,7
12,Edin Dzeko,BIH,FW,0,4,61,1
12,Harry Souttar,AUS,DF,0,1,12,4
12,Eric Smith,SWE,DF,0,0,0,0
12,Cameron Devlin,AUS,MF,0,0,0,0
12,Mathew Ryan,AUS,GK,0,0,0,0
12,Sherzod Nasrullaev,UZB,DF,0,2,16,2
12,Yunus Akgun,TUR,FW,0,3,12,4
12,Nando Pijnaker,NZL,DF,0,0,0,0
12,Sarpreet Singh,NZL,MF,0,6,87,5
12,Eric Garcia,ESP,DF,0,0,0,0
12,Ermedin Demirovic,BIH,FW,0,17,110,10
12,Denis Visinsky,CZE,FW,0,4,20,0
12,Joan Garcia,ESP,GK,0,0,0,0
12,Mojmir Chytil,CZE,FW,0,1,4,1
12,David Doudera,CZE,DF,0,1,23,0
12,Breel Embolo,SUI,FW,0,24,82,12
12,Daniel Svensson,SWE,DF,0,1,2,1
12,Benjamin Tahirovic,BIH,MF,0,11,77,7
12,Elliot Stroud,SWE,DF,0,2,4,0
12,Amar Dedic,BIH,DF,0,12,59,8
12,Jason Geria,AUS,DF,0,1,21,3
12,Marc Cucurella,ESP,DF,0,4,22,6
12,Findlay Curtis,SCO,FW,0,1,12,0
12,Marcos Llorente,ESP,DF,0,5,18,4
12,Callan Elliot,NZL,DF,0,0,4,1
12,Ferran Torres,ESP,FW,0,2,43,7
12,Jesse Randall,NZL,FW,0,1,3,1
12,Tyler Bindon,NZL,DF,0,2,1,0
12,Alex Baena,ESP,MF,0,3,19,1
12,Behruzjon Karimov,UZB,DF,0,5,55,7
12,Robin Hranac,CZE,DF,0,15,37,15
12,Logan Rogerson,NZL,FW,0,0,0,0
12,Otabek Shukurov,UZB,MF,0,3,77,11
12,Lachlan Bayliss,NZL,MF,0,0,0,0
12,Arda Guler,TUR,FW,0,10,28,3
12,Kaan Ayhan,TUR,MF,0,0,0,0
12,Milos Degenek,AUS,DF,0,0,0,0
12,Igor Sergeev,UZB,FW,0,0,17,2
12,Alexander Isak,SWE,FW,0,1,41,8
12,Gustaf Nilsson,SWE,FW,0,0,0,0
12,Jacob Italiano,AUS,DF,0,6,83,14
12,Ardon Jashari,SUI,MF,0,0,0,0
12,Armin Gigovic,BIH,MF,0,3,11,3
12,Tomas Chory,CZE,FW,0,0,14,1
12,Lucas Bergvall,SWE,MF,0,5,22,4
12,Victor Munoz,ESP,FW,0,0,0,0
12,David Raya,ESP,GK,0,0,0,0
12,Jordan Bos,AUS,DF,0,15,56,16
12,Ozan Kabak,TUR,DF,0,0,0,0
12,Stepan Chaloupek,CZE,DF,0,1,22,15
12,Zeki Amdouni,SUI,FW,0,1,6,2
12,Vladimir Darida,CZE,MF,0,10,34,1
12,Lamine Yamal,ESP,FW,0,6,8,2
12,Nico Elvedi,SUI,DF,0,5,15,6
12,Ismail Yuksek,TUR,MF,0,16,34,13
12,Matej Kovar,CZE,GK,0,0,0,0
12,Utkir Yusupov,UZB,GK,0,0,0,0
12,Aurele Amenda,SUI,DF,0,0,0,0
12,Mert Muldur,TUR,DF,0,1,8,5
12,Farrukh Sayfiev,UZB,DF,0,1,5,0
12,Patrik Schick,CZE,FW,0,7,74,4
12,Fabian Rieder,SUI,MF,0,6,57,5
12,Abdukodir Khusanov,UZB,DF,0,10,14,3
12,Cedric Itten,SUI,FW,0,1,7,1
12,Connor Metcalfe,AUS,MF,0,6,74,4
12,Vladimir Coufal,CZE,DF,0,5,49,10
12,Yasin Ayari,SWE,MF,0,6,47,10
12,Liam Kelly,SCO,GK,0,0,0,0
12,Lucas Herrington,AUS,DF,0,0,0,0
12,Yeremy Pino,ESP,FW,0,3,17,4
12,Tarik Muharemovic,BIH,DF,0,7,14,7
12,Nihad Mujakic,BIH,DF,0,0,0,0
12,Sead Kolasinac,BIH,DF,0,9,33,15
12,Paul Izzo,AUS,GK,0,0,0,0
12,Zeki Celik,TUR,DF,0,1,20,5
12,Tomas Soucek,CZE,MF,0,4,42,5
12,Ken Sema,SWE,MF,0,0,0,0
12,Mathew Leckie,AUS,FW,0,2,30,4
12,Callum Mccowatt,NZL,MF,0,7,48,9
12,Kamaldeen Sulemana,GHA,FW,0,0,31,6
12,Pape Matar Sarr,SEN,MF,0,1,12,3
12,Alidu Seidu,GHA,DF,0,0,0,0
12,Carlens Arcus,HAI,DF,0,12,34,11
12,Christopher Operi,CIV,DF,0,0,0,0
12,Khuliso Mudau,RSA,DF,0,30,69,12
12,Hamdy Fathy,EGY,MF,0,3,32,12
12,Haissem Hassan,EGY,FW,0,0,0,0
12,Gilson Benchimol,CPV,FW,0,4,37,3
12,Ayoube Amaimouni,MAR,FW,0,4,10,3
12,Wilguens Paugain,HAI,DF,0,0,0,0
12,Hannes Delcroix,HAI,DF,0,9,21,9
12,Yannick Semedo,CPV,MF,0,2,6,0
12,Iliman Ndiaye,SEN,FW,0,0,8,1
12,Gessime Yassine,MAR,MF,0,0,5,2
12,Ahmed Fatouh,EGY,DF,0,20,43,8
12,Telmo Arcanjo,CPV,MF,0,6,27,1
12,Samir El Mourabet,MAR,MF,0,3,19,2
12,Owen Goodman,CAN,GK,0,0,0,0
12,Bara Sapoko Ndiaye,SEN,MF,0,0,0,0
12,Jean Michael Seri,CIV,MF,0,0,0,0
12,Pape Gueye,SEN,MF,0,4,19,2
12,Habib Diarra,SEN,MF,0,1,19,6
12,Youssef Belammari,MAR,DF,0,0,0,0
12,Sphephelo Sithole,RSA,MF,0,4,44,6
12,Joao Paulo,CPV,MF,0,3,11,1
12,Hazem Mastouri,TUN,FW,0,0,0,0
12,Moutaz Neffati,TUN,DF,0,0,0,0
12,Karim Hafez,EGY,DF,0,0,3,1
12,Chemsdine Talbi,MAR,MF,0,1,18,1
12,Emam Ashour,EGY,MF,0,2,31,3
12,Franck Kessie,CIV,MF,0,8,61,5
12,Redouane Halhal,MAR,DF,0,0,4,3
12,Moise Bombito,CAN,DF,0,0,0,0
12,Martin Experience,HAI,DF,0,26,91,26
12,Aubrey Modiba,RSA,DF,0,11,57,12
12,Mahdy Soliman,EGY,GK,0,0,0,0
12,Thabang Matuludi,RSA,DF,0,0,0,0
12,Zizo,EGY,FW,0,3,5,0
12,Ayyoub Bouaddi,MAR,MF,0,8,56,17
12,Elias Saad,TUN,FW,0,6,53,3
12,Zakaria El Ouahdi,MAR,DF,0,0,0,0
12,Nabil Donga,EGY,MF,0,0,0,0
12,Nicolas Pepe,CIV,FW,0,4,47,4
12,Stephen Eustaquio,CAN,MF,0,8,32,5
12,El Hadji Malick Diouf,SEN,DF,0,13,31,5
12,Alban Lafont,CIV,GK,0,0,0,0
12,Neil El Aynaoui,MAR,MF,0,18,60,27
12,Jonathan Osorio,CAN,MF,0,0,1,1
12,Bilal El Khannouss,MAR,MF,0,8,69,12
12,Ali Ahmed,CAN,FW,0,12,65,6
12,Ricardo Goss,RSA,GK,0,0,0,0
12,Ime Okon,RSA,DF,0,2,19,4
12,Mohamed Hadj Mahmoud,TUN,MF,0,0,9,4
12,Seko Fofana,CIV,MF,0,3,28,1
12,Markhus Lacroix,HAI,DF,0,0,0,0
12,Chadi Riad,MAR,DF,0,7,22,10
12,Themba Zwane,RSA,MF,0,2,12,0
12,Ismael Saibari,MAR,MF,0,26,128,12
12,Jean Kevin Duverne,HAI,DF,0,3,56,9
12,Azzedine Ounahi,MAR,MF,0,6,88,5
12,Ronwen Williams,RSA,GK,0,0,0,0
12,Mohanad Lashin,EGY,MF,0,5,69,26
12,Lenny Joseph,HAI,FW,0,4,43,5
12,Sabri Ben Hessen,TUN,GK,0,0,0,0
12,Luc De Fougerolles,CAN,DF,0,13,27,13
12,Ismael Gharbi,TUN,MF,0,2,23,2
12,Yahia Fofana,CIV,GK,0,0,0,0
12,Raed Chikhaoui,TUN,DF,0,0,0,0
12,Yasser Ibrahim,EGY,DF,0,10,13,6
12,Soufiane Rahimi,MAR,FW,0,0,19,3
12,Brahim Diaz,MAR,FW,0,10,75,6
12,Adam Arous,TUN,DF,0,0,0,0
12,Kamogelo Sebelebele,RSA,FW,0,1,4,0
12,Yan Valery,TUN,DF,0,10,41,5
12,Anass Salah Eddine,MAR,DF,0,0,18,8
12,Ghislain Konan,CIV,DF,0,9,50,6
12,Marawan Attia,EGY,MF,0,10,61,12
12,Richie Laryea,CAN,DF,0,14,42,14
12,Noussair Mazraoui,MAR,DF,0,20,31,8
12,Evan Ndicka,CIV,DF,0,0,0,0
12,Moussa Niakhate,SEN,DF,0,8,11,3
12,Teboho Mokoena,RSA,MF,0,7,68,18
12,Mostafa Zico,EGY,MF,0,6,62,13
12,Niko Sigur,CAN,DF,0,0,0,0
12,Amad Diallo,CIV,FW,0,6,35,8
12,Cyle Larin,CAN,FW,0,8,69,5
12,Ayoub El Kaabi,MAR,FW,0,2,25,7
12,Lyle Foster,RSA,FW,0,1,25,1
12,Issa Diop,MAR,DF,0,1,6,1
12,Trezeguet,EGY,FW,0,1,13,2
12,Achraf Hakimi,MAR,DF,0,9,38,14
12,Oswin Appollis,RSA,FW,0,8,87,6
12,Elias Achouri,TUN,FW,0,1,8,3
12,Ruben Providence,HAI,FW,0,7,100,9
12,Liam Millar,CAN,MF,0,3,20,9
12,Ibrahim Sangare,CIV,MF,0,6,40,7
12,Frantzdy Pierrot,HAI,FW,0,3,41,3
12,Tani Oluwaseyi,CAN,FW,0,5,28,3
12,Hossam Abdelmaguid,EGY,DF,0,1,3,0
12,Bradley Cross,RSA,DF,0,0,0,0
12,Parfait Guiagon,CIV,MF,0,0,0,0
12,Pathe Ciss,SEN,MF,0,1,6,3
12,Munir El Kajoui,MAR,GK,0,0,0,0
12,Jonathan David,CAN,FW,0,28,96,10
12,Sofyan Amrabat,MAR,MF,0,5,26,13
12,Ahmed Reda Tagnaouti,MAR,GK,0,0,0,0
12,Mortadha Ben Ouanes,TUN,DF,0,0,0,0
12,Promise David,CAN,FW,0,3,5,0
12,Wilfried Singo,CIV,DF,0,13,24,12
12,Ramy Rabia,EGY,DF,0,2,12,6
12,Tajon Buchanan,CAN,FW,0,12,52,11
12,Mahmoud Saber,EGY,MF,0,0,0,0
12,Evidence Makgopa,RSA,FW,0,11,50,6
12,Augustine Boakye,GHA,MF,0,0,0,0
12,Danley Jean Jacques,HAI,MF,0,11,78,25
12,Woodensky Pierre,HAI,MF,0,0,0,0
12,Mohamed Amine Ben Hmida,TUN,DF,0,4,21,7
12,Marvin Senaya,GHA,DF,0,12,53,15
12,Aymen Dahmen,TUN,GK,0,0,0,0
12,Montassar Talbi,TUN,DF,0,3,9,4
12,Samukele Kabini,RSA,DF,0,0,0,0
12,Ange Yoan Bonny,CIV,FW,0,3,60,4
12,Hamza Abdelkarim,EGY,FW,0,4,21,4
12,Derrick Luckassen,GHA,DF,0,0,0,0
12,Alfie Jones,CAN,DF,0,0,0,0
12,Cherif Ndiaye,SEN,FW,0,0,0,0
12,Elye Wahi,CIV,FW,0,4,37,1
12,Prince Adu,GHA,FW,0,0,19,4
12,Nkosinathi Sibisi,RSA,DF,0,2,15,6
12,Kevin Pina,CPV,MF,0,6,48,15
12,Rayan Elloumi,TUN,FW,0,0,0,0
12,Kojo Peprah Oppong,GHA,DF,0,0,3,0
12,Tarek Alaa,EGY,DF,0,0,0,0
12,Kwasi Sibo,GHA,MF,0,2,39,6
12,Ricardo Ade,HAI,DF,0,3,24,5
12,Oumar Diakite,CIV,FW,0,0,0,0
12,Ismail Jakobs,SEN,DF,0,0,7,3
12,Mohamed Salah,EGY,FW,0,11,49,8
12,Caleb Yirenkyi,GHA,MF,0,7,74,10
12,Josue Duverger,HAI,GK,0,0,0,0
12,Simon Adingra,CIV,FW,0,0,11,1
12,Assane Diao,SEN,FW,0,0,0,0
12,Nathan Saliba,CAN,MF,0,2,25,10
12,Thapelo Maseko,RSA,FW,0,7,63,14
12,Alexandre Pierre,HAI,GK,0,0,0,0
12,Joseph Anang,GHA,GK,0,0,0,0
12,Mbekezeli Mbokazi,RSA,DF,0,8,42,13
12,Jonas Adjetey,GHA,DF,0,3,15,4
12,Christopher Bonsu Baah,GHA,FW,0,0,0,0
12,Jean Ricner Bellegarde,HAI,MF,0,13,89,17
12,Hannibal Mejbri,TUN,MF,0,10,85,13
12,Louicius Deedson,HAI,FW,0,3,30,4
12,Johny Placide,HAI,GK,0,0,0,0
12,Jayden Adams,RSA,MF,0,2,43,2
12,Ousmane Diomande,CIV,DF,0,0,0,0
12,Lamine Camara,SEN,MF,0,6,80,11
12,Mohamed Alaa,EGY,GK,0,0,0,0
12,Jordan Ayew,GHA,FW,0,10,109,14
12,Odilon Kossounou,CIV,DF,0,1,4,1
12,Benjamin Asare,GHA,GK,0,0,0,0
12,Iqraam Rayners,RSA,FW,0,7,81,2
12,Anis Slimane,TUN,MF,0,2,48,4
12,Brandon Thomas Asante,GHA,FW,0,3,19,0
12,Tshepang Moremi,RSA,FW,0,1,14,1
12,Omar Rekik,TUN,DF,0,5,17,5
12,Evann Guessand,CIV,FW,0,2,9,2
12,Jerome Opoku,GHA,DF,0,5,9,7
12,Duckens Nazon,HAI,FW,0,1,6,0
12,Relebohile Mofokeng,RSA,FW,0,4,84,7
12,Baba Rahman,GHA,DF,0,0,0,0
12,Antoine Semenyo,GHA,MF,0,21,57,10
12,Ernest Nuamah,GHA,FW,0,1,41,5
12,Derrick Etienne,HAI,FW,0,0,2,0
12,Mohamed Kone,CIV,GK,0,0,0,0
12,Khalil Ayari,TUN,MF,0,0,0,0
12,Christ Inao Oulai,CIV,MF,0,13,41,10
12,Jayden Nelson,CAN,FW,0,0,0,0
12,Khulumani Ndamane,RSA,DF,0,0,0,0
12,Carl Sainte,HAI,MF,0,0,0,0
12,Alphonso Davies,CAN,DF,0,0,0,0
12,Sipho Chaine,RSA,GK,0,0,0,0
12,Emmanuel Agbadou,CIV,DF,0,4,23,5
12,Abdul Fatawu,GHA,FW,0,5,25,3
12,Thalente Mbatha,RSA,MF,0,8,83,13
12,Yan Diomande,CIV,FW,0,6,70,12
12,Thomas Partey,GHA,MF,0,3,14,6
12,Ali Abdi,TUN,DF,0,17,50,17
12,Yassin Fortune,HAI,FW,0,0,0,0
12,Maxime Crepeau,CAN,GK,0,0,0,0
12,Lawrence Ati Zigi,GHA,GK,0,0,0,0
12,Elisha Owusu,GHA,MF,0,3,18,6
12,Nicolas Jackson,SEN,FW,0,7,89,13
12,Abdul Mumin,GHA,DF,0,0,0,0
12,Wilson Isidor,HAI,FW,0,7,88,1
12,Mohamed Abdelmoneim,EGY,DF,0,0,0,0
12,Guela Doue,CIV,DF,0,3,31,7
12,Olwethu Makhanya,RSA,DF,0,0,0,0
12,Dayne St Clair,CAN,GK,0,0,0,0
12,Jovane Cabral,CPV,MF,0,12,46,4
12,Bazoumana Toure,CIV,FW,0,2,33,2
12,Gideon Mensah,GHA,DF,0,5,38,12
12,Inaki Williams,GHA,FW,0,0,28,2
12,Garven Metusala,HAI,DF,0,0,0,0
12,Laros Duarte,CPV,MF,0,4,61,2
12,Mathieu Choiniere,CAN,MF,0,2,19,2
12,Rani Khedira,TUN,MF,0,4,17,4
12,Bamba Dieng,SEN,FW,0,2,15,0
12,Yehvann Diouf,SEN,GK,0,0,0,0
12,Derek Cornelius,CAN,DF,0,4,20,4
12,Krepin Diatta,SEN,DF,0,3,21,3
12,Ellyes Skhiri,TUN,MF,0,9,29,7
12,Sebastian Tounekti,TUN,MF,0,1,31,1
12,Keeto Thermoncy,HAI,DF,0,0,0,0
12,Ismaila Sarr,SEN,FW,0,3,57,9
12,Antoine Mendy,SEN,DF,0,0,0,0
12,Kelvin Pires,CPV,DF,0,0,0,0
12,Ismael Kone,CAN,MF,0,8,25,5
12,Mostafa Shoubir,EGY,GK,0,0,0,0
12,Dylan Bronn,TUN,DF,0,1,4,1
12,Abdoulaye Seck,SEN,DF,0,0,0,0
12,Joel Waterman,CAN,DF,0,0,0,0
12,Dailon Livramento,CPV,FW,0,1,28,1
12,Sadio Mane,SEN,FW,0,7,77,7
12,Ibrahim Mbaye,SEN,FW,0,0,15,1
12,Ibrahim Adel,EGY,FW,0,2,4,2
12,Firas Chaouat,TUN,FW,0,0,11,0
12,Kalidou Koulibaly,SEN,DF,0,3,21,5
12,Omar Marmoush,EGY,FW,0,20,50,4
12,Wagner Pina,CPV,DF,0,0,0,0
12,Idrissa Gana Gueye,SEN,MF,0,16,53,10
12,Jacob Shaffelburg,CAN,MF,0,4,12,4
12,Mohamed Elshenawy,EGY,GK,0,0,0,0
12,Alistair Johnston,CAN,DF,0,5,28,7
12,Edouard Mendy,SEN,GK,0,0,0,0
12,Mory Diaw,SEN,GK,0,0,0,0
12,Mouhib Chamakh,TUN,GK,0,0,0,0
12,Mamadou Sarr,SEN,DF,0,0,0,0
12,Jearl Margaritha,CUW,FW,0,3,23,1
12,Kenji Gorre,CUW,FW,0,0,8,1
12,Roshon Van Eijma,CUW,DF,0,1,5,3
12,Ermin Mahmic,BIH,MF,0,1,27,3
12,Martin Zlomislic,BIH,GK,0,0,0,0
12,Jurien Gaari,CUW,DF,0,4,20,9
12,Kevin Felida,CUW,MF,0,0,0,0
12,Kerim Alajbegovic,BIH,FW,0,7,70,8
12,Sherel Floranus,CUW,DF,0,4,63,13
12,Juninho Bacuna,CUW,MF,0,11,91,9
12,Jeremy Antonisse,CUW,FW,0,1,26,2
12,Sontje Hansen,CUW,FW,0,2,31,1
12,Gervane Kastaneer,CUW,FW,0,0,9,2
12,Trevor Doornbusch,CUW,GK,0,0,0,0
12,Godfried Roemeratoe,CUW,MF,0,0,4,0
12,Juergen Locadia,CUW,FW,0,4,46,3
12,Eloy Room,CUW,GK,0,0,0,0
12,Tyrese Noslin,CUW,FW,0,0,0,0
12,Amar Memic,BIH,MF,0,11,52,9
12,Armando Obispo,CUW,DF,0,2,18,9
12,Tyrick Bodak,CUW,GK,0,0,0,0
12,Leandro Bacuna,CUW,MF,0,14,73,11
12,Shurandy Sambo,CUW,DF,0,0,0,0
12,Brandley Kuwas,CUW,FW,0,0,0,0
12,Joshua Brenet,CUW,DF,0,14,50,4
12,Jovo Lukic,BIH,FW,0,5,34,2
12,Livano Comenencia,CUW,MF,0,8,79,13
12,Deveron Fonville,CUW,DF,0,7,51,10
12,Mladen Jurkas,BIH,GK,0,0,0,0
12,Tahith Chong,CUW,MF,0,2,76,4
12,Arjany Martha,CUW,MF,0,0,0,0
12,Riechedly Bazoer,CUW,DF,0,1,11,3
12,Noor Alrawabdeh,JOR,MF,0,14,107,14
12,Keisuke Osako,JPN,GK,0,0,0,0
12,Achref Abada,ALG,DF,0,0,0,0
12,Cedric Bakambu,COD,FW,0,5,68,3
12,Merchas Doski,IRQ,DF,0,2,49,20
12,Logan Costa,CPV,DF,0,0,0,0
12,Yassine Titraoui,ALG,MF,0,0,0,0
12,Danial Iri,IRN,DF,0,0,0,0
12,Ramin Rezaeian,IRN,DF,0,8,47,4
12,Hassan Kadish,KSA,DF,0,0,0,0
12,Amirmohammad Razaghinia,IRN,MF,0,0,0,0
12,Dennis Dargahi,IRN,FW,0,0,0,0
12,Mohammed Muntari,QAT,FW,0,0,0,0
12,Feras Albrikan,KSA,FW,0,6,95,6
12,Song Bumkeun,KOR,GK,0,0,0,0
12,Gedeon Kalulu,COD,DF,0,0,3,3
12,Steve Kapuadi,COD,DF,0,6,18,6
12,Ehsan Haddad,JOR,DF,0,11,51,14
12,Mohammad Abuzraiq,JOR,FW,0,0,5,2
12,Mousa Altamari,JOR,FW,0,10,53,3
12,Rajaei Ayed,JOR,MF,0,0,0,0
12,Alireza Jahanbakhsh,IRN,MF,0,1,18,0
12,Mohammad Abuhasheesh,JOR,DF,0,0,7,2
12,Sultan Albrake,QAT,DF,0,2,50,4
12,Paik Seungho,KOR,MF,0,2,31,5
12,Payam Niazmand,IRN,GK,0,0,0,0
12,Almoez Ali,QAT,FW,0,1,11,2
12,Mohamed Kanno,KSA,MF,0,7,50,3
12,Oh Hyeongyu,KOR,FW,0,4,51,5
12,Axel Tuanzebe,COD,DF,0,2,10,5
12,Nawaf Alaqidi,KSA,GK,0,0,0,0
12,Shogo Taniguchi,JPN,DF,0,1,5,2
12,Ibrahim Maza,ALG,MF,0,12,65,7
12,Deroy Duarte,CPV,MF,0,3,50,10
12,Aissa Mandi,ALG,DF,0,0,6,1
12,Abdulelah Alamri,KSA,DF,0,5,13,3
12,Mohammed Alowais,KSA,GK,0,0,0,0
12,Youssef Amyn,IRQ,MF,0,2,25,4
12,Jalal Hassan,IRQ,GK,0,0,0,0
12,Adil Boulbina,ALG,FW,0,0,10,0
12,Aimar Sher,IRQ,MF,0,0,4,2
12,Nabil Bentaleb,ALG,MF,0,12,15,3
12,Khalid Alghannam,KSA,FW,0,0,6,0
12,Cho Wije,KOR,DF,0,0,0,0
12,Ali Jasim,IRQ,FW,0,15,29,6
12,Mohammad Aldaoud,JOR,MF,0,0,1,0
12,Abdallah Nasib,JOR,DF,0,10,24,5
12,Mohammad Ghorbani,IRN,MF,0,0,0,0
12,Sidny Lopes Cabral,CPV,DF,0,21,60,8
12,Nathanael Mbuku,COD,MF,0,0,5,1
12,Joris Kayembe,COD,DF,0,3,16,4
12,Milad Mohammadi,IRN,DF,0,21,34,13
12,Keito Nakamura,JPN,MF,0,4,43,6
12,Saleh Hardani,IRN,DF,0,3,28,4
12,Ehsan Hajisafi,IRN,DF,0,1,27,2
12,Boualem Khoukhi,QAT,DF,0,5,21,12
12,Kim Taehyeon,KOR,DF,0,0,0,0
12,Mehdi Taremi,IRN,FW,0,15,68,6
12,Rafik Belghali,ALG,DF,0,6,33,6
12,Ahmed Alkassar,KSA,GK,0,0,0,0
12,Pico Lopes,CPV,DF,0,4,18,6
12,Simon Banza,COD,FW,0,3,25,3
12,Mahmoud Almardi,JOR,FW,0,4,48,10
12,Fahad Talib,IRQ,GK,0,0,0,0
12,Nizar Alrashdan,JOR,MF,0,8,96,15
12,Hussein Ali,IRQ,DF,0,9,20,3
12,Brian Cipenga,COD,FW,0,0,0,0
12,Fares Chaibi,ALG,MF,0,13,79,10
12,Abdullah Alhamddan,KSA,FW,0,2,52,4
12,Ramiz Zerrouki,ALG,MF,0,0,12,2
12,Jo Hyeonwoo,KOR,GK,0,0,0,0
12,Kento Shiogai,JPN,FW,0,0,6,2
12,Fiston Mayele,COD,FW,0,0,0,0
12,Mohannad Abutaha,JOR,MF,0,20,71,16
12,Abdullah Alkhaibari,KSA,MF,0,6,67,3
12,Ayumu Seko,JPN,DF,0,0,0,0
12,Salem Aldawsari,KSA,FW,0,14,96,8
12,Lee Kangin,KOR,MF,0,11,81,4
12,Matthieu Epolo,COD,GK,0,0,0,0
12,Lee Taeseok,KOR,DF,0,4,25,5
12,Ala Alhajji,KSA,MF,0,1,7,1
12,Frans Putros,IRQ,DF,0,0,0,0
12,Mohamed Amine Tougai,ALG,DF,0,0,0,0
12,Gael Kakuta,COD,FW,0,0,0,0
12,Nasser Aldawsari,KSA,MF,0,5,56,9
12,Pedro Miguel,QAT,DF,0,6,36,8
12,Takehiro Tomiyasu,JPN,DF,0,3,13,5
12,Mohammad Mohebbi,IRN,MF,0,4,83,9
12,Arya Yousefi,IRN,DF,0,1,12,2
12,Willy Semedo,CPV,MF,0,2,21,2
12,Hicham Boudaoui,ALG,MF,0,4,45,5
12,Ramy Bensebaini,ALG,DF,0,4,24,10
12,Tomoki Hayakawa,JPN,GK,0,0,0,0
12,Lee Hanbeom,KOR,DF,0,5,41,22
12,Nour Baniateyah,JOR,GK,0,0,0,0
12,Aaron Wan Bissaka,COD,DF,0,6,57,8
12,Ngalayel Mukau,COD,MF,0,7,98,4
12,Melvin Mastil,ALG,GK,0,0,0,0
12,Abdallah Alfakhori,JOR,GK,0,0,0,0
12,Moteb Alharbi,KSA,DF,0,9,62,2
12,Riyad Mahrez,ALG,FW,0,18,38,7
12,Dylan Batubinsika,COD,DF,0,0,0,0
12,Ali Olwan,JOR,FW,0,7,86,6
12,Samir Chergui,ALG,DF,0,0,0,0
12,Ahmed Maknazi,IRQ,DF,0,0,0,0
12,Issa Laye,QAT,DF,0,7,30,6
12,Castrop Jens,KOR,DF,0,2,13,5
12,Meshaal Barsham,QAT,GK,0,0,0,0
12,Hassan Alhaydos,QAT,FW,0,8,46,1
12,Saud Abdulhamid,KSA,DF,0,10,56,11
12,Koki Ogawa,JPN,FW,0,1,9,0
12,Diney Borges,CPV,DF,0,4,12,8
12,Yang Hyunjun,KOR,MF,0,2,10,1
12,Steven Moreira,CPV,DF,0,6,44,1
12,Hossein Kanani,IRN,DF,0,0,12,3
12,Junnosuke Suzuki,JPN,DF,0,0,9,1
12,Husam Abudahab,JOR,DF,0,2,20,6
12,Ritsu Doan,JPN,MF,0,6,46,11
12,Alireza Beiranvand,IRN,GK,0,0,0,0
12,Aaron Tshibola,COD,MF,0,0,0,0
12,Park Jinseob,KOR,DF,0,1,1,0
12,Kim Minjae,KOR,DF,0,3,13,4
12,Akram Afif,QAT,FW,0,16,54,5
12,Ayoub Aloui,QAT,DF,0,2,38,5
12,Ali Nemati,IRN,DF,0,1,17,6
12,Rebin Sulaka,IRQ,DF,0,2,1,1
12,Kevin Yakob,IRQ,MF,0,0,0,0
12,Ali Majrashi,KSA,DF,0,0,0,0
12,Yukinari Sugawara,JPN,DF,0,0,9,2
12,Meschack Elia,COD,FW,0,0,0,0
12,Lee Gihyuk,KOR,MF,0,6,19,4
12,Mohammed Abu Alshamat,KSA,DF,0,9,55,10
12,Kim Seunggyu,KOR,GK,0,0,0,0
12,Kim Moonhwan,KOR,DF,0,11,19,2
12,Ali Alhamadi,IRQ,FW,0,9,53,11
12,Ali Alipour,IRN,FW,0,2,13,4
12,Yusuf Abdurisag,QAT,FW,0,8,60,8
12,Oussama Benbot,ALG,GK,0,0,0,0
12,Nadhir Benbouali,ALG,FW,0,6,19,4
12,Marcio Rosa,CPV,GK,0,0,0,0
12,Yuito Suzuki,JPN,MF,0,0,7,2
12,Jaouen Hadjam,ALG,DF,0,0,2,0
12,Mohammad Abualnadi,JOR,DF,0,2,6,3
12,Mustafa Saadoon,IRQ,DF,0,0,6,2
12,Ahmed Alganehi,QAT,MF,0,3,18,4
12,Saeid Ezatolahi,IRN,MF,0,8,69,16
12,Ayase Ueda,JPN,FW,0,3,90,7
12,Mohanad Ali,IRQ,FW,0,1,14,1
12,Anis Hadj Moussa,ALG,FW,0,2,25,0
12,Timothy Fayulu,COD,GK,0,0,0,0
12,Charles Pickel,COD,MF,0,3,25,3
12,Yoane Wissa,COD,FW,0,7,79,5
12,Mehdi Ghayedi,IRN,FW,0,3,13,2
12,Saleh Alshehri,KSA,FW,0,0,0,0
12,Hwang Inbeom,KOR,MF,0,20,62,10
12,Yazeed Abulaila,JOR,GK,0,0,0,0
12,Samuel Moutoussamy,COD,MF,0,12,72,13
12,Rayan Ait Nouri,ALG,DF,0,8,43,18
12,Zion Suzuki,JPN,GK,0,0,0,0
12,Cj Dos Santos,CPV,GK,0,0,0,0
12,Salah Zakaria,QAT,GK,0,0,0,0
12,Amer Jamous,JOR,MF,0,0,0,0
12,Abdulaziz Hatem,QAT,MF,0,1,20,0
12,Shoja Khalilzadeh,IRN,DF,0,7,22,9
12,Saman Ghoddos,IRN,MF,0,5,71,15
12,Garry Rodrigues,CPV,MF,0,3,17,0
12,Ali Yousif,IRQ,FW,0,0,0,0
12,Hiroki Ito,JPN,DF,0,15,18,10
12,Vozinha,CPV,GK,0,0,0,0
12,Tahsin Mohammed,QAT,FW,0,0,0,0
12,Fares Ghedjemis,ALG,FW,0,0,0,0
12,Ziyad Aljohani,KSA,MF,0,0,0,0
12,Kaishu Sano,JPN,MF,0,6,38,9
12,Ali Azaizeh,JOR,FW,0,1,10,1
12,Ibrahim Sadeh,JOR,MF,0,0,0,0
12,Sultan Mandash,KSA,FW,0,0,0,0
12,Cho Guesung,KOR,FW,0,4,13,1
12,Musab Aljuwayr,KSA,MF,0,4,80,6
12,Takefusa Kubo,JPN,MF,0,0,49,3
12,Seol Youngwoo,KOR,DF,0,6,41,6
12,Aiman Yahya,KSA,FW,0,0,0,0
12,Homam Ahmed,QAT,DF,0,3,45,6
12,Zaid Ismael,IRQ,MF,0,3,52,17
12,Karim Boudiaf,QAT,MF,0,2,29,3
12,Edo Kayembe,COD,MF,0,20,102,16
12,Hossein Hosseini,IRN,GK,0,0,0,0
12,Ryan Mendes,CPV,FW,0,6,49,7
12,Alhashmi Alhussein,QAT,DF,0,2,20,8
12,Lee Donggyeong,KOR,MF,0,0,0,0
12,Amir Alammari,IRQ,MF,0,16,33,8
12,Jamiro Monteiro,CPV,MF,0,3,66,11
12,Munaf Younus,IRQ,DF,0,0,0,0
12,Assim Madibo,QAT,MF,0,2,51,7
12,Hwang Heechan,KOR,MF,0,3,25,3
12,Jassem Gaber,QAT,DF,0,13,85,14
12,Mehdi Torabi,IRN,MF,0,1,13,1
12,Roozbeh Cheshmi,IRN,MF,0,0,0,0
12,Junya Ito,JPN,MF,0,4,39,1
12,Saed Alrosan,JOR,DF,0,1,3,1
12,Keisuke Goto,JPN,FW,0,1,6,3
12,Marko Farji,IRQ,FW,0,2,34,2
12,Saleem Obaid,JOR,DF,0,2,5,3
12,Lucas Mendes,QAT,DF,0,1,5,1
12,Zaid Tahseen,IRQ,DF,0,1,6,2
12,Bae Junho,KOR,MF,0,0,0,0
12,Zineddine Belaid,ALG,DF,0,0,2,2
12,Ahmed Alaaeldin,QAT,FW,0,2,22,4
12,Lee Jaesung,KOR,MF,0,10,46,6
12,Amirhossein Hosseinzadeh,IRN,FW,0,3,13,3
12,Lionel Mpasi,COD,GK,0,0,0,0
12,Nawaf Bu Washl,KSA,DF,0,1,8,1
12,Tsuyoshi Watanabe,JPN,DF,0,3,5,1
12,Akam Hashim,IRQ,DF,0,0,12,5
12,Ahmed Qasem,IRQ,FW,0,3,80,6
12,Nuno Da Costa,CPV,MF,0,2,15,2
12,Mohammad Abughoush,JOR,MF,0,0,0,0
12,Ahmed Fathy,QAT,MF,0,10,73,10
12,Zidane Iqbal,IRQ,MF,0,3,43,6
12,Ahmed Basil,IRQ,GK,0,0,0,0
12,Luca Zidane,ALG,GK,0,0,0,0
12,Daichi Kamada,JPN,MF,0,9,60,13
12,Stopira,CPV,DF,0,0,0,0
12,Shuto Machino,JPN,FW,0,0,0,0
12,Odeh Fakhoury,JOR,FW,0,6,61,4
12,Jehad Thikri,KSA,DF,0,0,0,0
12,Daizen Maeda,JPN,MF,0,1,44,6
12,Helio Varela,CPV,MF,0,1,15,1
12,Eom Jisung,KOR,MF,0,0,2,0
12,Arthur Masuaku,COD,DF,0,2,55,3
12,Anas Badawi,JOR,DF,0,0,0,0
12,Houssem Aouar,ALG,MF,0,3,12,0
12,Kim Jingyu,KOR,MF,0,3,16,3
12,Theo Bongonda,COD,MF,0,0,0,0
12,Noah Sadiki,COD,MF,0,2,61,6
12,Shahriyar Moghanloo,IRN,FW,0,5,36,4
12,Edmilson Junior,QAT,FW,0,5,66,11
12,Son Heungmin,KOR,FW,0,9,54,0
12,Amine Gouiri,ALG,FW,0,5,69,9
12,Ao Tanaka,JPN,MF,0,4,37,11
12,Ibrahim Bayesh,IRQ,MF,0,6,71,8
12,Ali Lajami,KSA,DF,0,3,3,0
12,Kou Itakura,JPN,DF,0,2,2,1
12,Chancel Mbemba,COD,DF,0,4,13,5
12,Mohamed Amoura,ALG,FW,0,2,32,1
12,Daniel Munoz,COL,DF,0,8,28,7
12,Cesar Samudio,PAN,GK,0,0,0,0
12,Kevin Rodriguez,ECU,FW,0,0,10,4
12,Cesar Yanis,PAN,MF,0,0,0,0
12,Fabinho,BRA,MF,0,1,24,5
12,Anthony Valencia,ECU,MF,0,0,0,0
12,Nilson Angulo,ECU,FW,0,1,18,6
12,Azarias Londono,PAN,FW,0,0,14,3
12,Juan Musso,ARG,GK,0,0,0,0
12,Gonzalo Valle,ECU,GK,0,0,0,0
12,Joel Ordonez,ECU,DF,0,2,9,3
12,Cesar Blackman,PAN,DF,0,7,41,12
12,Alan Minda,ECU,MF,0,1,28,1
12,Orlando Mosquera,PAN,GK,0,0,0,0
12,Willian Pacho,ECU,DF,0,5,25,10
12,Jiovany Ramos,PAN,DF,0,3,29,18
12,Denil Castillo,ECU,MF,0,0,0,0
12,Andres Andrade,PAN,DF,0,4,20,10
12,Hernan Galindez,ECU,GK,0,0,0,0
12,Edgardo Farina,PAN,DF,0,0,0,0
12,Yaimar Medina,ECU,DF,0,0,0,0
12,Moises Caicedo,ECU,MF,0,7,39,16
12,Kendry Paez,ECU,MF,0,0,0,0
12,Jorge Gutierrez,PAN,DF,0,0,0,0
12,Tim Ream,USA,DF,0,2,9,5
12,Pedro Vite,ECU,MF,0,22,59,15
12,Jeremy Arevalo,ECU,FW,0,0,0,0
12,Leo Pereira,BRA,DF,0,0,0,0
12,Tomas Rodriguez,PAN,FW,0,0,1,0
12,Cristian Roldan,USA,MF,0,0,0,0
12,Gatito Fernandez,PAR,GK,0,0,0,0
12,Piero Hincapie,ECU,DF,0,5,45,18
12,Carlos Harvey,PAN,DF,0,27,34,13
12,Gustavo Gomez,PAR,DF,0,4,20,7
12,Gonzalo Plata,ECU,FW,0,8,63,5
12,Ederson,BRA,GK,0,0,0,0
12,Tyler Adams,USA,MF,0,14,29,13
12,Junior Alonso,PAR,DF,0,23,64,9
12,Jose Cordoba,PAN,DF,0,3,15,7
12,Jordy Alcivar,ECU,MF,0,1,12,7
12,Alexis Mac Allister,ARG,MF,0,7,64,15
12,Weston Mckennie,USA,MF,0,8,46,9
12,Miguel Almiron,PAR,MF,0,12,69,9
12,Jose Luis Rodriguez,PAN,MF,0,9,54,8
12,Jackson Porozo,ECU,DF,0,2,2,0
12,Antonio Sanabria,PAR,FW,0,4,32,1
12,Jose Fajardo,PAN,FW,0,14,76,16
12,Christian Pulisic,USA,FW,0,1,9,1
12,Andres Cubas,PAR,MF,0,12,107,32
12,Moises Ramirez,ECU,GK,0,0,0,0
12,Rodrigo De Paul,ARG,MF,0,3,54,6
12,Alejandro Romero Gamarra,PAR,FW,0,3,13,5
12,Edgar Yoel Barcenas,PAN,MF,0,6,54,4
12,John Yeboah,ECU,FW,0,23,28,10
12,Douglas Santos,BRA,DF,0,5,57,19
12,Philipp Lienhart,AUT,DF,0,0,4,3
12,Auston Trusty,USA,DF,0,1,4,1
12,Fabian Balbuena,PAR,DF,0,0,0,0
12,Cristian Martinez,PAN,MF,0,5,68,12
12,Jordy Caicedo,ECU,FW,0,0,0,0
12,Haji Wright,USA,FW,0,0,0,0
12,Braian Ojeda,PAR,MF,0,0,0,0
12,Adalberto Carrasquilla,PAN,MF,0,0,0,0
12,Felix Torres,ECU,DF,0,0,0,0
12,Matias Galarza,PAR,MF,0,5,51,14
12,Alex Zendejas,USA,FW,0,0,0,0
12,Angelo Preciado,ECU,DF,0,3,12,1
12,Omar Alderete,PAR,DF,0,3,4,1
12,Amir Murillo,PAN,DF,0,7,35,12
12,Alan Franco,ECU,MF,0,6,20,5
12,Weverton,BRA,GK,0,0,0,0
12,Sergino Dest,USA,DF,0,8,46,3
12,Julio Enciso,PAR,FW,0,6,68,4
12,Fidel Escobar,PAN,DF,0,0,0,0
12,Pervis Estupinan,ECU,DF,0,2,20,2
12,Gaston Olveira,PAR,GK,0,0,0,0
12,Nico Gonzalez,ARG,MF,0,5,26,0
12,Josue Casimir,HAI,FW,0,9,81,13
12,Ismael Diaz,PAN,MF,0,0,7,1
12,Timothy Weah,USA,FW,0,2,10,2
12,Ramon Sosa,PAR,MF,0,0,12,1
12,Roderick Miller,PAN,DF,0,0,0,0
12,Enner Valencia,ECU,FW,0,4,45,7
12,Brenden Aaronson,USA,FW,0,0,0,0
12,Gabriel Avalos,PAR,FW,0,1,4,1
12,Cecilio Waterman,PAN,FW,0,7,19,2
12,Alex Sandro,BRA,DF,0,0,4,2
12,Andres Gomez,COL,FW,0,0,1,1
12,Diego Gomez,PAR,MF,0,6,79,17
12,Juan Portilla,COL,MF,0,0,0,0
12,Eric Davis,PAN,DF,0,0,1,1
12,Thiago Almada,ARG,FW,0,18,39,4
12,Chris Richards,USA,DF,0,2,10,8
12,Willer Ditta,COL,DF,0,0,0,0
12,Juan Jose Caceres,PAR,DF,0,3,72,20
12,Alberto Quintero,PAN,MF,0,0,0,0
12,Giovanni Reyna,USA,MF,0,0,9,1
12,Alex Arce,PAR,FW,0,1,18,4
12,Richard Rios,COL,MF,0,0,11,8
12,Anibal Godoy,PAN,MF,0,0,2,1
12,Mark Mckenzie,USA,DF,0,0,0,0
12,Gustavo Caballero,PAR,MF,0,0,0,0
12,Jhon Arias,COL,MF,0,6,34,11
12,Kevin Castano,COL,MF,0,1,7,0
12,Gustavo Velazquez,PAR,DF,0,2,11,2
12,Luis Mejia,PAN,GK,0,0,0,0
12,Vinicius Junior,BRA,FW,0,6,92,5
12,Ricardo Pepi,USA,FW,0,7,23,10
12,Cristian Romero,ARG,DF,0,4,18,11
12,Isidro Pitta,PAR,FW,0,2,26,3
12,Armando Gonzalez,MEX,FW,0,0,7,0
12,Gustavo Puerta,COL,DF,0,8,41,9
12,Joe Scally,USA,DF,0,1,1,0
12,Orlando Gill,PAR,GK,0,1,0,0
12,Mateo Chavez,MEX,DF,0,5,18,3
12,Danilo,BRA,DF,0,3,21,1
12,Jhon Lucumi,COL,DF,0,4,10,4
12,Mauricio,PAR,MF,0,7,20,1
12,Miles Robinson,USA,DF,0,0,0,0
12,Gilberto Mora,MEX,MF,0,5,34,1
12,Alexandro Maidana,PAR,DF,0,1,6,1
12,Antonee Robinson,USA,DF,0,6,29,7
12,Luis Suarez,COL,FW,0,4,31,6
12,Jose Canale,PAR,DF,0,1,5,2
12,Raul Rangel,MEX,GK,0,0,0,0
12,Fernando Muslera,URU,GK,0,0,0,0
12,Brian Gutierrez,MEX,MF,0,13,44,5
12,Luis Diaz,COL,FW,0,7,26,2
12,Facundo Medina,ARG,DF,0,11,42,8
12,Malik Tillman,USA,MF,0,7,47,11
12,Rodrigo Aguirre,URU,FW,0,0,0,0
12,Obed Vargas,MEX,MF,0,2,14,2
12,Jorge Carrascal,COL,MF,0,0,0,0
12,Matt Turner,USA,GK,0,0,0,0
12,Giorgian De Arrascaeta,URU,MF,0,0,0,0
12,Cucho Hernandez,COL,FW,0,0,4,1
12,Alex Freeman,USA,DF,0,11,19,7
12,Jose Maria Gimenez,URU,DF,0,0,0,0
12,Luis Chavez,MEX,MF,0,1,4,3
12,Jaminton Campaz,COL,FW,0,1,8,0
12,Lucas Paqueta,BRA,MF,0,7,88,15
12,Guillermo Varela,URU,DF,0,5,13,4
12,Israel Reyes,MEX,DF,0,3,11,2
12,Marquinhos,BRA,DF,0,6,19,2
12,Sergio Rochet,URU,GK,0,0,0,0
12,Yerry Mina,COL,DF,0,0,0,0
12,Chris Brady,USA,GK,0,0,0,0
12,Carlos Acevedo,MEX,GK,0,0,0,0
12,Rodrigo Bentancur,URU,MF,0,6,37,6
12,Jefferson Lerma,COL,MF,0,8,31,3
12,Folarin Balogun,USA,FW,0,13,52,4
12,Agustin Canobbio,URU,MF,0,7,47,8
12,Alexis Vega,MEX,FW,0,1,3,0
12,Johan Mojica,COL,DF,0,6,14,1
12,Max Arfsten,USA,DF,0,0,0,0
12,Nico Paz,ARG,FW,0,0,18,1
12,Federico Valverde,URU,MF,0,19,39,5
12,Luis Romo,MEX,MF,0,12,38,6
12,Deiver Machado,COL,DF,0,0,0,0
12,Mathias Olivera,URU,DF,0,4,25,8
12,Santiago Gimenez,MEX,FW,0,1,18,0
12,Davinson Sanchez,COL,DF,0,11,15,10
12,Sebastian Berhalter,USA,MF,0,6,28,7
12,Matias Vina,URU,DF,0,4,8,0
12,Alvaro Montero,COL,GK,0,0,0,0
12,Santiago Mele,URU,GK,0,0,0,0
12,Julian Quinones,MEX,FW,0,8,115,4
12,Matt Freese,USA,GK,0,0,0,0
12,Nicolas De La Cruz,URU,MF,0,4,9,1
12,Johan Vasquez,MEX,DF,0,5,7,2
12,Jhon Cordoba,COL,FW,0,2,5,0
12,Lionel Messi,ARG,FW,0,4,44,10
12,Neymar Jr,BRA,FW,0,0,10,1
12,Santiago Bueno,URU,DF,0,0,0,0
12,Camilo Vargas,COL,GK,0,0,0,0
12,Erik Lira,MEX,MF,0,13,46,12
12,Danilo Santos,BRA,MF,0,1,10,1
12,Juan Quintero,COL,MF,0,1,9,0
12,Maxi Araujo,URU,MF,0,5,38,7
12,Alvaro Fidalgo,MEX,MF,0,5,33,4
12,Emiliano Martinez,ARG,GK,0,0,0,0
12,Ronald Araujo,URU,DF,0,0,0,0
12,Santiago Arias,COL,DF,0,0,0,0
12,Cesar Huerta,MEX,FW,0,0,4,1
12,Julian Alvarez,ARG,FW,0,4,40,7
12,Nicolas Tagliafico,ARG,DF,0,0,1,0
12,Sebastian Caceres,URU,DF,0,4,20,10
12,Enzo Fernandez,ARG,MF,0,5,45,7
12,James Rodriguez,COL,MF,0,4,40,0
12,Nicolas Otamendi,ARG,DF,0,0,6,5
12,Darwin Nunez,URU,FW,0,4,20,1
12,Jorge Sanchez,MEX,DF,0,9,43,10
12,David Ospina,COL,GK,0,0,0,0
12,Brian Rodriguez,URU,FW,0,1,7,0
12,Roberto Alvarado,MEX,FW,0,6,50,9
12,Igor Thiago,BRA,FW,0,5,25,5
12,Leandro Paredes,ARG,MF,0,1,6,0
12,Juan Manuel Sanabria,URU,MF,0,5,24,6
12,Jesus Gallardo,MEX,DF,0,3,40,9
12,Casemiro,BRA,MF,0,13,50,14
12,Rodrigo Zalazar,URU,MF,0,0,0,0
12,Ederson Silva,BRA,MF,0,0,7,2
12,Exequiel Palacios,ARG,MF,0,0,0,0
12,Joaquin Piquerez,URU,MF,0,0,0,0
12,Edson Alvarez,MEX,DF,0,3,29,9
12,Rayan,BRA,FW,0,6,56,4
12,Roger Ibanez,BRA,DF,0,0,10,1
12,Geronimo Rulli,ARG,GK,0,0,0,0
12,Facundo Pellistri,URU,FW,0,0,0,0
12,Cesar Montes,MEX,DF,0,5,6,3
12,Endrick,BRA,FW,0,1,14,1
12,Manuel Ugarte,URU,MF,0,2,23,7
12,Luiz Henrique,BRA,FW,0,2,10,3
12,Guillermo Martinez,MEX,FW,0,2,37,2
12,Giovani Lo Celso,ARG,MF,0,0,0,0
12,Emiliano Martinez,URU,MF,0,0,0,0
12,Valentin Barco,ARG,MF,0,0,0,0
12,Raphinha,BRA,FW,0,10,59,7
12,Federico Vinas,URU,FW,0,10,45,3
12,Orbelin Pineda,MEX,MF,0,2,23,0
12,Lautaro Martinez,ARG,FW,0,16,76,5
12,Marko Arnautovic,AUT,FW,0,3,18,1
12,Raul Jimenez,MEX,FW,0,8,44,1
12,Bremer,BRA,DF,0,0,0,0
12,Marcos Senesi,ARG,DF,0,0,0,0
12,Lisandro Martinez,ARG,DF,0,2,1,1
12,David Alaba,AUT,DF,0,3,9,4
12,Alisson,BRA,GK,0,0,0,0
12,Guillermo Ochoa,MEX,GK,0,0,0,0
12,Matheus Cunha,BRA,FW,0,4,67,6
12,Nahuel Molina,ARG,DF,0,6,34,9
12,Marcel Sabitzer,AUT,MF,0,14,44,4
12,Dominique Simon,HAI,MF,0,2,26,6
12,Bruno Guimaraes,BRA,MF,0,32,88,8
12,Alexander Schlager,AUT,GK,0,0,0,0
12,Gabriel Magalhaes,BRA,DF,0,5,20,7
12,Giuliano Simeone,ARG,FW,0,0,0,0
12,Gonzalo Montiel,ARG,DF,0,1,3,3
12,Jose Manuel Lopez,ARG,FW,0,0,0,0
12,Gabriel Martinelli,BRA,FW,0,1,6,1
12,Jules Kounde,FRA,DF,0,4,39,11
12,Marco Friedl,AUT,DF,0,0,4,1
12,Luka Vuskovic,CRO,DF,0,0,3,2
12,Noni Madueke,ENG,FW,0,3,36,7
12,Ollie Watkins,ENG,FW,0,0,0,0
12,Patrick Pentz,AUT,GK,0,0,0,0
12,Pascal Gross,GER,MF,0,0,0,0
12,Nathaniel Brown,GER,DF,0,2,45,16
12,Marcus Thuram,FRA,FW,0,0,0,0
12,Alessandro Schoepf,AUT,MF,0,0,0,0
12,Youri Tielemans,BEL,MF,0,7,37,4
12,Harry Kane,ENG,FW,0,8,68,9
12,Axel Witsel,BEL,MF,0,0,0,0
12,Pedro Neto,POR,FW,0,4,22,1
12,Leandro Trossard,BEL,FW,0,12,51,5
12,Luka Modric,CRO,MF,0,14,25,6
12,Sander Tangvik,NOR,GK,0,0,0,0
12,Kristijan Jakic,CRO,DF,0,0,0,0
12,Mario Pasalic,CRO,MF,0,5,15,7
12,Ivor Pandur,CRO,GK,0,0,0,0
12,Bruno Fernandes,POR,MF,0,10,74,10
12,Petar Sucic,CRO,MF,0,7,68,14
12,Jorgen Strand Larsen,NOR,FW,0,0,0,0
12,Julian Ryerson,NOR,FW,0,18,18,4
12,Nick Woltemade,GER,FW,0,0,0,0
12,Timothy Castagne,BEL,DF,0,6,15,5
12,Maghnes Akliouche,FRA,MF,0,0,8,2
12,Diogo Dalot,POR,DF,0,0,0,0
12,David Affengruber,AUT,DF,0,0,0,0
12,Fredrik Aursnes,NOR,MF,0,4,29,8
12,Robin Roefs,NED,GK,0,0,0,0
12,Charles De Ketelaere,BEL,FW,0,0,16,1
12,Malo Gusto,FRA,DF,0,0,1,1
12,Theo Hernandez,FRA,DF,0,18,23,4
12,Dayot Upamecano,FRA,DF,0,7,18,11
12,Carney Chukwuemeka,AUT,MF,0,4,28,1
12,Kai Havertz,GER,FW,0,7,61,9
12,Denzel Dumfries,NED,DF,0,18,30,2
12,Waldemar Anton,GER,DF,0,0,3,1
12,Andreas Schjelderup,NOR,MF,0,1,10,1
12,Vitinha,POR,MF,0,7,32,6
12,Noa Lang,NED,FW,0,1,4,1
12,Deniz Undav,GER,FW,0,5,32,6
12,Morgan Rogers,ENG,MF,0,1,16,2
12,Dodi Lukebakio,BEL,FW,0,1,12,0
12,Marin Pongracic,CRO,DF,0,4,2,0
12,Torbjorn Heggem,NOR,DF,0,0,9,3
12,Marc Guehi,ENG,DF,0,1,0,0
12,Francisco Trincao,POR,FW,0,2,12,1
12,John Mcginn,SCO,MF,0,5,89,3
12,Senne Lammens,BEL,GK,0,0,0,0
12,Sasa Kalajdzic,AUT,FW,0,5,15,0
12,Michael Olise,FRA,FW,0,11,86,5
12,Duje Caleta Car,CRO,DF,0,0,0,0
12,Mateo Kovacic,CRO,MF,0,4,33,7
12,Dominik Kotarski,CRO,GK,0,0,0,0
12,Desire Doue,FRA,FW,0,4,58,11
12,Romano Schmid,AUT,MF,0,10,68,10
12,Patrick Wimmer,AUT,FW,0,4,15,6
12,Amadou Onana,BEL,MF,0,12,12,4
12,Orjan Nyland,NOR,GK,0,0,0,0
12,Renato Veiga,POR,DF,0,4,18,5
12,Kevin Danso,AUT,DF,0,0,7,3
12,Frenkie De Jong,NED,MF,0,2,43,13
12,Jamal Musiala,GER,MF,0,5,60,11
12,Angelo Stiller,GER,MF,0,0,0,0
12,Jens Petter Hauge,NOR,MF,0,0,0,0
12,Brandon Mechele,BEL,DF,0,6,17,4
12,Jude Bellingham,ENG,MF,0,8,37,4
12,Thelo Aasgaard,NOR,MF,0,0,0,0
12,Virgil Van Dijk,NED,DF,0,8,3,1
12,Angus Gunn,SCO,GK,0,0,0,0
12,Dan Burn,ENG,DF,0,0,0,0
12,Josip Sutalo,CRO,DF,0,1,13,7
12,Aleksandar Pavlovic,GER,MF,0,8,41,14
12,Bradley Barcola,FRA,FW,0,6,24,3
12,Kieran Tierney,SCO,DF,0,12,31,6
12,Bernardo Silva,POR,MF,0,2,17,3
12,Andrej Kramaric,CRO,FW,0,0,23,1
12,David Moller Wolfe,NOR,DF,0,6,15,8
12,Teun Koopmeiners,NED,MF,0,4,37,6
12,Kylian Mbappe,FRA,FW,0,6,64,5
12,Ivan Perisic,CRO,FW,0,5,41,7
12,Thomas Meunier,BEL,DF,0,15,37,6
12,Alexander Sorloth,NOR,FW,0,4,31,4
12,Joao Neves,POR,MF,0,9,55,9
12,Brice Samba,FRA,GK,0,0,0,0
12,Dean Henderson,ENG,GK,0,0,0,0
12,Mats Wieffer,NED,DF,0,0,0,0
12,Diego Moreira,BEL,MF,0,0,0,0
12,Fredrik Andre Bjorkan,NOR,DF,0,0,0,0
12,Maxim De Cuyper,BEL,DF,0,4,8,3
12,Nelson Semedo,POR,DF,0,2,7,2
12,Felix Nmecha,GER,MF,0,4,52,17
12,Mark Flekken,NED,GK,0,0,0,0
12,Nicolas Seiwald,AUT,MF,0,12,39,8
12,Nuno Mendes,POR,DF,0,0,28,5
12,Jeremy Doku,BEL,FW,0,2,30,7
12,Jose Sa,POR,GK,0,0,0,0
12,Tomas Araujo,POR,DF,0,1,4,1
12,William Saliba,FRA,DF,0,2,9,2
12,Jack Hendry,SCO,DF,0,2,15,4
12,Rafael Leao,POR,FW,0,2,11,3
12,Jarell Quansah,ENG,DF,0,0,0,0
12,Cody Gakpo,NED,FW,0,9,48,1
12,Marco Pasalic,CRO,FW,0,3,39,7
12,Matias Fernandez Pardo,BEL,FW,0,0,8,1
12,Joshua Kimmich,GER,DF,0,20,34,5
12,Ante Budimir,CRO,FW,0,1,21,5
12,Igor Matanovic,CRO,FW,0,2,28,6
12,Rui Silva,POR,GK,0,0,0,0
12,Reece James,ENG,DF,0,3,26,12
12,Jordan Pickford,ENG,GK,0,0,0,0
12,Oscar Bobb,NOR,MF,0,0,17,0
12,Patrick Berg,NOR,MF,0,3,28,2
12,Paul Wanner,AUT,MF,0,2,59,7
12,Dominik Livakovic,CRO,GK,0,0,0,0
12,Ryan Gravenberch,NED,MF,0,7,28,9
12,Francisco Conceicao,POR,FW,0,4,17,4
12,Ezri Konsa,ENG,DF,0,2,8,7
12,Josip Stanisic,CRO,DF,0,14,45,9
12,Adrien Rabiot,FRA,MF,0,3,36,12
12,Jorrel Hato,NED,DF,0,0,0,0
12,Eberechi Eze,ENG,MF,0,0,1,0
12,Marcus Holmgren Pedersen,NOR,DF,0,4,17,7
12,Jean Philippe Mateta,FRA,FW,0,0,0,0
12,Florian Grillitsch,AUT,MF,0,0,0,0
12,Craig Gordon,SCO,GK,0,0,0,0
12,Dejan Ljubicic,AUT,MF,0,0,0,0
12,Andy Robertson,SCO,DF,0,13,47,5
12,Antonio Ruediger,GER,DF,0,3,9,3
12,Mike Penders,BEL,GK,0,0,0,0
12,Nikola Vlasic,CRO,MF,0,1,3,0
12,Florian Wirtz,GER,MF,0,11,80,10
12,Nadiem Amiri,GER,MF,0,1,9,0
12,Maxence Lacroix,FRA,DF,0,0,0,0
12,Nico Schlotterbeck,GER,DF,0,18,7,6
12,Josko Gvardiol,CRO,DF,0,2,21,6
12,Tijjani Reijnders,NED,MF,0,3,22,3
12,Justin Kluivert,NED,MF,0,0,0,0
12,Sander Berge,NOR,MF,0,5,31,9
12,Hans Vanaken,BEL,MF,0,3,14,1
12,Joao Cancelo,POR,DF,0,10,24,4
12,Nathan Ake,NED,DF,0,1,4,1
12,Phillip Mwene,AUT,DF,0,2,13,6
12,Goncalo Ramos,POR,FW,0,1,3,0
12,John Stones,ENG,DF,0,2,5,1
12,Warren Zaire Emery,FRA,MF,0,0,0,0
12,Egil Selvik,NOR,GK,0,0,0,0
12,Ibrahima Konate,FRA,DF,0,0,0,0
12,Zeno Debast,BEL,DF,0,0,0,0
12,Morten Thorsby,NOR,MF,0,0,0,0
12,Elliot Anderson,ENG,MF,0,17,46,21
12,Erling Haaland,NOR,FW,0,7,47,4
12,Donyell Malen,NED,FW,0,5,32,4
12,Leon Goretzka,GER,MF,0,1,7,1
12,Petar Musa,CRO,FW,0,9,76,11
12,Konrad Laimer,AUT,MF,0,13,51,11
12,Lyndon Dykes,SCO,FW,0,3,22,3
12,Malick Thiaw,GER,DF,0,0,0,0
12,Matheus Nunes,POR,MF,0,0,0,0
12,Toni Fruk,CRO,MF,0,0,0,0
12,Ngolo Kante,FRA,MF,0,0,0,0
12,Nathan Patterson,SCO,DF,0,7,37,9
12,Michael Svoboda,AUT,DF,0,0,0,0
12,Jonathan Tah,GER,DF,0,1,14,4
12,Lutsharel Geertruida,NED,DF,0,0,0,0
12,Djed Spence,ENG,DF,0,2,17,1
12,Kevin De Bruyne,BEL,MF,0,10,50,4
12,Ruben Neves,POR,MF,0,0,0,0
12,Anthony Ralston,SCO,DF,0,2,9,2
12,Diogo Costa,POR,GK,0,0,0,0
12,Joaquin Seys,BEL,DF,0,0,0,0
12,Declan Rice,ENG,MF,0,3,21,4
12,Bart Verbruggen,NED,GK,0,0,0,0
12,Alexander Nuebel,GER,GK,0,0,0,0
12,Goncalo Guedes,POR,FW,0,0,0,0
12,Aurelien Tchouameni,FRA,MF,0,5,18,6
12,Alexis Saelemaekers,BEL,MF,0,2,5,1
12,Jamie Leweling,GER,MF,0,2,15,4
12,Kobbie Mainoo,ENG,MF,0,0,0,0
12,Oliver Baumann,GER,GK,0,0,0,0
12,Wout Weghorst,NED,FW,0,0,0,0
12,Ivan Toney,ENG,FW,0,0,0,0
12,Cristiano Ronaldo,POR,FW,0,3,28,4
12,Kristian Thorstvedt,NOR,MF,0,0,8,1
12,Quinten Timber,NED,MF,0,2,11,3
12,Lucas Digne,FRA,DF,0,3,13,3
12,Stefan Posch,AUT,DF,0,5,44,12
12,Marcus Rashford,ENG,FW,0,0,6,0
12,Maximilian Beier,GER,FW,0,0,0,0
12,Antonio Nusa,NOR,FW,0,2,42,7
12,Alexander Prass,AUT,MF,0,0,4,0
12,Samu Costa,POR,DF,0,0,0,0
12,Nico Oreilly,ENG,DF,0,1,31,4
12,Rayan Cherki,FRA,MF,0,2,27,3
12,Goncalo Inacio,POR,DF,0,0,0,0
12,Florian Wiegele,AUT,GK,0,0,0,0
12,Bukayo Saka,ENG,FW,0,0,5,0
12,Luka Sucic,CRO,MF,0,1,7,0
12,Martin Baturina,CRO,MF,0,9,68,6
12,Kristoffer Ajer,NOR,DF,0,2,6,2
12,Romelu Lukaku,BEL,FW,0,0,14,1
12,Ousmane Dembele,FRA,FW,0,11,92,3
12,Joao Felix,POR,FW,0,2,22,5
12,Nikola Moro,CRO,MF,0,0,0,0
12,Assan Ouedraogo,GER,MF,0,0,0,0
12,Manuel Neuer,GER,GK,0,0,0,0
12,Arthur Theate,BEL,DF,0,1,0,0
12,Nathan Ngoy,BEL,DF,0,2,15,9
12,Nicolas Raskin,BEL,MF,0,3,7,1
12,Jan Paul Van Hecke,NED,DF,0,4,24,7
12,James Trafford,ENG,GK,0,0,0,0
12,Henrik Falchener,NOR,DF,0,0,0,0
12,Brian Brobbey,NED,FW,0,3,26,0
12,Thibaut Courtois,BEL,GK,0,0,0,0
12,Leroy Sane,GER,MF,0,4,44,7
12,Sondre Langas,NOR,DF,0,0,0,0
12,Mike Maignan,FRA,GK,0,0,0,0
12,Martin Odegaard,NOR,MF,0,7,86,6
12,Trevoh Chalobah,ENG,DF,0,0,0,0
12,Koni De Winter,BEL,DF,0,0,0,0
12,Leo Ostigard,NOR,DF,0,0,3,1
12,Martin Erlic,CRO,DF,0,0,0,0
12,Robin Risser,FRA,GK,0,0,0,0
12,Ruben Dias,POR,DF,0,3,6,4
12,Guus Til,NED,MF,0,1,20,1
12,Marten De Roon,NED,MF,0,0,0,0
12,Memphis Depay,NED,FW,0,0,25,2
12,Grant Hanley,SCO,DF,0,2,11,2
12,David Raum,GER,DF,0,1,7,0
12,Che Adams,SCO,FW,0,6,73,4
12,Lucas Hernandez,FRA,DF,0,0,0,0
12,Michael Gregoritsch,AUT,FW,0,5,49,2
12,Manu Kone,FRA,MF,0,14,18,2
12,Xaver Schlager,AUT,MF,0,3,34,13
12,Ryan Christie,SCO,MF,0,3,52,8
12,Micky Van De Ven,NED,DF,0,7,44,8
12,Crysencio Summerville,NED,FW,0,5,25,6
12,Anthony Gordon,ENG,FW,0,10,44,5
12,Jordan Henderson,ENG,MF,0,0,0,0
