Posição,Jogador,País,Posição Campo,Faltas cometidas,Faltas sofridas,Cartões amarelos,Cartões vermelhos,Cartões vermelhos indiretos,Impedimentos
1,Andres Cubas,PAR,MF,10,1,0,0,0,0
2,Ermedin Demirovic,BIH,FW,8,2,1,0,0,1
2,Behruzjon Karimov,UZB,DF,8,4,0,0,0,0
4,Aleksandar Pavlovic,GER,MF,7,2,0,0,0,0
4,Martin Experience,HAI,DF,7,6,0,0,0,0
4,Lee Hanbeom,KOR,DF,7,3,0,0,0,0
4,Jassem Gaber,QAT,DF,7,0,1,0,0,0
8,Robin Hranac,CZE,DF,6,0,0,0,0,0
8,Ladislav Krejci,CZE,DF,6,2,1,0,0,0
8,Ricardo Rodriguez,SUI,DF,6,1,0,0,0,0
8,Breel Embolo,SUI,FW,6,8,0,0,0,2
8,Chris Richards,USA,DF,6,2,1,0,0,0
8,Carlos Harvey,PAN,DF,6,2,1,0,0,0
8,Ricardo Ade,HAI,DF,6,4,0,0,0,0
8,Neil El Aynaoui,MAR,MF,6,6,0,0,0,0
8,Lenny Joseph,HAI,FW,6,1,0,0,0,0
8,Jordan Ayew,GHA,FW,6,5,0,0,0,1
8,Thomas Meunier,BEL,DF,6,0,0,0,0,0
19,Elliot Anderson,ENG,MF,5,5,0,0,0,0
19,David Moller Wolfe,NOR,DF,5,1,0,0,0,0
19,Xaver Schlager,AUT,MF,5,0,0,0,0,0
19,Eldor Shomurodov,UZB,FW,5,4,0,0,0,1
19,Ivan Sunjic,BIH,MF,5,0,0,0,0,0
19,Abdulla Abdullaev,UZB,DF,5,1,0,0,0,0
19,Sead Kolasinac,BIH,DF,5,4,0,0,0,0
19,Lewis Ferguson,SCO,MF,5,10,0,0,0,0
19,Lawrence Shankland,SCO,FW,5,3,0,0,0,1
19,Samuel Moutoussamy,COD,MF,5,1,0,0,0,0
19,Edo Kayembe,COD,MF,5,3,0,0,0,0
19,Luc De Fougerolles,CAN,DF,5,6,1,0,0,0
19,Danley Jean Jacques,HAI,MF,5,3,1,0,0,0
19,Antoine Semenyo,GHA,MF,5,1,0,0,0,2
19,Carlens Arcus,HAI,DF,5,3,1,0,0,2
19,Frantzdy Pierrot,HAI,FW,5,4,1,0,0,2
19,Jose Cordoba,PAN,DF,5,1,0,0,0,0
19,Danilo,BRA,DF,5,0,1,0,0,1
19,Juan Jose Caceres,PAR,DF,5,3,1,0,0,0
38,Alan Franco,ECU,MF,4,0,0,0,0,0
38,Weston Mckennie,USA,MF,4,1,0,0,0,0
38,Vinicius Junior,BRA,FW,4,6,0,0,0,3
38,Casemiro,BRA,MF,4,4,1,0,0,0
38,Agustin Canobbio,URU,MF,4,1,0,0,0,0
38,Edson Alvarez,MEX,DF,4,2,1,0,0,0
38,Rodrigo Bentancur,URU,MF,4,3,1,0,0,0
38,Fabinho,BRA,MF,4,0,1,0,0,0
38,Josue Casimir,HAI,FW,4,4,1,0,0,0
38,Alexis Mac Allister,ARG,MF,4,2,0,0,0,0
38,Lautaro Martinez,ARG,FW,4,2,0,0,0,1
38,Cristian Martinez,PAN,MF,4,3,0,0,0,1
38,Harry Souttar,AUS,DF,4,1,1,0,0,0
38,Ruben Vargas,SUI,FW,4,4,0,0,0,0
38,Vladimir Coufal,CZE,DF,4,3,0,0,0,1
38,Amar Dedic,BIH,DF,4,3,1,0,0,0
38,Remo Freuler,SUI,MF,4,2,0,0,0,1
38,Adam Hlozek,CZE,FW,4,4,0,0,0,0
38,Tarik Muharemovic,BIH,DF,4,1,0,1,0,0
38,Stefan Posch,AUT,DF,4,1,1,0,0,0
38,Alexander Sorloth,NOR,FW,4,2,0,0,0,0
38,Nathan Ngoy,BEL,DF,4,1,0,1,0,0
38,Konrad Laimer,AUT,MF,4,3,1,0,0,2
38,Erling Haaland,NOR,FW,4,3,0,0,0,0
38,Joao Cancelo,POR,DF,4,2,0,0,0,1
38,Fredrik Aursnes,NOR,MF,4,0,0,0,0,0
38,Petar Sucic,CRO,MF,4,1,1,0,0,0
38,Che Adams,SCO,FW,4,2,0,0,0,0
38,Kerim Alajbegovic,BIH,FW,4,5,0,0,0,1
38,Derek Cornelius,CAN,DF,4,2,1,0,0,0
38,Alistair Johnston,CAN,DF,4,4,1,0,0,0
38,Jean Ricner Bellegarde,HAI,MF,4,5,1,0,0,0
38,Achraf Hakimi,MAR,DF,4,10,0,0,0,0
38,Aubrey Modiba,RSA,DF,4,3,1,0,0,2
38,Caleb Yirenkyi,GHA,MF,4,3,1,0,0,0
38,Ali Abdi,TUN,DF,4,2,0,0,0,0
38,Kwasi Sibo,GHA,MF,4,0,0,0,0,0
38,Guela Doue,CIV,DF,4,2,1,0,0,0
38,Sphephelo Sithole,RSA,MF,4,1,0,1,0,0
38,Yan Valery,TUN,DF,4,1,0,0,0,0
38,Khuliso Mudau,RSA,DF,4,6,0,0,0,1
38,Franck Kessie,CIV,MF,4,2,1,0,0,1
38,Takehiro Tomiyasu,JPN,DF,4,1,0,0,0,0
38,Saeid Ezatolahi,IRN,MF,4,0,1,0,0,0
38,Homam Ahmed,QAT,DF,4,0,0,1,0,0
38,Hiroki Ito,JPN,DF,4,0,0,0,0,0
38,Nizar Alrashdan,JOR,MF,4,3,0,0,0,0
38,Edmilson Junior,QAT,FW,4,2,0,0,0,1
38,Yoane Wissa,COD,FW,4,4,0,0,0,0
87,Mohamed Manai,QAT,FW,3,0,0,0,0,0
87,Rayan Ait Nouri,ALG,DF,3,3,0,0,0,0
87,Lee Taeseok,KOR,DF,3,1,0,0,0,0
87,Castrop Jens,KOR,DF,3,0,0,0,0,0
87,Nasser Aldawsari,KSA,MF,3,1,0,0,0,0
87,Keito Nakamura,JPN,MF,3,1,0,0,0,1
87,Shoja Khalilzadeh,IRN,DF,3,0,0,0,0,0
87,Zaid Tahseen,IRQ,DF,3,2,1,0,0,0
87,Rafik Belghali,ALG,DF,3,0,0,0,0,0
87,Harry Kane,ENG,FW,3,3,0,0,0,0
87,Vitinha,POR,MF,3,0,0,0,0,0
87,Brandon Mechele,BEL,DF,3,1,0,0,0,0
87,Nuno Mendes,POR,DF,3,7,0,0,0,1
87,Jamal Musiala,GER,MF,3,4,0,0,0,0
87,Andy Robertson,SCO,DF,3,1,1,0,0,0
87,Adrien Rabiot,FRA,MF,3,0,0,0,0,0
87,Ezri Konsa,ENG,DF,3,4,0,0,0,0
87,Micky Van De Ven,NED,DF,3,1,1,0,0,0
87,Kylian Mbappe,FRA,FW,3,2,0,0,0,1
87,Kieran Tierney,SCO,DF,3,2,0,0,0,0
87,Patrick Wimmer,AUT,FW,3,1,0,0,0,0
87,Daniel Munoz,COL,DF,3,1,0,0,0,2
87,Rayan,BRA,FW,3,3,0,0,0,0
87,Jhon Lucumi,COL,DF,3,0,1,0,0,0
87,Moises Caicedo,ECU,MF,3,2,0,0,0,0
87,Luis Diaz,COL,FW,3,5,0,0,0,6
87,Raul Jimenez,MEX,FW,3,1,0,0,0,1
87,Lucas Paqueta,BRA,MF,3,5,0,0,0,0
87,Enzo Fernandez,ARG,MF,3,2,0,0,0,0
87,Gustavo Puerta,COL,DF,3,4,0,0,0,0
87,Ricardo Pepi,USA,FW,3,0,0,0,0,0
87,Brian Gutierrez,MEX,MF,3,2,1,0,0,0
87,Julian Quinones,MEX,FW,3,6,0,0,0,1
87,Jefferson Lerma,COL,MF,3,4,1,0,0,0
87,Tyler Adams,USA,MF,3,5,1,0,0,0
87,Cristian Romero,ARG,DF,3,1,0,0,0,0
87,Guillermo Martinez,MEX,FW,3,1,0,0,0,0
87,Bruno Guimaraes,BRA,MF,3,6,0,0,0,0
87,Cesar Montes,MEX,DF,3,3,0,1,0,0
87,Facundo Medina,ARG,DF,3,2,1,0,0,0
87,Andres Andrade,PAN,DF,3,0,0,0,0,0
87,Douglas Santos,BRA,DF,3,1,1,0,0,1
87,Tomas Soucek,CZE,MF,3,1,0,0,0,2
87,Nico Elvedi,SUI,DF,3,2,1,0,0,0
87,Joe Bell,NZL,MF,3,0,0,0,0,0
87,Gabriel Gudmundsson,SWE,DF,3,4,1,0,0,0
87,Benjamin Nygren,SWE,MF,3,0,0,0,0,0
87,Paul Okon Engstler,AUS,MF,3,2,0,0,0,0
87,Lukas Cerv,CZE,MF,3,3,0,0,0,0
87,Jesper Karlstrom,SWE,MF,3,0,0,0,0,0
87,Mohamed Toure,AUS,FW,3,1,0,0,0,1
87,Benjamin Tahirovic,BIH,MF,3,2,0,0,0,0
87,Scott Mctominay,SCO,MF,3,0,0,0,0,0
87,Nikola Katic,BIH,DF,3,0,1,0,0,0
87,Alessandro Circati,AUS,DF,3,1,1,0,0,0
87,Nestory Irankunda,AUS,FW,3,2,0,0,0,0
87,Tete Yengi,AUS,FW,3,0,0,0,0,0
87,Michel Aebischer,SUI,MF,3,2,0,0,0,0
87,Finn Surman,NZL,DF,3,1,0,0,0,0
87,Luca Jaquez,SUI,DF,3,1,0,0,0,0
87,Ferran Torres,ESP,FW,3,0,0,0,0,1
87,Marc Cucurella,ESP,DF,3,0,0,0,0,1
87,Abdukodir Khusanov,UZB,DF,3,0,1,0,0,0
87,Victor Lindelof,SWE,DF,3,0,0,0,0,0
87,Ben Gannon Doak,SCO,FW,3,1,0,0,0,0
87,Wilfried Singo,CIV,DF,3,1,0,0,0,0
87,Prince Adu,GHA,FW,3,0,0,0,0,0
87,Teboho Mokoena,RSA,MF,3,5,2,0,0,0
87,Ruben Providence,HAI,FW,3,4,0,0,0,0
87,Ismael Saibari,MAR,MF,3,2,0,0,0,2
87,Louicius Deedson,HAI,FW,3,1,0,0,0,1
87,Marawan Attia,EGY,MF,3,0,1,0,0,0
87,Wilson Isidor,HAI,FW,3,2,0,0,0,1
87,Soufiane Rahimi,MAR,FW,3,2,1,0,0,0
87,Mohanad Lashin,EGY,MF,3,1,1,0,0,0
87,Cyle Larin,CAN,FW,3,1,1,0,0,3
87,Marvin Senaya,GHA,DF,3,2,0,0,0,0
87,Bilal El Khannouss,MAR,MF,3,3,0,0,0,0
87,Noussair Mazraoui,MAR,DF,3,2,0,0,0,0
87,Hannibal Mejbri,TUN,MF,3,10,0,0,0,0
87,Leandro Bacuna,CUW,MF,3,2,1,0,0,0
87,Juninho Bacuna,CUW,MF,3,3,1,0,0,0
87,Livano Comenencia,CUW,MF,3,1,1,0,0,0
170,Juergen Locadia,CUW,FW,2,4,0,0,0,2
170,Jurien Gaari,CUW,DF,2,1,1,0,0,0
170,Gervane Kastaneer,CUW,FW,2,0,1,0,0,0
170,Amar Memic,BIH,MF,2,3,0,0,0,0
170,Tahith Chong,CUW,MF,2,11,0,0,0,0
170,Riechedly Bazoer,CUW,DF,2,0,0,0,0,0
170,Pervis Estupinan,ECU,DF,2,0,0,0,0,0
170,Davinson Sanchez,COL,DF,2,1,0,0,0,0
170,Timothy Weah,USA,FW,2,0,0,0,0,0
170,Erik Lira,MEX,MF,2,2,0,0,0,0
170,Willian Pacho,ECU,DF,2,0,0,0,0,0
170,Enner Valencia,ECU,FW,2,5,0,0,0,1
170,Gustavo Gomez,PAR,DF,2,1,0,0,0,1
170,Edgar Yoel Barcenas,PAN,MF,2,2,1,0,0,0
170,Sebastian Caceres,URU,DF,2,2,0,0,0,0
170,Jiovany Ramos,PAN,DF,2,1,0,0,0,0
170,Jose Luis Rodriguez,PAN,MF,2,1,0,0,0,0
170,Jose Fajardo,PAN,FW,2,2,0,0,0,0
170,Matias Galarza,PAR,MF,2,3,1,0,0,0
170,Miguel Almiron,PAR,MF,2,2,1,1,0,0
170,Cesar Blackman,PAN,DF,2,2,1,0,0,1
170,Jackson Porozo,ECU,DF,2,0,1,0,0,0
170,Igor Thiago,BRA,FW,2,0,0,0,0,0
170,Nicolas Otamendi,ARG,DF,2,0,0,0,0,0
170,Isidro Pitta,PAR,FW,2,0,0,0,0,2
170,Richard Rios,COL,MF,2,1,0,0,0,0
170,Gabriel Martinelli,BRA,FW,2,3,0,0,0,0
170,Roberto Alvarado,MEX,FW,2,2,0,0,0,1
170,Jesus Gallardo,MEX,DF,2,1,0,0,0,0
170,Maxi Araujo,URU,MF,2,4,0,0,0,4
170,Folarin Balogun,USA,FW,2,6,1,0,0,2
170,Jorge Sanchez,MEX,DF,2,1,0,0,0,1
170,Roger Ibanez,BRA,DF,2,1,1,0,0,0
170,Omar Alderete,PAR,DF,2,2,0,0,0,0
170,Diego Gomez,PAR,MF,2,0,1,0,0,0
170,Mahmoud Almardi,JOR,FW,2,1,0,0,0,0
170,Zaid Ismael,IRQ,MF,2,0,0,0,0,0
170,Boualem Khoukhi,QAT,DF,2,1,0,0,0,0
170,Ayase Ueda,JPN,FW,2,2,0,0,0,0
170,Junya Ito,JPN,MF,2,2,0,0,0,0
170,Ehsan Hajisafi,IRN,DF,2,1,1,0,0,0
170,Ahmed Fathy,QAT,MF,2,1,2,0,0,0
170,Charles Pickel,COD,MF,2,1,1,0,0,0
170,Aymen Hussein,IRQ,FW,2,1,0,0,0,0
170,Mohammed Abu Alshamat,KSA,DF,2,1,0,0,0,0
170,Sultan Albrake,QAT,DF,2,0,0,0,0,0
170,Assim Madibo,QAT,MF,2,1,0,1,0,0
170,Lee Gihyuk,KOR,MF,2,2,1,0,0,0
170,Mehdi Ghayedi,IRN,FW,2,1,0,0,0,0
170,Kaishu Sano,JPN,MF,2,1,0,0,0,0
170,Hicham Boudaoui,ALG,MF,2,0,0,0,0,0
170,Mehdi Taremi,IRN,FW,2,3,0,0,0,2
170,Ehsan Haddad,JOR,DF,2,1,0,0,0,0
170,Steve Kapuadi,COD,DF,2,0,0,0,0,0
170,Axel Tuanzebe,COD,DF,2,1,0,0,0,0
170,Ramiz Zerrouki,ALG,MF,2,0,1,0,0,0
170,Mousa Altamari,JOR,FW,2,2,0,0,0,1
170,Mustafa Saadoon,IRQ,DF,2,0,0,0,0,0
170,Saud Abdulhamid,KSA,DF,2,1,0,0,0,0
170,Alireza Jahanbakhsh,IRN,MF,2,0,0,0,0,0
170,Kim Minjae,KOR,DF,2,0,0,0,0,0
170,Sidny Lopes Cabral,CPV,DF,2,7,2,0,0,0
170,Cedric Bakambu,COD,FW,2,1,0,0,0,2
170,Alhashmi Alhussein,QAT,DF,2,2,0,0,0,0
170,Amir Alammari,IRQ,MF,2,0,1,0,0,0
170,Maxim De Cuyper,BEL,DF,2,1,1,0,0,0
170,Patrick Berg,NOR,MF,2,0,0,0,0,0
170,Igor Matanovic,CRO,FW,2,1,0,0,0,0
170,Denzel Dumfries,NED,DF,2,1,0,0,0,0
170,Ryan Christie,SCO,MF,2,1,1,0,0,0
170,Nathan Patterson,SCO,DF,2,0,0,0,0,0
170,Ryan Gravenberch,NED,MF,2,1,0,0,0,0
170,Lyndon Dykes,SCO,FW,2,0,0,0,0,0
170,Marcus Rashford,ENG,FW,2,0,0,0,0,0
170,Ivan Perisic,CRO,FW,2,0,0,0,0,0
170,Jude Bellingham,ENG,MF,2,1,0,0,0,1
170,John Mcginn,SCO,MF,2,11,0,0,0,0
170,Anthony Ralston,SCO,DF,2,0,0,0,0,0
170,Felix Nmecha,GER,MF,2,2,0,0,0,0
170,Bruno Fernandes,POR,MF,2,3,0,0,0,0
170,Nathaniel Brown,GER,DF,2,0,0,0,0,0
170,Julian Ryerson,NOR,FW,2,0,0,0,0,0
170,Josko Gvardiol,CRO,DF,2,2,0,0,0,0
170,Deniz Undav,GER,FW,2,0,0,0,0,0
170,Mario Pasalic,CRO,MF,2,0,0,0,0,0
170,Sander Berge,NOR,MF,2,1,0,0,0,0
170,Nico Schlotterbeck,GER,DF,2,1,0,0,0,0
170,Paul Wanner,AUT,MF,2,0,0,0,0,0
170,Josip Sutalo,CRO,DF,2,0,0,0,0,0
170,Marc Guehi,ENG,DF,2,7,0,0,0,0
170,Romano Schmid,AUT,MF,2,4,0,0,0,0
170,Dayot Upamecano,FRA,DF,2,1,0,0,0,0
170,Renato Veiga,POR,DF,2,2,1,0,0,0
170,Declan Rice,ENG,MF,2,0,1,0,0,0
170,Mateo Kovacic,CRO,MF,2,2,0,0,0,0
170,Frenkie De Jong,NED,MF,2,2,0,0,0,0
170,Manu Kone,FRA,MF,2,1,0,0,0,0
170,Jonathan Tah,GER,DF,2,1,0,0,0,0
170,Ante Budimir,CRO,FW,2,2,0,0,0,0
170,Luka Modric,CRO,MF,2,3,0,0,0,0
170,Gideon Mensah,GHA,DF,2,1,0,0,0,0
170,Hamdy Fathy,EGY,MF,2,2,0,0,0,0
170,Promise David,CAN,FW,2,1,0,0,0,0
170,Inaki Williams,GHA,FW,2,0,1,0,0,1
170,Mostafa Zico,EGY,MF,2,3,0,0,0,1
170,Stephen Eustaquio,CAN,MF,2,4,0,0,0,0
170,Liam Millar,CAN,MF,2,1,1,0,0,0
170,Habib Diarra,SEN,MF,2,1,0,0,0,0
170,Tani Oluwaseyi,CAN,FW,2,2,0,0,0,1
170,Omar Marmoush,EGY,FW,2,5,0,0,0,0
170,Thapelo Maseko,RSA,FW,2,7,0,0,0,0
170,Relebohile Mofokeng,RSA,FW,2,0,0,0,0,0
170,Lamine Camara,SEN,MF,2,2,0,0,0,0
170,Richie Laryea,CAN,DF,2,9,0,0,0,0
170,Thalente Mbatha,RSA,MF,2,0,1,0,0,0
170,Ayyoub Bouaddi,MAR,MF,2,2,0,0,0,0
170,Ahmed Fatouh,EGY,DF,2,2,1,0,0,0
170,Ramy Rabia,EGY,DF,2,0,0,0,0,0
170,Nathan Saliba,CAN,MF,2,0,0,0,0,0
170,Mohamed Salah,EGY,FW,2,4,0,0,0,0
170,Nicolas Jackson,SEN,FW,2,0,0,0,0,5
170,El Hadji Malick Diouf,SEN,DF,2,0,0,0,0,0
170,Christ Inao Oulai,CIV,MF,2,3,0,0,0,0
170,Jean Kevin Duverne,HAI,DF,2,1,0,0,0,1
170,Sadio Mane,SEN,FW,2,4,0,0,0,1
170,Tim Payne,NZL,DF,2,1,0,0,0,0
170,Tomas Holes,CZE,DF,2,2,0,0,0,0
170,Callum Mccowatt,NZL,MF,2,1,1,0,0,0
170,Lukas Provod,CZE,MF,2,1,0,0,0,1
170,Yasin Ayari,SWE,MF,2,3,1,0,0,0
170,Ismail Yuksek,TUR,MF,2,0,0,0,0,0
170,Abbosbek Fayzullaev,UZB,MF,2,3,0,0,0,0
170,Merih Demiral,TUR,DF,2,1,0,0,0,3
170,Aaron Hickey,SCO,DF,2,4,1,0,0,0
170,Johan Manzambi,SUI,MF,2,1,0,0,0,1
170,Gavi,ESP,MF,2,0,0,0,0,0
170,Sarpreet Singh,NZL,MF,2,2,1,0,0,0
170,Ivan Basic,BIH,MF,2,3,0,0,0,0
170,Elijah Just,NZL,MF,2,2,0,0,0,0
170,Yunus Akgun,TUR,FW,2,1,1,0,0,0
170,Jason Geria,AUS,DF,2,0,0,0,0,0
170,Baris Alper Yilmaz,TUR,FW,2,0,0,0,0,1
170,Ryan Thomas,NZL,MF,2,2,0,0,0,0
170,Eren Elmali,TUR,DF,2,0,1,0,0,0
170,Deniz Gul,TUR,FW,2,0,0,0,0,0
170,Hakan Calhanoglu,TUR,MF,2,1,0,0,0,0
170,Viktor Gyokeres,SWE,FW,2,1,0,0,0,1
170,Lucas Bergvall,SWE,MF,2,1,1,0,0,0
170,Marko Stamenic,NZL,MF,2,0,0,0,0,0
170,Yeremy Pino,ESP,FW,2,0,0,0,0,0
170,Tomas Chory,CZE,FW,2,1,0,0,0,0
170,Pavel Sulc,CZE,FW,2,1,0,0,0,1
170,Isak Hien,SWE,DF,2,2,0,0,0,0
170,Jordan Bos,AUS,DF,2,1,1,0,0,0
324,Edin Dzeko,BIH,FW,1,2,1,0,0,0
324,Findlay Curtis,SCO,FW,1,0,1,0,0,0
324,Samed Bazdar,BIH,FW,1,1,0,0,0,0
324,Denis Zakaria,SUI,MF,1,0,1,0,0,0
324,Lamine Yamal,ESP,FW,1,0,0,0,0,0
324,Michael Boxall,NZL,DF,1,2,0,0,0,0
324,Zeki Celik,TUR,DF,1,0,0,0,0,0
324,Kenny Mclean,SCO,MF,1,1,1,0,0,0
324,Sherzod Nasrullaev,UZB,DF,1,0,0,0,0,0
324,Aymeric Laporte,ESP,DF,1,0,0,0,0,0
324,Silvan Widmer,SUI,DF,1,0,0,0,0,0
324,Liberato Cacace,NZL,DF,1,4,0,0,0,0
324,Jackson Irvine,AUS,MF,1,0,0,0,0,0
324,Dani Olmo,ESP,FW,1,0,0,0,0,0
324,Pedri,ESP,MF,1,0,1,0,0,1
324,Mert Muldur,TUR,DF,1,2,0,0,0,0
324,Nishan Velupillay,AUS,FW,1,0,0,0,0,0
324,Rustam Ashurmatov,UZB,DF,1,0,0,0,0,0
324,Dan Ndoye,SUI,FW,1,8,0,0,0,1
324,Mikel Oyarzabal,ESP,FW,1,0,0,0,0,0
324,Rodri,ESP,MF,1,1,0,0,0,1
324,Azizjon Ganiev,UZB,MF,1,1,0,0,0,0
324,Gustaf Lagerbielke,SWE,DF,1,1,0,0,0,1
324,Marcos Llorente,ESP,DF,1,1,0,0,0,0
324,Otabek Shukurov,UZB,MF,1,4,0,0,0,0
324,Patrik Schick,CZE,FW,1,3,0,0,0,0
324,Mikel Merino,ESP,MF,1,0,0,0,0,0
324,Pedro Porro,ESP,DF,1,0,0,0,0,0
324,Odiljon Xamrobekov,UZB,MF,1,1,1,0,0,0
324,Granit Xhaka,SUI,MF,1,4,1,0,0,0
324,Tyler Bindon,NZL,DF,1,1,0,0,0,0
324,Kenan Yildiz,TUR,FW,1,2,0,0,0,0
324,Esmir Bajraktarevic,BIH,FW,1,2,0,0,0,0
324,Stepan Chaloupek,CZE,DF,1,0,0,0,0,0
324,Cedric Itten,SUI,FW,1,1,0,0,0,0
324,Dennis Hadzikadunic,BIH,DF,1,0,0,0,0,0
324,Khojiakbar Alijonov,UZB,DF,1,1,0,0,0,0
324,Mathew Leckie,AUS,FW,1,1,0,0,0,0
324,Alexander Isak,SWE,FW,1,1,0,0,0,4
324,Aziz Behich,AUS,DF,1,0,0,0,0,0
324,Chris Wood,NZL,FW,1,0,0,0,0,3
324,Alex Baena,ESP,MF,1,0,0,0,0,0
324,Aiden Oneill,AUS,MF,1,5,0,0,0,0
324,Mojmir Chytil,CZE,FW,1,0,0,0,0,0
324,Djibril Sow,SUI,MF,1,1,0,0,0,0
324,Abdulkerim Bardakci,TUR,DF,1,2,0,0,0,0
324,Ayumu Seko,JPN,DF,1,0,0,0,0,0
324,Pedro Miguel,QAT,DF,1,7,0,0,0,0
324,Zidane Iqbal,IRQ,MF,1,1,0,0,0,0
324,Ibrahim Bayesh,IRQ,MF,1,2,0,0,0,0
324,Fares Chaibi,ALG,MF,1,1,0,0,0,1
324,Mohamed Amoura,ALG,FW,1,0,0,0,0,0
324,Ahmed Alaaeldin,QAT,FW,1,1,0,0,0,0
324,Chancel Mbemba,COD,DF,1,2,1,0,0,0
324,Lee Kangin,KOR,MF,1,7,1,0,0,0
324,Ali Alipour,IRN,FW,1,1,0,0,0,0
324,Musab Aljuwayr,KSA,MF,1,1,0,0,0,2
324,Lee Jaesung,KOR,MF,1,4,0,0,0,1
324,Saman Ghoddos,IRN,MF,1,0,0,0,0,1
324,Merchas Doski,IRQ,DF,1,6,0,0,0,0
324,Ritsu Doan,JPN,MF,1,2,0,0,0,0
324,Abdallah Nasib,JOR,DF,1,1,0,0,0,0
324,Abdulaziz Hatem,QAT,MF,1,0,0,0,0,0
324,Odeh Fakhoury,JOR,FW,1,3,0,0,0,0
324,Yang Hyunjun,KOR,MF,1,0,0,0,0,1
324,Aaron Wan Bissaka,COD,DF,1,0,0,0,0,0
324,Ali Nemati,IRN,DF,1,0,0,0,0,1
324,Kevin Pina,CPV,MF,1,1,0,0,0,0
324,Salem Aldawsari,KSA,FW,1,3,1,0,0,1
324,Nawaf Bu Washl,KSA,DF,1,0,0,0,0,0
324,Ayoub Aloui,QAT,DF,1,0,0,0,0,0
324,Ali Azaizeh,JOR,FW,1,0,0,0,0,0
324,Nathanael Mbuku,COD,MF,1,2,0,0,0,0
324,Deroy Duarte,CPV,MF,1,0,0,0,0,0
324,Yazan Alarab,JOR,DF,1,0,0,0,0,0
324,Ao Tanaka,JPN,MF,1,0,0,0,0,0
324,Shahriyar Moghanloo,IRN,FW,1,1,0,0,0,1
324,Mohamed Kanno,KSA,MF,1,0,1,0,0,0
324,Takefusa Kubo,JPN,MF,1,1,0,0,0,0
324,Ramy Bensebaini,ALG,DF,1,4,0,0,0,0
324,Hassan Alhaydos,QAT,FW,1,1,0,0,0,0
324,Kou Itakura,JPN,DF,1,0,0,0,0,0
324,Simon Banza,COD,FW,1,0,0,0,0,0
324,Cho Guesung,KOR,FW,1,0,1,0,0,0
324,Husam Abudahab,JOR,DF,1,1,1,0,0,0
324,Mahmoud Abunada,QAT,GK,1,1,1,0,0,0
324,Ahmed Alganehi,QAT,MF,1,0,0,0,0,0
324,Hwang Inbeom,KOR,MF,1,1,0,0,0,0
324,Ali Alhamadi,IRQ,FW,1,3,0,0,0,0
324,Hwang Heechan,KOR,MF,1,2,0,0,0,0
324,Noor Alrawabdeh,JOR,MF,1,0,0,0,0,0
324,Amine Gouiri,ALG,FW,1,1,0,0,0,0
324,Saleem Obaid,JOR,DF,1,0,0,0,0,0
324,Yusuf Abdurisag,QAT,FW,1,2,0,0,0,0
324,Feras Albrikan,KSA,FW,1,2,0,0,0,0
324,Seol Youngwoo,KOR,DF,1,2,0,0,0,4
324,Hussein Ali,IRQ,DF,1,0,0,0,0,1
324,Abdulelah Alamri,KSA,DF,1,0,1,0,0,0
324,Mohannad Abutaha,JOR,MF,1,2,0,0,0,0
324,Paik Seungho,KOR,MF,1,2,1,0,0,0
324,Jovo Lukic,BIH,FW,1,0,1,0,0,0
324,Sherel Floranus,CUW,DF,1,0,0,0,0,0
324,Deveron Fonville,CUW,DF,1,3,0,0,0,0
324,Manuel Ugarte,URU,MF,1,0,0,0,0,0
324,Raphinha,BRA,FW,1,2,0,0,0,2
324,Mathias Olivera,URU,DF,1,0,1,0,0,0
324,Federico Valverde,URU,MF,1,0,0,0,0,0
324,Malik Tillman,USA,MF,1,7,0,0,0,0
324,Alejandro Romero Gamarra,PAR,FW,1,1,0,0,0,0
324,Dominique Simon,HAI,MF,1,1,0,0,0,0
324,Pedro Vite,ECU,MF,1,2,0,0,0,0
324,Lionel Messi,ARG,FW,1,5,0,0,0,2
324,Mateo Chavez,MEX,DF,1,1,0,0,0,0
324,Piero Hincapie,ECU,DF,1,3,0,0,0,0
324,Jhon Cordoba,COL,FW,1,1,0,0,0,1
324,Nico Paz,ARG,FW,1,0,0,0,0,0
324,Amir Murillo,PAN,DF,1,4,0,0,0,0
324,Jose Canale,PAR,DF,1,0,0,0,0,0
324,Alex Sandro,BRA,DF,1,0,0,0,0,0
324,Gonzalo Plata,ECU,FW,1,1,0,0,0,0
324,Gilberto Mora,MEX,MF,1,1,0,0,0,0
324,Antonee Robinson,USA,DF,1,0,1,0,0,0
324,Jordy Alcivar,ECU,MF,1,0,1,0,0,0
324,Antonio Sanabria,PAR,FW,1,1,0,0,0,0
324,Christian Pulisic,USA,FW,1,1,0,0,0,0
324,Giovanni Reyna,USA,MF,1,1,0,0,0,0
324,Alex Freeman,USA,DF,1,1,0,0,0,0
324,Nilson Angulo,ECU,FW,1,1,0,0,0,0
324,Armando Gonzalez,MEX,FW,1,0,0,0,0,0
324,Obed Vargas,MEX,MF,1,0,0,0,0,0
324,Darwin Nunez,URU,FW,1,0,0,0,0,0
324,Leandro Paredes,ARG,MF,1,0,1,0,0,0
324,Cecilio Waterman,PAN,FW,1,1,0,0,0,0
324,Guillermo Varela,URU,DF,1,0,0,0,0,0
324,Junior Alonso,PAR,DF,1,3,1,0,0,1
324,Julian Alvarez,ARG,FW,1,0,0,0,0,0
324,Luis Chavez,MEX,MF,1,0,0,0,0,0
324,Johan Mojica,COL,DF,1,3,1,0,0,0
324,Ederson Silva,BRA,MF,1,0,0,0,0,0
324,Gabriel Magalhaes,BRA,DF,1,3,0,0,0,0
324,Gonzalo Montiel,ARG,DF,1,0,0,0,0,0
324,Israel Reyes,MEX,DF,1,0,0,0,0,0
324,Luis Suarez,COL,FW,1,4,0,0,0,1
324,Nahuel Molina,ARG,DF,1,0,0,0,0,0
324,Jhon Arias,COL,MF,1,1,0,0,0,0
324,Endrick,BRA,FW,1,0,0,0,0,1
324,Lisandro Martinez,ARG,DF,1,0,0,0,0,0
324,Alex Arce,PAR,FW,1,0,1,0,0,0
324,Luis Romo,MEX,MF,1,2,0,0,0,0
324,Ayoub El Kaabi,MAR,FW,1,1,0,0,0,3
324,Zizo,EGY,FW,1,0,0,0,0,0
324,Issa Diop,MAR,DF,1,0,1,0,0,0
324,Elias Saad,TUN,FW,1,3,0,0,0,1
324,Mbekezeli Mbokazi,RSA,DF,1,2,0,0,0,1
324,Evann Guessand,CIV,FW,1,0,0,0,0,0
324,Themba Zwane,RSA,MF,1,0,0,1,0,0
324,Ange Yoan Bonny,CIV,FW,1,2,0,0,0,0
324,Kamaldeen Sulemana,GHA,FW,1,1,0,0,0,1
324,Dylan Bronn,TUN,DF,1,0,0,0,0,0
324,Mohamed Hany,EGY,DF,1,0,0,0,0,0
324,Nkosinathi Sibisi,RSA,DF,1,0,1,0,0,0
324,Anass Salah Eddine,MAR,DF,1,1,0,0,0,0
324,Redouane Halhal,MAR,DF,1,3,0,0,0,1
324,Jerome Opoku,GHA,DF,1,3,0,0,0,0
324,Yannick Semedo,CPV,MF,1,1,0,0,0,0
324,Sofyan Amrabat,MAR,MF,1,1,0,0,0,0
324,Emam Ashour,EGY,MF,1,6,0,0,0,0
324,Kamogelo Sebelebele,RSA,FW,1,0,0,0,0,0
324,Pathe Ciss,SEN,MF,1,0,0,0,0,0
324,Trezeguet,EGY,FW,1,0,0,0,0,0
324,Rani Khedira,TUN,MF,1,0,1,0,0,0
324,Ismael Kone,CAN,MF,1,3,0,0,0,0
324,Pape Gueye,SEN,MF,1,0,0,0,0,0
324,Pape Matar Sarr,SEN,MF,1,0,0,0,0,0
324,Thomas Partey,GHA,MF,1,1,0,0,0,0
324,Gessime Yassine,MAR,MF,1,1,0,0,0,0
324,Brahim Diaz,MAR,FW,1,7,0,0,0,0
324,Sebastian Tounekti,TUN,MF,1,0,0,0,0,0
324,Oswin Appollis,RSA,FW,1,1,0,0,0,0
324,Tshepang Moremi,RSA,FW,1,1,0,0,0,0
324,Hannes Delcroix,HAI,DF,1,2,0,0,0,0
324,Hamza Abdelkarim,EGY,FW,1,0,0,0,0,0
324,Moise Bombito,CAN,DF,1,0,0,0,0,0
324,Jonas Adjetey,GHA,DF,1,0,0,0,0,0
324,Evidence Makgopa,RSA,FW,1,1,0,0,0,1
324,Tajon Buchanan,CAN,FW,1,8,0,0,0,1
324,Idrissa Gana Gueye,SEN,MF,1,1,0,0,0,0
324,Montassar Talbi,TUN,DF,1,1,0,0,0,0
324,Ayoube Amaimouni,MAR,FW,1,0,0,0,0,0
324,Yan Diomande,CIV,FW,1,3,0,0,0,0
324,Seko Fofana,CIV,MF,1,0,1,0,0,0
324,Mathieu Choiniere,CAN,MF,1,1,0,0,0,0
324,Joao Felix,POR,FW,1,2,0,0,0,0
324,Rafael Leao,POR,FW,1,1,0,0,0,0
324,Petar Musa,CRO,FW,1,1,0,0,0,0
324,Nicolas Raskin,BEL,MF,1,0,0,0,0,0
324,Reece James,ENG,DF,1,0,0,0,0,0
324,Tomas Araujo,POR,DF,1,0,1,0,0,0
324,Lucas Digne,FRA,DF,1,0,0,0,0,0
324,Jack Hendry,SCO,DF,1,3,0,0,0,0
324,Nicolas Seiwald,AUT,MF,1,1,0,0,0,0
324,Timothy Castagne,BEL,DF,1,0,1,0,0,0
324,Virgil Van Dijk,NED,DF,1,0,0,0,0,0
324,Teun Koopmeiners,NED,MF,1,0,0,0,0,0
324,Jeremy Doku,BEL,FW,1,5,0,0,0,0
324,Brian Brobbey,NED,FW,1,1,0,0,0,1
324,Romelu Lukaku,BEL,FW,1,0,1,0,0,0
324,Jan Paul Van Hecke,NED,DF,1,1,0,0,0,0
324,Nikola Vlasic,CRO,MF,1,0,0,0,0,0
324,Kai Havertz,GER,FW,1,1,0,0,0,0
324,Phillip Mwene,AUT,DF,1,0,0,0,0,0
324,Crysencio Summerville,NED,FW,1,4,1,0,0,0
324,Sasa Kalajdzic,AUT,FW,1,2,0,0,0,0
324,Ruben Dias,POR,DF,1,1,0,0,0,0
324,Kevin Danso,AUT,DF,1,1,0,0,0,0
324,Leroy Sane,GER,MF,1,1,0,0,0,0
324,Grant Hanley,SCO,DF,1,0,0,0,0,1
324,Amadou Onana,BEL,MF,1,3,0,0,0,0
324,Marcus Holmgren Pedersen,NOR,DF,1,1,0,0,0,0
324,Youri Tielemans,BEL,MF,1,4,0,0,0,1
324,Morgan Rogers,ENG,MF,1,1,0,0,0,0
324,Florian Wirtz,GER,MF,1,1,0,0,0,0
324,Bernardo Silva,POR,MF,1,0,1,0,0,0
324,Marin Pongracic,CRO,DF,1,0,0,0,0,0
324,Nico Oreilly,ENG,DF,1,1,0,0,0,0
324,Martin Odegaard,NOR,MF,1,2,0,0,0,0
324,Leandro Trossard,BEL,FW,1,3,0,0,0,1
324,Nelson Semedo,POR,DF,1,0,1,0,0,0
324,John Stones,ENG,DF,1,1,0,0,0,0
324,Malo Gusto,FRA,DF,1,0,0,0,0,0
324,Torbjorn Heggem,NOR,DF,1,0,0,0,0,0
324,Francisco Conceicao,POR,FW,1,0,0,0,0,1
324,Jules Kounde,FRA,DF,1,1,0,0,0,1
324,Memphis Depay,NED,FW,1,1,1,0,0,0
324,Pedro Neto,POR,FW,1,1,0,0,0,0
324,Anthony Gordon,ENG,FW,1,3,0,0,0,0
324,Cody Gakpo,NED,FW,1,2,0,0,0,2
324,Cristiano Ronaldo,POR,FW,1,1,0,0,0,2
324,Luka Vuskovic,CRO,DF,1,1,0,0,0,0
324,Carney Chukwuemeka,AUT,MF,1,1,0,0,0,0
565,Jean Philippe Mateta,FRA,FW,0,0,0,0,0,0
565,Malick Thiaw,GER,DF,0,0,0,0,0,0
565,Eberechi Eze,ENG,MF,0,1,0,0,0,0
565,Francisco Trincao,POR,FW,0,0,0,0,0,0
565,Mark Flekken,NED,GK,0,0,0,0,0,0
565,Mike Maignan,FRA,GK,0,1,0,0,0,0
565,Nick Woltemade,GER,FW,0,0,0,0,0,0
565,Senne Lammens,BEL,GK,0,0,0,0,0,0
565,Oscar Bobb,NOR,MF,0,0,0,0,0,0
565,Orjan Nyland,NOR,GK,0,0,0,0,0,0
565,Tijjani Reijnders,NED,MF,0,2,0,0,0,1
565,Dejan Ljubicic,AUT,MF,0,0,0,0,0,0
565,Matheus Nunes,POR,MF,0,0,0,0,0,0
565,Ivan Toney,ENG,FW,0,0,0,0,0,0
565,Lucas Hernandez,FRA,DF,0,0,0,0,0,0
565,Noni Madueke,ENG,FW,0,2,0,0,0,0
565,Samu Costa,POR,DF,0,0,0,0,0,0
565,Florian Wiegele,AUT,GK,0,0,0,0,0,0
565,Ousmane Dembele,FRA,FW,0,1,0,0,0,0
565,Ruben Neves,POR,MF,0,0,0,0,0,0
565,Koni De Winter,BEL,DF,0,0,0,0,0,0
565,Mike Penders,BEL,GK,0,0,0,0,0,0
565,Michael Olise,FRA,FW,0,3,0,0,0,0
565,Noa Lang,NED,FW,0,1,0,0,0,0
565,Dan Burn,ENG,DF,0,0,0,0,0,0
565,Duje Caleta Car,CRO,DF,0,0,0,0,0,0
565,Kristoffer Ajer,NOR,DF,0,1,0,0,0,0
565,Lutsharel Geertruida,NED,DF,0,0,0,0,0,0
565,Nadiem Amiri,GER,MF,0,0,0,0,0,0
565,Dominik Kotarski,CRO,GK,0,0,0,0,0,0
565,Goncalo Guedes,POR,FW,0,0,0,0,0,0
565,Joshua Kimmich,GER,DF,0,2,0,0,0,0
565,Nikola Moro,CRO,MF,0,0,0,0,0,0
565,Donyell Malen,NED,FW,0,0,0,0,0,0
565,Aurelien Tchouameni,FRA,MF,0,0,0,0,0,0
565,Marco Friedl,AUT,DF,0,0,0,0,0,0
565,Rui Silva,POR,GK,0,0,0,0,0,0
565,Leo Ostigard,NOR,DF,0,1,0,0,0,0
565,Robin Risser,FRA,GK,0,0,0,0,0,0
565,Trevoh Chalobah,ENG,DF,0,0,0,0,0,0
565,Marco Pasalic,CRO,FW,0,2,0,0,0,2
565,Jorrel Hato,NED,DF,0,0,0,0,0,0
565,Dodi Lukebakio,BEL,FW,0,1,0,0,0,0
565,Maximilian Beier,GER,FW,0,0,0,0,0,0
565,William Saliba,FRA,DF,0,0,0,0,0,0
565,Marten De Roon,NED,MF,0,0,0,0,0,0
565,Henrik Falchener,NOR,DF,0,0,0,0,0,0
565,Manuel Neuer,GER,GK,0,1,0,0,0,0
565,Jorgen Strand Larsen,NOR,FW,0,0,0,0,0,0
565,Craig Gordon,SCO,GK,0,0,0,0,0,0
565,Axel Witsel,BEL,MF,0,0,0,0,0,0
565,Warren Zaire Emery,FRA,MF,0,0,0,0,0,0
565,Fredrik Andre Bjorkan,NOR,DF,0,0,0,0,0,0
565,Assan Ouedraogo,GER,MF,0,0,0,0,0,0
565,Ibrahima Konate,FRA,DF,0,0,0,0,0,0
565,Josip Stanisic,CRO,DF,0,3,0,0,0,0
565,Ollie Watkins,ENG,FW,0,0,0,0,0,0
565,Oliver Baumann,GER,GK,0,0,0,0,0,0
565,Ivor Pandur,CRO,GK,0,0,0,0,0,0
565,Martin Erlic,CRO,DF,0,0,0,0,0,0
565,Diogo Dalot,POR,DF,0,0,0,0,0,0
565,Mats Wieffer,NED,DF,0,0,0,0,0,0
565,Martin Baturina,CRO,MF,0,9,0,0,0,0
565,David Affengruber,AUT,DF,0,0,0,0,0,0
565,Patrick Pentz,AUT,GK,0,0,0,0,0,0
565,Sander Tangvik,NOR,GK,0,0,0,0,0,0
565,Egil Selvik,NOR,GK,0,0,0,0,0,0
565,Michael Gregoritsch,AUT,FW,0,1,0,0,0,0
565,Alexis Saelemaekers,BEL,MF,0,0,0,0,0,1
565,Brice Samba,FRA,GK,0,0,0,0,0,0
565,Arthur Theate,BEL,DF,0,0,0,0,0,0
565,Djed Spence,ENG,DF,0,0,0,0,0,0
565,Theo Hernandez,FRA,DF,0,0,0,0,0,0
565,Justin Kluivert,NED,MF,0,0,0,0,0,0
565,Goncalo Ramos,POR,FW,0,0,0,0,0,0
565,James Trafford,ENG,GK,0,0,0,0,0,0
565,Antonio Nusa,NOR,FW,0,2,0,0,0,0
565,Dean Henderson,ENG,GK,0,0,0,0,0,0
565,Luka Sucic,CRO,MF,0,0,0,0,0,0
565,Rayan Cherki,FRA,MF,0,1,0,0,0,0
565,Kevin De Bruyne,BEL,MF,0,3,0,0,0,0
565,Morten Thorsby,NOR,MF,0,0,0,0,0,0
565,Hans Vanaken,BEL,MF,0,0,0,0,0,0
565,Waldemar Anton,GER,DF,0,0,0,0,0,0
565,Desire Doue,FRA,FW,0,1,0,0,0,0
565,Jordan Pickford,ENG,GK,0,3,0,0,0,0
565,Alexander Nuebel,GER,GK,0,0,0,0,0,0
565,Charles De Ketelaere,BEL,FW,0,1,0,0,0,0
565,Kristian Thorstvedt,NOR,MF,0,0,0,0,0,0
565,Robin Roefs,NED,GK,0,0,0,0,0,0
565,Joao Neves,POR,MF,0,2,0,0,0,0
565,Marcus Thuram,FRA,FW,0,0,0,0,0,0
565,Ngolo Kante,FRA,MF,0,0,0,0,0,0
565,Wout Weghorst,NED,FW,0,0,0,0,0,0
565,Jamie Leweling,GER,MF,0,0,0,0,0,0
565,Florian Grillitsch,AUT,MF,0,0,0,0,0,0
565,Maxence Lacroix,FRA,DF,0,0,0,0,0,0
565,Joaquin Seys,BEL,DF,0,0,0,0,0,0
565,Bart Verbruggen,NED,GK,0,0,0,0,0,0
565,Diego Moreira,BEL,MF,0,0,0,0,0,0
565,Matias Fernandez Pardo,BEL,FW,0,0,0,0,0,0
565,Diogo Costa,POR,GK,0,0,0,0,0,0
565,Sondre Langas,NOR,DF,0,0,0,0,0,0
565,Pascal Gross,GER,MF,0,0,0,0,0,0
565,Jens Petter Hauge,NOR,MF,0,0,0,0,0,0
565,Thelo Aasgaard,NOR,MF,0,0,0,0,0,0
565,Quinten Timber,NED,MF,0,0,0,0,0,0
565,Maghnes Akliouche,FRA,MF,0,0,0,0,0,0
565,Kristijan Jakic,CRO,DF,0,0,0,0,0,0
565,Andrej Kramaric,CRO,FW,0,0,0,0,0,1
565,Leon Goretzka,GER,MF,0,0,0,0,0,0
565,Thibaut Courtois,BEL,GK,0,0,0,0,0,0
565,Nathan Ake,NED,DF,0,0,0,0,0,0
565,David Raum,GER,DF,0,0,0,0,0,0
565,Jose Sa,POR,GK,0,0,0,0,0,0
565,Goncalo Inacio,POR,DF,0,0,0,0,0,0
565,Alexander Prass,AUT,MF,0,0,0,0,0,0
565,Bradley Barcola,FRA,FW,0,0,0,0,0,0
565,Toni Fruk,CRO,MF,0,0,0,0,0,0
565,Michael Svoboda,AUT,DF,0,0,0,0,0,0
565,Kobbie Mainoo,ENG,MF,0,0,0,0,0,0
565,Dominik Livakovic,CRO,GK,0,0,0,0,0,0
565,Antonio Ruediger,GER,DF,0,0,0,0,0,0
565,Angus Gunn,SCO,GK,0,0,0,0,0,0
565,Zeno Debast,BEL,DF,0,0,0,0,0,0
565,Guus Til,NED,MF,0,0,0,0,0,0
565,Jarell Quansah,ENG,DF,0,0,0,0,0,0
565,Jordan Henderson,ENG,MF,0,0,0,0,0,0
565,Andreas Schjelderup,NOR,MF,0,1,0,0,0,0
565,Angelo Stiller,GER,MF,0,0,0,0,0,0
565,Bukayo Saka,ENG,FW,0,4,0,0,0,1
565,Martin Zlomislic,BIH,GK,0,0,0,0,0,0
565,Arjany Martha,CUW,MF,0,0,0,0,0,0
565,Brandley Kuwas,CUW,FW,0,0,0,0,0,0
565,Jeremy Antonisse,CUW,FW,0,0,0,0,0,0
565,Godfried Roemeratoe,CUW,MF,0,0,0,0,0,0
565,Armando Obispo,CUW,DF,0,0,0,0,0,1
565,Joshua Brenet,CUW,DF,0,0,0,0,0,0
565,Sontje Hansen,CUW,FW,0,0,0,0,0,0
565,Roshon Van Eijma,CUW,DF,0,0,0,0,0,0
565,Eloy Room,CUW,GK,0,0,0,0,0,0
565,Jearl Margaritha,CUW,FW,0,0,0,0,0,0
565,Mladen Jurkas,BIH,GK,0,0,0,0,0,0
565,Tyrese Noslin,CUW,FW,0,0,0,0,0,0
565,Tyrick Bodak,CUW,GK,0,0,0,0,0,0
565,Trevor Doornbusch,CUW,GK,0,0,0,0,0,0
565,Ermin Mahmic,BIH,MF,0,1,1,0,0,0
565,Kevin Felida,CUW,MF,0,0,0,0,0,0
565,Kenji Gorre,CUW,FW,0,0,0,0,0,0
565,Shurandy Sambo,CUW,DF,0,0,0,0,0,0
565,Nihad Mujakic,BIH,DF,0,0,0,0,0,0
565,Amir Hadziahmetovic,BIH,MF,0,0,0,0,0,0
565,Oston Urunov,UZB,MF,0,0,0,0,0,0
565,Besfort Zeneli,SWE,MF,0,0,0,0,0,0
565,John Souttar,SCO,DF,0,0,0,0,0,0
565,Zeki Amdouni,SUI,FW,0,2,0,0,0,0
565,Lukas Hornicek,CZE,GK,0,0,0,0,0,0
565,Haris Tabakovic,BIH,FW,0,0,0,0,0,0
565,Mathew Ryan,AUS,GK,0,0,0,0,0,0
565,Alex Paulsen,NZL,GK,0,0,0,0,0,0
565,Herman Johansson,SWE,DF,0,0,0,0,0,0
565,Joan Garcia,ESP,GK,0,0,0,0,0,0
565,Kristoffer Nordfeldt,SWE,GK,0,0,0,0,0,0
565,Viktor Johansson,SWE,GK,0,0,0,0,0,0
565,Elliot Stroud,SWE,DF,0,0,0,0,0,0
565,Lachlan Bayliss,NZL,MF,0,0,0,0,0,0
565,Ben Waine,NZL,FW,0,0,0,0,0,0
565,Alex Rufer,NZL,MF,0,0,0,0,0,0
565,Eray Coemert,SUI,DF,0,0,0,0,0,0
565,Jakhongir Urozov,UZB,DF,0,0,0,0,0,0
565,Borja Iglesias,ESP,FW,0,0,0,0,0,0
565,Michael Woud,NZL,GK,0,0,0,0,0,0
565,Avazbek Ulmasaliyev,UZB,DF,0,0,0,0,0,0
565,Alex Grimaldo,ESP,DF,0,0,0,0,0,0
565,Mattias Svanberg,SWE,MF,0,0,0,0,0,0
565,Orkun Kokcu,TUR,MF,0,3,0,0,0,0
565,Taha Ali,SWE,FW,0,0,0,0,0,0
565,Alexandr Sojka,CZE,MF,0,2,0,0,0,0
565,Scott Mckenna,SCO,DF,0,0,0,0,0,0
565,David Raya,ESP,GK,0,0,0,0,0,0
565,Lucas Herrington,AUS,DF,0,0,0,0,0,0
565,Akmal Mozgovoy,UZB,MF,0,1,0,0,0,0
565,Igor Sergeev,UZB,FW,0,0,0,0,0,1
565,Gustaf Nilsson,SWE,FW,0,0,0,0,0,0
565,Alexander Bernhardsson,SWE,DF,0,3,0,0,0,0
565,Oguz Aydin,TUR,FW,0,0,0,0,0,0
565,Matej Kovar,CZE,GK,0,0,0,0,0,0
565,Daniel Svensson,SWE,DF,0,0,0,0,0,0
565,Gregor Kobel,SUI,GK,0,1,0,0,0,0
565,Max Crocombe,NZL,GK,0,1,0,0,0,0
565,Stjepan Radeljic,BIH,DF,0,0,0,0,0,0
565,Christian Fassnacht,SUI,FW,0,0,0,0,0,0
565,Jacob Widell Zetterstrom,SWE,GK,0,0,0,0,0,0
565,Altay Bayindir,TUR,GK,0,0,0,0,0,0
565,Ozan Kabak,TUR,DF,0,0,0,0,0,0
565,Ben Old,NZL,MF,0,1,0,0,0,0
565,Martin Zubimendi,ESP,MF,0,0,0,0,0,0
565,Ferdi Kadioglu,TUR,DF,0,3,0,0,0,0
565,George Hirst,SCO,FW,0,0,0,0,0,0
565,Jan Kuchta,CZE,FW,0,0,0,0,0,0
565,Francis De Vries,NZL,DF,0,0,0,0,0,0
565,Yvon Mvogo,SUI,GK,0,0,0,0,0,0
565,Dzenis Burnic,BIH,MF,0,0,0,0,0,0
565,Salih Ozcan,TUR,MF,0,1,0,0,0,0
565,Eric Garcia,ESP,DF,0,0,0,0,0,0
565,Ugurcan Cakir,TUR,GK,0,0,0,0,0,0
565,Armin Gigovic,BIH,MF,0,1,0,0,0,0
565,Kerem Akturkoglu,TUR,FW,0,2,0,0,0,0
565,Umar Eshmurodov,UZB,DF,0,0,0,0,0,0
565,Pau Cubarsi,ESP,DF,0,0,0,0,0,0
565,Paul Izzo,AUS,GK,0,0,0,0,0,0
565,Tyler Fletcher,SCO,MF,0,0,0,0,0,0
565,Victor Munoz,ESP,FW,0,0,0,0,0,0
565,Dominic Hyam,SCO,DF,0,0,0,0,0,0
565,Farrukh Sayfiev,UZB,DF,0,2,0,0,0,0
565,Utkir Yusupov,UZB,GK,0,1,0,0,0,0
565,Ross Stewart,SCO,FW,0,0,0,0,0,0
565,Marc Pubill,ESP,DF,0,0,0,0,0,0
565,Azizbek Amonov,UZB,FW,0,0,0,0,0,0
565,Miro Muheim,SUI,DF,0,0,0,0,0,0
565,Kosta Barbarouses,NZL,FW,0,0,0,0,0,0
565,Milos Degenek,AUS,DF,0,0,0,0,0,0
565,Michal Sadilek,CZE,MF,0,3,0,0,0,0
565,Denis Visinsky,CZE,FW,0,1,0,0,0,0
565,David Doudera,CZE,DF,0,1,0,0,0,0
565,Patrick Beach,AUS,GK,0,0,0,0,0,0
565,Jindrich Stanek,CZE,GK,0,0,0,0,0,0
565,Manuel Akanji,SUI,DF,0,2,0,0,0,0
565,Jesse Randall,NZL,FW,0,0,0,0,0,0
565,Nico Williams,ESP,FW,0,0,0,0,0,0
565,Noah Okafor,SUI,FW,0,0,0,0,0,0
565,Cameron Burgess,AUS,DF,0,0,0,0,0,0
565,David Jurasek,CZE,DF,0,0,0,0,0,0
565,Carl Starfelt,SWE,DF,0,0,0,0,0,0
565,Kaan Ayhan,TUR,MF,0,0,0,0,0,0
565,Aurele Amenda,SUI,DF,0,0,0,0,0,0
565,Ken Sema,SWE,MF,0,0,0,0,0,0
565,Cristian Volpato,AUS,FW,0,1,0,0,0,0
565,Dostonbek Khamdamov,UZB,MF,0,0,0,0,0,0
565,Anthony Elanga,SWE,FW,0,1,0,0,0,0
565,Nando Pijnaker,NZL,DF,0,0,0,0,0,0
565,Cameron Devlin,AUS,MF,0,0,0,0,0,0
565,Ajdin Hrustic,AUS,FW,0,0,0,0,0,0
565,Unai Simon,ESP,GK,0,0,0,0,0,0
565,Jamshid Iskanderov,UZB,MF,0,0,0,0,0,0
565,Fabian Rieder,SUI,MF,0,2,0,0,0,0
565,Jacob Italiano,AUS,DF,0,0,1,0,0,0
565,Jaroslav Zeleny,CZE,DF,0,2,0,0,0,0
565,Irfan Can Kahveci,TUR,FW,0,0,0,0,0,0
565,Hjalmar Ekdal,SWE,DF,0,0,0,0,0,0
565,Arda Guler,TUR,FW,0,8,0,0,0,1
565,Callan Elliot,NZL,DF,0,0,0,0,0,0
565,Kai Trewin,AUS,DF,0,0,0,0,0,0
565,Samet Akaydin,TUR,DF,0,0,0,0,0,0
565,Mert Gunok,TUR,GK,0,0,0,0,0,0
565,Logan Rogerson,NZL,FW,0,0,0,0,0,0
565,Abduvohid Nematov,UZB,GK,0,0,0,0,0,0
565,Marvin Keller,SUI,GK,0,0,0,0,0,0
565,Eric Smith,SWE,DF,0,0,0,0,0,0
565,Caglar Soyuncu,TUR,DF,0,0,0,0,0,0
565,Connor Metcalfe,AUS,MF,0,0,0,0,0,0
565,David Zima,CZE,DF,0,0,0,0,0,0
565,Nikola Vasilj,BIH,GK,0,0,0,0,0,0
565,Fabian Ruiz,ESP,MF,0,0,0,0,0,0
565,Ardon Jashari,SUI,MF,0,0,0,0,0,0
565,Vladimir Darida,CZE,MF,0,1,0,0,0,0
565,Liam Kelly,SCO,GK,0,0,0,0,0,0
565,Botirali Ergashev,UZB,GK,0,0,0,0,0,0
565,Sherzod Esanov,UZB,MF,0,0,0,0,0,0
565,Awer Mabil,AUS,FW,0,0,0,0,0,0
565,Hugo Sochurek,CZE,MF,0,0,0,0,0,0
565,Can Uzun,TUR,FW,0,1,0,0,0,0
565,Moteb Alharbi,KSA,DF,0,4,0,0,0,0
565,Luca Zidane,ALG,GK,0,0,0,0,0,0
565,Mohammad Abughoush,JOR,MF,0,0,0,0,0,0
565,Son Heungmin,KOR,FW,0,4,0,0,0,2
565,Daichi Kamada,JPN,MF,0,1,0,0,0,0
565,Riyad Mahrez,ALG,FW,0,3,0,0,0,0
565,Ibrahim Sadeh,JOR,MF,0,0,0,0,0,0
565,Alireza Beiranvand,IRN,GK,0,1,0,0,0,0
565,Vozinha,CPV,GK,0,1,0,0,0,0
565,Garry Rodrigues,CPV,MF,0,0,0,0,0,0
565,Akram Afif,QAT,FW,0,4,0,0,0,2
565,Mohammed Muntari,QAT,FW,0,0,0,0,0,0
565,Yazeed Abulaila,JOR,GK,0,0,0,0,0,0
565,Kim Seunggyu,KOR,GK,0,0,0,0,0,0
565,Zineddine Belaid,ALG,DF,0,0,0,0,0,0
565,Tahsin Mohammed,QAT,FW,0,0,0,0,0,0
565,Kim Jingyu,KOR,MF,0,1,0,0,0,0
565,Khalid Alghannam,KSA,FW,0,0,0,0,0,0
565,Roozbeh Cheshmi,IRN,MF,0,0,0,0,0,0
565,Timothy Fayulu,COD,GK,0,0,0,0,0,0
565,Gael Kakuta,COD,FW,0,0,0,0,0,0
565,Fahad Talib,IRQ,GK,0,0,0,0,0,0
565,Ali Lajami,KSA,DF,0,1,0,0,0,0
565,Oh Hyeongyu,KOR,FW,0,1,0,0,0,0
565,Abdallah Alfakhori,JOR,GK,0,0,0,0,0,0
565,Steven Moreira,CPV,DF,0,0,0,0,0,0
565,Munaf Younus,IRQ,DF,0,0,0,0,0,0
565,Ahmed Basil,IRQ,GK,0,0,0,0,0,0
565,Jaouen Hadjam,ALG,DF,0,0,0,0,0,0
565,Shogo Taniguchi,JPN,DF,0,1,0,0,0,0
565,Ahmed Alkassar,KSA,GK,0,0,0,0,0,0
565,Abdullah Alkhaibari,KSA,MF,0,0,0,0,0,0
565,Noah Sadiki,COD,MF,0,0,0,0,0,0
565,Brian Cipenga,COD,FW,0,0,0,0,0,0
565,Bae Junho,KOR,MF,0,0,0,0,0,0
565,Lee Donggyeong,KOR,MF,0,0,0,0,0,0
565,Mohammed Alowais,KSA,GK,0,1,0,0,0,0
565,Anis Hadj Moussa,ALG,FW,0,1,0,0,0,0
565,Amirhossein Hosseinzadeh,IRN,FW,0,0,0,0,0,0
565,Kim Moonhwan,KOR,DF,0,0,0,0,0,0
565,Matthieu Epolo,COD,GK,0,0,0,0,0,0
565,Ibrahim Maza,ALG,MF,0,3,0,0,0,0
565,Mohammad Ghorbani,IRN,MF,0,0,0,0,0,0
565,Park Jinseob,KOR,DF,0,1,0,0,0,0
565,Mohanad Ali,IRQ,FW,0,0,0,0,0,0
565,Mohammad Abuhasheesh,JOR,DF,0,0,0,0,0,0
565,Aaron Tshibola,COD,MF,0,0,0,0,0,0
565,Logan Costa,CPV,DF,0,0,0,0,0,0
565,Rajaei Ayed,JOR,MF,0,0,0,0,0,0
565,Arya Yousefi,IRN,DF,0,1,0,0,0,0
565,Salah Zakaria,QAT,GK,0,0,0,0,0,0
565,Ziyad Aljohani,KSA,MF,0,0,0,0,0,0
565,Jalal Hassan,IRQ,GK,0,1,0,0,0,0
565,Oussama Benbot,ALG,GK,0,0,0,0,0,0
565,Ahmed Qasem,IRQ,FW,0,1,0,0,0,0
565,Koki Ogawa,JPN,FW,0,0,0,0,0,0
565,Mohammad Aldaoud,JOR,MF,0,0,0,0,0,0
565,Eom Jisung,KOR,MF,0,1,0,0,0,0
565,Fiston Mayele,COD,FW,0,0,0,0,0,0
565,Ali Majrashi,KSA,DF,0,0,0,0,0,0
565,Jehad Thikri,KSA,DF,0,0,0,0,0,0
565,Kevin Yakob,IRQ,MF,0,0,0,0,0,0
565,Samir Chergui,ALG,DF,0,0,0,0,0,0
565,Aiman Yahya,KSA,FW,0,0,0,0,0,0
565,Pico Lopes,CPV,DF,0,0,0,0,0,0
565,Ali Yousif,IRQ,FW,0,0,0,0,0,0
565,Yassine Titraoui,ALG,MF,0,0,0,0,0,0
565,Kento Shiogai,JPN,FW,0,0,0,0,0,0
565,Gedeon Kalulu,COD,DF,0,0,0,0,0,0
565,Mohamed Amine Tougai,ALG,DF,0,0,0,0,0,0
565,Abdullah Alhamddan,KSA,FW,0,0,0,0,0,0
565,Amirmohammad Razaghinia,IRN,MF,0,0,0,0,0,0
565,Cho Wije,KOR,DF,0,0,0,0,0,0
565,Payam Niazmand,IRN,GK,0,0,0,0,0,0
565,Hossein Hosseini,IRN,GK,0,0,0,0,0,0
565,Keisuke Osako,JPN,GK,0,0,0,0,0,0
565,Milad Mohammadi,IRN,DF,0,0,0,0,0,1
565,Hassan Altambakti,KSA,DF,0,1,0,0,0,0
565,Mohammad Mohebbi,IRN,MF,0,1,0,0,0,0
565,Kim Taehyeon,KOR,DF,0,0,0,0,0,0
565,Aimar Sher,IRQ,MF,0,0,0,0,0,0
565,Sultan Mandash,KSA,FW,0,0,0,0,0,0
565,Achref Abada,ALG,DF,0,0,0,0,0,0
565,Nour Baniateyah,JOR,GK,0,0,0,0,0,0
565,Willy Semedo,CPV,MF,0,0,0,0,0,0
565,Tomoki Hayakawa,JPN,GK,0,0,0,0,0,0
565,Song Bumkeun,KOR,GK,0,0,0,0,0,0
565,Ali Olwan,JOR,FW,0,2,0,0,0,1
565,Meschack Elia,COD,FW,0,0,0,0,0,0
565,Meshaal Barsham,QAT,GK,0,0,0,0,0,0
565,Mehdi Torabi,IRN,MF,0,0,0,0,0,0
565,Ahmed Maknazi,IRQ,DF,0,0,0,0,0,0
565,Adil Boulbina,ALG,FW,0,0,0,0,0,0
565,Diney Borges,CPV,DF,0,0,1,0,0,0
565,Junnosuke Suzuki,JPN,DF,0,0,0,0,0,0
565,Hassan Kadish,KSA,DF,0,0,0,0,0,0
565,Frans Putros,IRQ,DF,0,0,0,0,0,0
565,Mohammad Abuzraiq,JOR,FW,0,0,0,0,0,0
565,Melvin Mastil,ALG,GK,0,0,0,0,0,0
565,Mohammad Abualnadi,JOR,DF,0,0,0,0,0,0
565,Jo Hyeonwoo,KOR,GK,0,0,0,0,0,0
565,Yuito Suzuki,JPN,MF,0,0,0,0,0,0
565,Joris Kayembe,COD,DF,0,1,0,0,0,0
565,Ala Alhajji,KSA,MF,0,0,0,0,0,0
565,Marcio Rosa,CPV,GK,0,0,0,0,0,0
565,Nadhir Benbouali,ALG,FW,0,0,0,0,0,0
565,Ali Jasim,IRQ,FW,0,0,0,0,0,0
565,Amer Jamous,JOR,MF,0,0,0,0,0,0
565,Saed Alrosan,JOR,DF,0,0,0,0,0,0
565,Houssem Aouar,ALG,MF,0,1,0,0,0,0
565,Yukinari Sugawara,JPN,DF,0,0,0,0,0,0
565,Hossein Kanani,IRN,DF,0,0,0,0,0,0
565,Ngalayel Mukau,COD,MF,0,2,0,0,0,0
565,Dylan Batubinsika,COD,DF,0,0,0,0,0,0
565,Saleh Hardani,IRN,DF,0,1,0,0,0,0
565,Dennis Dargahi,IRN,FW,0,0,0,0,0,0
565,Cj Dos Santos,CPV,GK,0,0,0,0,0,0
565,Karim Boudiaf,QAT,MF,0,2,0,0,0,0
565,Aissa Mandi,ALG,DF,0,4,0,0,0,0
565,Youssef Amyn,IRQ,MF,0,0,0,0,0,0
565,Zion Suzuki,JPN,GK,0,1,0,0,0,0
565,Marko Farji,IRQ,FW,0,2,0,0,0,0
565,Jamiro Monteiro,CPV,MF,0,1,0,0,0,0
565,Fares Ghedjemis,ALG,FW,0,0,0,0,0,0
565,Keisuke Goto,JPN,FW,0,1,0,0,0,0
565,Almoez Ali,QAT,FW,0,0,0,0,0,0
565,Arthur Masuaku,COD,DF,0,2,0,0,0,0
565,Rebin Sulaka,IRQ,DF,0,0,0,0,0,0
565,Danial Iri,IRN,DF,0,0,0,0,0,0
565,Lucas Mendes,QAT,DF,0,0,0,0,0,1
565,Helio Varela,CPV,MF,0,0,0,0,0,0
565,Nawaf Alaqidi,KSA,GK,0,0,0,0,0,0
565,Nabil Bentaleb,ALG,MF,0,3,0,0,0,0
565,Tsuyoshi Watanabe,JPN,DF,0,1,0,0,0,0
565,Nuno Da Costa,CPV,MF,0,2,0,0,0,0
565,Stopira,CPV,DF,0,0,0,0,0,0
565,Shuto Machino,JPN,FW,0,0,0,0,0,0
565,Akam Hashim,IRQ,DF,0,2,0,0,0,0
565,Saleh Alshehri,KSA,FW,0,0,0,0,0,0
565,Anas Badawi,JOR,DF,0,0,0,0,0,0
565,Issa Laye,QAT,DF,0,3,0,0,0,0
565,Ryan Mendes,CPV,FW,0,2,0,0,0,2
565,Ramin Rezaeian,IRN,DF,0,2,0,0,0,0
565,Lionel Mpasi,COD,GK,0,0,0,0,0,0
565,Daizen Maeda,JPN,MF,0,0,0,0,0,0
565,Theo Bongonda,COD,MF,0,0,0,0,0,0
565,Mamadou Sarr,SEN,DF,0,0,0,0,0,0
565,Kelvin Pires,CPV,DF,0,0,0,0,0,0
565,Bara Sapoko Ndiaye,SEN,MF,0,0,0,0,0,0
565,Khalil Ayari,TUN,MF,0,0,0,0,0,0
565,Christopher Bonsu Baah,GHA,FW,0,0,0,0,0,0
565,Firas Chaouat,TUN,FW,0,2,0,0,0,2
565,Garven Metusala,HAI,DF,0,0,0,0,0,0
565,Johny Placide,HAI,GK,0,0,1,0,0,0
565,Benjamin Asare,GHA,GK,0,1,0,0,0,0
565,Dailon Livramento,CPV,FW,0,1,0,0,0,1
565,Duckens Nazon,HAI,FW,0,1,0,0,0,0
565,Zakaria El Ouahdi,MAR,DF,0,0,0,0,0,0
565,Hazem Mastouri,TUN,FW,0,0,0,0,0,0
565,Joseph Anang,GHA,GK,0,0,0,0,0,0
565,Brandon Thomas Asante,GHA,FW,0,0,0,0,0,1
565,Keeto Thermoncy,HAI,DF,0,0,0,0,0,0
565,Abdoulaye Seck,SEN,DF,0,0,0,0,0,0
565,Laros Duarte,CPV,MF,0,1,0,0,0,0
565,Wagner Pina,CPV,DF,0,0,0,0,0,0
565,Thabang Matuludi,RSA,DF,0,0,0,0,0,0
565,Odilon Kossounou,CIV,DF,0,1,0,0,0,0
565,Ernest Nuamah,GHA,FW,0,1,0,0,0,0
565,Ricardo Goss,RSA,GK,0,0,0,0,0,0
565,Ali Ahmed,CAN,FW,0,3,0,0,0,0
565,Ibrahim Mbaye,SEN,FW,0,1,0,0,0,0
565,Alidu Seidu,GHA,DF,0,0,0,0,0,0
565,Telmo Arcanjo,CPV,MF,0,1,0,0,0,0
565,Ismaila Sarr,SEN,FW,0,2,0,0,0,1
565,Raed Chikhaoui,TUN,DF,0,0,0,0,0,0
565,Mouhib Chamakh,TUN,GK,0,0,0,0,0,0
565,Abdul Fatawu,GHA,FW,0,4,0,0,0,0
565,Ronwen Williams,RSA,GK,0,0,0,0,0,0
565,Bazoumana Toure,CIV,FW,0,1,0,0,0,0
565,Elisha Owusu,GHA,MF,0,0,0,0,0,0
565,Wilguens Paugain,HAI,DF,0,0,0,0,0,0
565,Mory Diaw,SEN,GK,0,1,0,0,0,0
565,Gilson Benchimol,CPV,FW,0,1,0,0,0,0
565,Jean Michael Seri,CIV,MF,0,0,0,0,0,0
565,Ime Okon,RSA,DF,0,1,0,0,0,0
565,Mohamed Hadj Mahmoud,TUN,MF,0,0,0,0,0,0
565,Abdul Mumin,GHA,DF,0,0,0,0,0,0
565,Dayne St Clair,CAN,GK,0,0,0,0,0,0
565,Josue Duverger,HAI,GK,0,0,0,0,0,0
565,Antoine Mendy,SEN,DF,0,0,0,0,0,0
565,Owen Goodman,CAN,GK,0,0,0,0,0,0
565,Mohamed Amine Ben Hmida,TUN,DF,0,1,0,0,0,0
565,Joel Waterman,CAN,DF,0,0,0,0,0,0
565,Lyle Foster,RSA,FW,0,1,0,0,0,0
565,Yassine Bounou,MAR,GK,0,1,0,0,0,0
565,Ismael Gharbi,TUN,MF,0,2,0,0,0,0
565,Carl Sainte,HAI,MF,0,0,0,0,0,0
565,Ousmane Diomande,CIV,DF,0,0,0,0,0,0
565,Lawrence Ati Zigi,GHA,GK,0,1,0,0,0,0
565,Kojo Peprah Oppong,GHA,DF,0,0,0,0,0,0
565,Yassin Fortune,HAI,FW,0,1,0,0,0,0
565,Nicolas Pepe,CIV,FW,0,0,0,0,0,0
565,Iliman Ndiaye,SEN,FW,0,0,0,0,0,0
565,Jonathan Osorio,CAN,MF,0,0,0,0,0,0
565,Baba Rahman,GHA,DF,0,0,0,0,0,0
565,Sabri Ben Hessen,TUN,GK,0,0,0,0,0,0
565,Munir El Kajoui,MAR,GK,0,0,0,0,0,0
565,Yasser Ibrahim,EGY,DF,0,1,0,0,0,0
565,Alban Lafont,CIV,GK,0,0,0,0,0,0
565,Elias Achouri,TUN,FW,0,1,0,0,0,1
565,Bradley Cross,RSA,DF,0,0,0,0,0,0
565,Simon Adingra,CIV,FW,0,0,0,0,0,0
565,Niko Sigur,CAN,DF,0,0,0,0,0,0
565,Mohamed Alaa,EGY,GK,0,0,0,0,0,0
565,Rayan Elloumi,TUN,FW,0,0,0,0,0,0
565,Tarek Alaa,EGY,DF,0,0,0,0,0,0
565,Yehvann Diouf,SEN,GK,0,0,0,0,0,0
565,Mahdy Soliman,EGY,GK,0,0,0,0,0,0
565,Yahia Fofana,CIV,GK,0,2,0,0,0,0
565,Ismail Jakobs,SEN,DF,0,0,0,0,0,0
565,Samukele Kabini,RSA,DF,0,0,0,0,0,0
565,Joao Paulo,CPV,MF,0,1,0,0,0,0
565,Jovane Cabral,CPV,MF,0,0,0,0,0,0
565,Krepin Diatta,SEN,DF,0,1,0,0,0,0
565,Mortadha Ben Ouanes,TUN,DF,0,0,0,0,0,0
565,Mahmoud Saber,EGY,MF,0,0,0,0,0,0
565,Mohamed Kone,CIV,GK,0,0,0,0,0,0
565,Samir El Mourabet,MAR,MF,0,1,0,0,0,0
565,Anis Slimane,TUN,MF,0,0,0,0,0,2
565,Hossam Abdelmaguid,EGY,DF,0,0,0,0,0,0
565,Derrick Luckassen,GHA,DF,0,0,0,0,0,0
565,Ghislain Konan,CIV,DF,0,0,0,0,0,0
565,Moutaz Neffati,TUN,DF,0,0,0,0,0,0
565,Adam Arous,TUN,DF,0,0,0,0,0,0
565,Karim Hafez,EGY,DF,0,0,0,0,0,0
565,Cherif Ndiaye,SEN,FW,0,0,0,0,0,0
565,Jayden Adams,RSA,MF,0,0,0,0,0,0
565,Markhus Lacroix,HAI,DF,0,0,0,0,0,0
565,Evan Ndicka,CIV,DF,0,0,0,0,0,0
565,Edouard Mendy,SEN,GK,0,0,0,0,0,0
565,Oumar Diakite,CIV,FW,0,0,0,0,0,0
565,Jonathan David,CAN,FW,0,4,0,0,0,0
565,Mohamed Elshenawy,EGY,GK,0,0,0,0,0,0
565,Iqraam Rayners,RSA,FW,0,1,0,0,0,2
565,Amad Diallo,CIV,FW,0,0,0,0,0,0
565,Nabil Donga,EGY,MF,0,0,0,0,0,0
565,Ellyes Skhiri,TUN,MF,0,0,0,0,0,0
565,Woodensky Pierre,HAI,MF,0,0,0,0,0,0
565,Ibrahim Sangare,CIV,MF,0,1,0,0,0,0
565,Chemsdine Talbi,MAR,MF,0,0,0,0,0,0
565,Azzedine Ounahi,MAR,MF,0,1,0,0,0,0
565,Alfie Jones,CAN,DF,0,0,0,0,0,0
565,Omar Rekik,TUN,DF,0,1,0,0,0,1
565,Assane Diao,SEN,FW,0,0,0,0,0,0
565,Youssef Belammari,MAR,DF,0,0,0,0,0,0
565,Kalidou Koulibaly,SEN,DF,0,0,0,0,0,0
565,Sipho Chaine,RSA,GK,0,0,0,0,0,0
565,Bamba Dieng,SEN,FW,0,0,0,0,0,0
565,Augustine Boakye,GHA,MF,0,0,0,0,0,0
565,Parfait Guiagon,CIV,MF,0,0,0,0,0,0
565,Maxime Crepeau,CAN,GK,0,0,0,0,0,0
565,Jacob Shaffelburg,CAN,MF,0,0,0,0,0,0
565,Alphonso Davies,CAN,DF,0,0,0,0,0,0
565,Elye Wahi,CIV,FW,0,0,0,0,0,0
565,Christopher Operi,CIV,DF,0,0,0,0,0,0
565,Ahmed Reda Tagnaouti,MAR,GK,0,0,0,0,0,0
565,Alexandre Pierre,HAI,GK,0,0,0,0,0,0
565,Jayden Nelson,CAN,FW,0,0,0,0,0,0
565,Ibrahim Adel,EGY,FW,0,0,0,0,0,0
565,Mohamed Abdelmoneim,EGY,DF,0,0,0,0,0,0
565,Aymen Dahmen,TUN,GK,0,1,0,0,0,0
565,Derrick Etienne,HAI,FW,0,0,0,0,0,0
565,Olwethu Makhanya,RSA,DF,0,0,0,0,0,0
565,Moussa Niakhate,SEN,DF,0,5,0,0,0,0
565,Haissem Hassan,EGY,FW,0,0,0,0,0,0
565,Chadi Riad,MAR,DF,0,0,0,0,0,0
565,Khulumani Ndamane,RSA,DF,0,0,0,0,0,0
565,Emmanuel Agbadou,CIV,DF,0,0,0,0,0,0
565,Mostafa Shoubir,EGY,GK,0,3,0,0,0,0
565,Facundo Pellistri,URU,FW,0,0,0,0,0,0
565,Danilo Santos,BRA,MF,0,0,0,0,0,0
565,Matt Freese,USA,GK,0,1,0,0,0,0
565,Santiago Arias,COL,DF,0,0,0,0,0,0
565,Federico Vinas,URU,FW,0,1,0,0,0,3
565,Santiago Gimenez,MEX,FW,0,1,0,0,0,0
565,Miles Robinson,USA,DF,0,0,0,0,0,0
565,Ismael Diaz,PAN,MF,0,0,0,0,0,0
565,Anibal Godoy,PAN,MF,0,1,0,0,0,0
565,Adalberto Carrasquilla,PAN,MF,0,0,0,0,0,0
565,Hernan Galindez,ECU,GK,0,0,0,0,0,0
565,Luis Mejia,PAN,GK,0,0,0,0,0,0
565,Tomas Rodriguez,PAN,FW,0,1,0,0,0,0
565,Jorge Gutierrez,PAN,DF,0,0,0,0,0,0
565,Cesar Samudio,PAN,GK,0,0,0,0,0,0
565,Exequiel Palacios,ARG,MF,0,0,0,0,0,0
565,Gatito Fernandez,PAR,GK,0,0,0,0,0,0
565,Alessandro Schoepf,AUT,MF,0,0,0,0,0,0
565,Alberto Quintero,PAN,MF,0,0,0,0,0,0
565,Ramon Sosa,PAR,MF,0,1,0,0,0,0
565,Juan Quintero,COL,MF,0,0,0,0,0,0
565,Jaminton Campaz,COL,FW,0,1,0,0,0,0
565,Denil Castillo,ECU,MF,0,0,0,0,0,0
565,Alan Minda,ECU,MF,0,1,0,0,0,0
565,Orbelin Pineda,MEX,MF,0,0,0,0,0,0
565,Marko Arnautovic,AUT,FW,0,1,0,0,0,1
565,Giuliano Simeone,ARG,FW,0,0,0,0,0,0
565,Jeremy Arevalo,ECU,FW,0,0,0,0,0,0
565,Ronald Araujo,URU,DF,0,0,0,0,0,0
565,Kevin Castano,COL,MF,0,0,0,0,0,0
565,Alexis Vega,MEX,FW,0,0,0,0,0,0
565,Alvaro Fidalgo,MEX,MF,0,2,0,0,0,0
565,Gaston Olveira,PAR,GK,0,0,0,0,0,0
565,Gonzalo Valle,ECU,GK,0,0,0,0,0,0
565,Cesar Huerta,MEX,FW,0,0,0,0,0,0
565,Jordy Caicedo,ECU,FW,0,0,0,0,0,0
565,Chris Brady,USA,GK,0,0,0,0,0,0
565,Emiliano Martinez,ARG,GK,0,0,0,0,0,0
565,Haji Wright,USA,FW,0,0,0,0,0,1
565,Bremer,BRA,DF,0,0,0,0,0,0
565,Tim Ream,USA,DF,0,1,0,0,0,0
565,Philipp Lienhart,AUT,DF,0,0,0,0,0,0
565,Matt Turner,USA,GK,0,0,0,0,0,0
565,Matheus Cunha,BRA,FW,0,2,0,0,0,1
565,Nicolas De La Cruz,URU,MF,0,2,0,0,0,0
565,Weverton,BRA,GK,0,0,0,0,0,0
565,Neymar Jr,BRA,FW,0,1,0,0,0,0
565,Geronimo Rulli,ARG,GK,0,0,0,0,0,0
565,Rodrigo Zalazar,URU,MF,0,0,0,0,0,0
565,Kevin Rodriguez,ECU,FW,0,1,0,0,0,0
565,Guillermo Ochoa,MEX,GK,0,0,0,0,0,0
565,Rodrigo De Paul,ARG,MF,0,1,0,0,0,0
565,Max Arfsten,USA,DF,0,0,0,0,0,0
565,Moises Ramirez,ECU,GK,0,0,0,0,0,0
565,Gabriel Avalos,PAR,FW,0,0,0,0,0,0
565,Brenden Aaronson,USA,FW,0,0,0,0,0,0
565,Matias Vina,URU,DF,0,1,0,0,0,1
565,Santiago Mele,URU,GK,0,0,0,0,0,0
565,Azarias Londono,PAN,FW,0,0,0,0,0,0
565,Edgardo Farina,PAN,DF,0,0,0,0,0,0
565,Giovani Lo Celso,ARG,MF,0,0,0,0,0,0
565,Sergino Dest,USA,DF,0,2,0,0,0,0
565,James Rodriguez,COL,MF,0,2,0,0,0,0
565,Raul Rangel,MEX,GK,0,0,0,0,0,0
565,Juan Manuel Sanabria,URU,MF,0,0,0,0,0,1
565,Angelo Preciado,ECU,DF,0,1,0,0,0,0
565,Cucho Hernandez,COL,FW,0,0,0,0,0,0
565,Alexander Schlager,AUT,GK,0,0,0,0,0,0
565,Sebastian Berhalter,USA,MF,0,2,0,0,0,0
565,Rodrigo Aguirre,URU,FW,0,0,0,0,0,0
565,Mauricio,PAR,MF,0,1,0,0,0,0
565,Julio Enciso,PAR,FW,0,7,0,0,0,0
565,Orlando Gill,PAR,GK,0,0,0,0,0,0
565,Juan Portilla,COL,MF,0,0,0,0,0,0
565,Marcel Sabitzer,AUT,MF,0,1,1,0,0,0
565,Gustavo Velazquez,PAR,DF,0,0,0,0,0,0
565,Santiago Bueno,URU,DF,0,0,0,0,0,0
565,Yaimar Medina,ECU,DF,0,0,0,0,0,0
565,Braian Ojeda,PAR,MF,0,0,0,0,0,0
565,Nicolas Tagliafico,ARG,DF,0,1,0,0,0,0
565,Giorgian De Arrascaeta,URU,MF,0,0,0,0,0,0
565,Gustavo Caballero,PAR,MF,0,0,0,0,0,0
565,Auston Trusty,USA,DF,0,0,0,0,0,0
565,Yerry Mina,COL,DF,0,0,0,0,0,0
565,Fabian Balbuena,PAR,DF,0,0,0,0,0,0
565,Leo Pereira,BRA,DF,0,0,0,0,0,0
565,Fidel Escobar,PAN,DF,0,0,0,0,0,0
565,Johan Vasquez,MEX,DF,0,0,0,0,0,0
565,Marquinhos,BRA,DF,0,0,0,0,0,0
565,Cesar Yanis,PAN,MF,0,0,0,0,0,0
565,Felix Torres,ECU,DF,0,0,0,0,0,0
565,Thiago Almada,ARG,FW,0,1,0,0,0,2
565,Jorge Carrascal,COL,MF,0,0,0,0,0,0
565,Roderick Miller,PAN,DF,0,0,0,0,0,0
565,Valentin Barco,ARG,MF,0,0,0,0,0,0
565,Joe Scally,USA,DF,0,1,0,0,0,0
565,Ederson,BRA,GK,0,0,0,0,0,0
565,Alex Zendejas,USA,FW,0,0,0,0,0,0
565,David Ospina,COL,GK,0,0,0,0,0,0
565,Emiliano Martinez,URU,MF,0,0,0,0,0,0
565,Mark Mckenzie,USA,DF,0,0,0,0,0,0
565,Jose Manuel Lopez,ARG,FW,0,0,0,0,0,0
565,Luiz Henrique,BRA,FW,0,1,0,0,0,0
565,Jose Maria Gimenez,URU,DF,0,0,0,0,0,0
565,Brian Rodriguez,URU,FW,0,1,0,0,0,0
565,Fernando Muslera,URU,GK,0,0,0,0,0,0
565,Alexandro Maidana,PAR,DF,0,0,0,0,0,0
565,John Yeboah,ECU,FW,0,0,0,0,0,0
565,Sergio Rochet,URU,GK,0,0,0,0,0,0
565,Anthony Valencia,ECU,MF,0,0,0,0,0,0
565,Alisson,BRA,GK,0,0,0,0,0,0
565,Orlando Mosquera,PAN,GK,0,0,0,0,0,0
565,Kendry Paez,ECU,MF,0,0,0,0,0,0
565,Willer Ditta,COL,DF,0,0,0,0,0,0
565,Deiver Machado,COL,DF,0,0,0,0,0,0
565,Marcos Senesi,ARG,DF,0,0,0,0,0,0
565,Carlos Acevedo,MEX,GK,0,0,0,0,0,0
565,Alvaro Montero,COL,GK,0,0,0,0,0,0
565,Cristian Roldan,USA,MF,0,0,0,0,0,0
565,Andres Gomez,COL,FW,0,0,0,0,0,0
565,Juan Musso,ARG,GK,0,0,0,0,0,0
565,Nico Gonzalez,ARG,MF,0,2,0,0,0,0
565,Eric Davis,PAN,DF,0,0,0,0,0,0
565,Joel Ordonez,ECU,DF,0,0,0,0,0,0
565,Camilo Vargas,COL,GK,0,0,0,0,0,0
565,Damian Bobadilla,PAR,MF,0,1,0,0,0,0
565,David Alaba,AUT,DF,0,0,0,0,0,0
565,Joaquin Piquerez,URU,MF,0,0,0,0,0,0
