Posição,Jogador,País,Posição Campo,Passes,Precisão dos passes (%),Cruzamentos,Precisão dos cruzamentos (%),Tentativas de ruptura da linha defensiva,Precisão das rupturas da linha defensiva ((%)),Tentativas de mudança de direção do jogo,Precisão das mudanças de direção do jogo ((%))
1,Gabriel Magalhaes,BRA,DF,260,96,0,0,1,0,0,0
2,Manuel Akanji,SUI,DF,251,92,0,0,5,100,5,100
3,Marquinhos,BRA,DF,245,97,0,0,4,75,5,100
4,Rodri,ESP,MF,243,94,1,0,9,100,3,100
5,Granit Xhaka,SUI,MF,239,91,1,0,7,43,7,100
6,Lee Gihyuk,KOR,MF,236,92,4,0,3,0,4,100
7,Kim Minjae,KOR,DF,226,98,0,0,0,0,0,0
7,Vitinha,POR,MF,226,95,0,0,4,75,6,100
9,Nico Elvedi,SUI,DF,222,95,0,0,2,50,2,100
10,Hwang Inbeom,KOR,MF,218,89,3,67,5,80,2,100
11,Achraf Hakimi,MAR,DF,214,93,21,38,4,75,6,83
12,Pau Cubarsi,ESP,DF,204,99,0,0,1,100,1,100
13,Lewis Ferguson,SCO,MF,201,92,9,11,3,33,1,100
14,Lee Hanbeom,KOR,DF,200,92,2,50,3,33,1,100
15,Aymeric Laporte,ESP,DF,199,95,0,0,3,100,5,100
16,Abdulkerim Bardakci,TUR,DF,193,96,6,33,3,33,0,0
16,Aissa Mandi,ALG,DF,193,92,0,0,4,25,4,75
18,Hakan Calhanoglu,TUR,MF,190,90,10,10,5,60,7,86
18,Ezri Konsa,ENG,DF,190,96,0,0,1,100,1,100
20,Ime Okon,RSA,DF,188,93,0,0,0,0,1,100
20,Neil El Aynaoui,MAR,MF,188,90,0,0,2,0,2,50
22,Mathias Olivera,URU,DF,182,96,1,0,3,100,2,100
23,Jack Hendry,SCO,DF,180,95,0,0,2,0,1,0
24,Virgil Van Dijk,NED,DF,179,94,0,0,1,100,0,0
24,Ricardo Rodriguez,SUI,DF,179,80,10,10,16,38,4,50
26,Ferdi Kadioglu,TUR,DF,175,92,4,0,9,78,1,0
27,Chadi Riad,MAR,DF,174,93,0,0,1,0,1,100
28,Chris Richards,USA,DF,173,98,0,0,2,0,1,100
29,Remo Freuler,SUI,MF,171,92,3,33,4,75,0,0
29,Ramy Bensebaini,ALG,DF,171,92,0,0,3,0,1,100
31,Moises Caicedo,ECU,MF,169,90,9,56,6,50,1,100
32,Danilo,BRA,DF,168,90,3,33,5,40,0,0
32,Stephen Eustaquio,CAN,MF,168,91,27,26,9,78,2,100
34,Pedro Vite,ECU,MF,167,92,3,67,4,75,0,0
35,Pedri,ESP,MF,166,87,13,38,8,88,2,100
36,Jan Paul Van Hecke,NED,DF,164,95,0,0,1,0,2,50
37,Jonathan Tah,GER,DF,161,98,0,0,2,100,0,0
37,Tim Ream,USA,DF,161,94,0,0,5,20,3,100
39,Ladislav Krejci,CZE,DF,160,84,2,50,2,50,1,100
40,Lee Kangin,KOR,MF,159,88,20,25,12,75,7,86
41,Joshua Kimmich,GER,DF,156,90,10,40,7,57,1,100
41,Dayot Upamecano,FRA,DF,156,93,0,0,5,80,0,0
41,Douglas Santos,BRA,DF,156,92,1,100,2,50,0,0
44,Andy Robertson,SCO,DF,153,81,11,36,7,14,3,33
45,Renato Veiga,POR,DF,152,97,0,0,4,50,0,0
45,Paik Seungho,KOR,MF,152,89,1,0,7,43,1,100
45,Alistair Johnston,CAN,DF,152,76,20,30,12,50,2,100
48,Hannes Delcroix,HAI,DF,151,97,1,0,2,50,1,100
48,Ronwen Williams,RSA,GK,151,68,0,0,7,29,3,67
50,Willian Pacho,ECU,DF,150,92,0,0,1,0,0,0
51,Florian Wirtz,GER,MF,149,87,2,0,5,60,2,100
51,Bruno Fernandes,POR,MF,149,87,12,25,9,89,4,100
53,Alex Freeman,USA,DF,148,90,1,0,3,67,2,100
53,Richie Laryea,CAN,DF,148,82,2,50,8,75,1,100
55,Moussa Niakhate,SEN,DF,147,92,2,50,0,0,3,100
55,Arda Guler,TUR,FW,147,88,14,29,5,80,3,100
55,Lucas Paqueta,BRA,MF,147,86,2,0,6,83,1,100
58,Joao Neves,POR,MF,146,96,1,0,7,71,2,50
58,Josip Sutalo,CRO,DF,146,90,0,0,2,0,3,67
60,Nathan Ngoy,BEL,DF,144,97,0,0,2,50,3,100
61,Jose Cordoba,PAN,DF,143,92,1,0,1,100,2,100
61,Bilal El Khannouss,MAR,MF,143,81,10,20,16,81,1,100
63,Andres Andrade,PAN,DF,142,84,7,0,5,40,5,80
63,Aleksandar Pavlovic,GER,MF,142,94,1,0,1,0,1,100
63,Brandon Mechele,BEL,DF,142,92,0,0,1,0,0,0
66,Teboho Mokoena,RSA,MF,141,94,2,0,3,67,2,100
67,Lisandro Martinez,ARG,DF,140,96,0,0,2,50,0,0
68,Sebastian Caceres,URU,DF,139,89,1,0,4,50,1,100
68,Enzo Fernandez,ARG,MF,139,92,1,0,4,75,3,67
70,Davinson Sanchez,COL,DF,138,94,0,0,2,0,3,100
70,Marawan Attia,EGY,MF,138,91,5,40,5,40,4,100
70,Nuno Mendes,POR,DF,138,84,13,23,6,50,0,0
70,Sead Kolasinac,BIH,DF,138,82,8,13,4,25,0,0
74,Ricardo Ade,HAI,DF,136,89,0,0,5,40,1,100
75,Khuliso Mudau,RSA,DF,135,92,5,20,4,25,0,0
75,Issa Diop,MAR,DF,135,87,0,0,3,0,0,0
75,Marc Guehi,ENG,DF,135,99,0,0,1,100,1,0
78,Johan Vasquez,MEX,DF,134,93,0,0,2,50,0,0
78,Luc De Fougerolles,CAN,DF,134,91,1,0,4,50,1,0
80,William Saliba,FRA,DF,133,98,0,0,1,0,2,100
80,Rodrigo Bentancur,URU,MF,133,92,1,0,1,0,0,0
82,Ayyoub Bouaddi,MAR,MF,132,90,0,0,0,0,0,0
82,Idrissa Gana Gueye,SEN,MF,132,91,0,0,5,60,4,100
84,Alexis Mac Allister,ARG,MF,131,95,0,0,0,0,2,100
84,Marc Cucurella,ESP,DF,131,96,7,0,2,50,0,0
86,Jean Ricner Bellegarde,HAI,MF,130,86,12,25,5,60,4,100
86,Krepin Diatta,SEN,DF,130,87,4,75,3,100,0,0
88,Elliot Anderson,ENG,MF,128,89,1,100,4,50,0,0
89,Frenkie De Jong,NED,MF,127,96,0,0,2,100,1,100
90,Torbjorn Heggem,NOR,DF,126,94,0,0,2,0,0,0
90,Edson Alvarez,MEX,DF,126,88,1,100,3,0,3,67
92,Jhon Lucumi,COL,DF,125,94,0,0,3,0,6,100
92,Sander Berge,NOR,MF,125,96,1,0,2,100,1,100
92,Mbekezeli Mbokazi,RSA,DF,125,84,2,0,3,33,1,0
95,Derek Cornelius,CAN,DF,124,87,1,0,2,50,1,0
95,Tyler Adams,USA,MF,124,89,0,0,2,100,0,0
95,Merih Demiral,TUR,DF,124,96,1,0,5,40,2,100
95,Rayan Ait Nouri,ALG,DF,124,90,7,0,5,60,0,0
95,Akam Hashim,IRQ,DF,124,89,0,0,2,0,1,100
100,Seol Youngwoo,KOR,DF,123,92,11,27,6,83,0,0
100,Nikola Katic,BIH,DF,123,89,0,0,1,0,0,0
100,Nico Schlotterbeck,GER,DF,123,89,0,0,3,67,4,75
103,Adrien Rabiot,FRA,MF,122,94,0,0,7,71,0,0
104,Bruno Guimaraes,BRA,MF,121,79,6,17,12,42,2,50
104,Jiovany Ramos,PAN,DF,121,89,0,0,2,0,2,50
104,Hiroki Ito,JPN,DF,121,92,4,0,5,40,0,0
107,Manuel Ugarte,URU,MF,120,89,0,0,2,100,0,0
107,Nikola Vasilj,BIH,GK,120,59,0,0,4,0,0,0
109,Angus Gunn,SCO,GK,119,76,0,0,0,0,1,100
109,Ahmed Fatouh,EGY,DF,119,87,4,25,7,57,0,0
109,Roberto Alvarado,MEX,FW,119,82,10,30,9,56,1,100
112,Reece James,ENG,DF,118,93,7,29,6,50,2,50
113,Antonee Robinson,USA,DF,117,83,9,22,8,75,0,0
113,Azzedine Ounahi,MAR,MF,117,91,1,0,5,40,2,100
113,Boualem Khoukhi,QAT,DF,117,80,1,0,8,25,3,100
116,Rafik Belghali,ALG,DF,116,92,2,0,2,100,0,0
116,Kim Seunggyu,KOR,GK,116,73,0,0,9,11,2,50
116,Robin Hranac,CZE,DF,116,90,1,0,2,0,0,0
116,Emmanuel Agbadou,CIV,DF,116,92,0,0,0,0,0,0
116,Danley Jean Jacques,HAI,MF,116,88,2,0,1,0,3,100
121,Gregor Kobel,SUI,GK,115,81,0,0,1,0,0,0
121,Alan Franco,ECU,MF,115,97,1,0,3,33,0,0
123,Cristian Romero,ARG,DF,113,97,0,0,1,0,0,0
123,Victor Lindelof,SWE,DF,113,95,0,0,2,50,1,100
125,Marko Stamenic,NZL,MF,111,88,1,100,5,60,0,0
125,Ismail Yuksek,TUR,MF,111,94,1,0,2,50,2,100
125,Nicolas Seiwald,AUT,MF,111,93,2,50,1,100,1,100
125,Martin Experience,HAI,DF,111,84,6,0,6,33,3,100
129,Vladimir Coufal,CZE,DF,110,72,20,30,10,60,1,0
129,Joao Cancelo,POR,DF,110,86,6,50,7,57,2,100
129,Casemiro,BRA,MF,110,89,1,100,4,50,0,0
132,Jules Kounde,FRA,DF,109,88,5,0,4,0,0,0
132,Nathan Patterson,SCO,DF,109,86,2,0,3,0,1,100
134,Luka Modric,CRO,MF,108,90,1,0,5,60,0,0
134,Ismael Kone,CAN,MF,108,86,2,0,0,0,0,0
134,Guillermo Varela,URU,DF,108,89,9,33,6,67,1,100
137,Merchas Doski,IRQ,DF,107,87,3,67,7,29,0,0
138,Johan Mojica,COL,DF,106,86,5,20,5,40,0,0
138,David Alaba,AUT,DF,106,90,0,0,2,50,0,0
138,Federico Valverde,URU,MF,106,83,6,0,11,64,5,100
138,Xaver Schlager,AUT,MF,106,95,1,0,1,100,0,0
138,Joe Bell,NZL,MF,106,83,0,0,0,0,1,100
138,Isak Hien,SWE,DF,106,95,0,0,1,0,0,0
144,Jesus Gallardo,MEX,DF,105,83,4,25,6,17,2,100
144,Cesar Montes,MEX,DF,105,93,1,0,3,33,0,0
144,Jefferson Lerma,COL,MF,105,87,0,0,2,0,0,0
144,Fares Chaibi,ALG,MF,105,87,7,0,7,57,0,0
144,Mohamed Hany,EGY,DF,105,82,7,43,4,75,0,0
144,Johny Placide,HAI,GK,105,64,0,0,2,0,0,0
150,Rodrigo De Paul,ARG,MF,104,90,2,0,2,0,0,0
150,James Rodriguez,COL,MF,104,83,10,40,6,33,5,80
150,Ivan Basic,BIH,MF,104,92,12,58,2,50,3,100
153,Daniel Munoz,COL,DF,103,93,2,0,2,0,0,0
154,Gustavo Puerta,COL,DF,102,90,2,0,1,0,2,50
154,Kaishu Sano,JPN,MF,102,94,1,100,1,100,0,0
154,Kevin Danso,AUT,DF,102,91,1,0,1,0,1,100
154,Tomas Araujo,POR,DF,102,96,0,0,0,0,2,50
158,Grant Hanley,SCO,DF,101,93,0,0,5,40,3,100
158,Micky Van De Ven,NED,DF,101,93,3,0,3,67,0,0
158,Fabian Ruiz,ESP,MF,101,96,3,0,6,83,2,100
158,Ghislain Konan,CIV,DF,101,84,3,33,5,80,1,100
158,Nabil Bentaleb,ALG,MF,101,89,0,0,2,100,0,0
158,Piero Hincapie,ECU,DF,101,81,6,33,6,33,0,0
164,Michael Boxall,NZL,DF,100,89,1,100,0,0,0,0
164,Gustaf Lagerbielke,SWE,DF,100,81,1,0,6,67,1,100
164,Noussair Mazraoui,MAR,DF,100,92,3,0,3,67,0,0
164,Yassine Bounou,MAR,GK,100,65,0,0,5,0,0,0
168,Aubrey Modiba,RSA,DF,98,82,6,50,6,17,1,100
168,Yasser Ibrahim,EGY,DF,98,96,0,0,0,0,1,100
168,Israel Reyes,MEX,DF,98,92,2,50,2,0,5,80
168,Youri Tielemans,BEL,MF,98,86,7,29,7,57,0,0
168,Michael Olise,FRA,FW,98,86,3,0,8,75,0,0
168,Kenan Yildiz,TUR,FW,98,91,7,14,8,63,0,0
174,Finn Surman,NZL,DF,97,94,0,0,1,100,0,0
174,Matej Kovar,CZE,GK,97,64,0,0,3,33,0,0
174,Felix Nmecha,GER,MF,97,96,1,0,3,100,0,0
177,Edgar Yoel Barcenas,PAN,MF,96,92,3,67,2,100,3,100
177,Scott Mctominay,SCO,MF,96,91,0,0,1,100,2,100
177,Amir Alammari,IRQ,MF,96,81,5,60,7,57,0,0
180,Mateo Kovacic,CRO,MF,95,97,0,0,1,100,1,100
181,Martin Odegaard,NOR,MF,94,84,5,20,10,50,0,0
181,Zidane Iqbal,IRQ,MF,94,93,1,100,1,100,4,100
181,Raul Rangel,MEX,GK,94,72,0,0,2,0,1,100
184,Erik Lira,MEX,MF,93,89,0,0,1,0,1,100
184,Kristoffer Ajer,NOR,DF,93,90,1,100,0,0,0,0
184,Konrad Laimer,AUT,MF,93,89,4,25,5,80,0,0
184,Omar Rekik,TUN,DF,93,83,2,0,4,25,1,100
184,Mahmoud Abunada,QAT,GK,93,54,0,0,8,0,0,0
184,Akram Afif,QAT,FW,93,78,12,33,12,42,3,67
190,Thomas Meunier,BEL,DF,92,84,5,20,6,50,2,50
190,Wilfried Singo,CIV,DF,92,86,1,0,0,0,0,0
192,Takehiro Tomiyasu,JPN,DF,91,89,1,0,5,40,1,0
192,Jhon Arias,COL,MF,91,96,4,25,3,67,2,100
192,Leandro Trossard,BEL,FW,91,91,6,50,4,75,1,100
192,Otabek Shukurov,UZB,MF,91,89,1,0,2,50,1,100
196,Stjepan Radeljic,BIH,DF,90,91,0,0,1,100,0,0
196,Marcos Llorente,ESP,DF,90,93,4,25,4,75,0,0
196,Issa Laye,QAT,DF,90,94,0,0,1,0,0,0
196,Daichi Kamada,JPN,MF,90,79,2,0,4,50,1,100
196,Gonzalo Plata,ECU,FW,90,86,7,14,8,38,1,100
201,Juan Manuel Sanabria,URU,MF,89,87,10,0,4,75,0,0
201,Facundo Medina,ARG,DF,89,94,2,50,1,100,0,0
201,Franck Kessie,CIV,MF,89,94,0,0,4,75,0,0
201,Hannibal Mejbri,TUN,MF,89,75,6,33,9,44,4,75
201,Vozinha,CPV,GK,89,64,0,0,0,0,0,0
206,Weston Mckennie,USA,MF,88,81,5,20,8,88,0,0
206,Malik Tillman,USA,MF,88,81,10,30,11,55,2,100
206,Kevin De Bruyne,BEL,MF,88,82,14,21,9,33,0,0
209,Nicolas Raskin,BEL,MF,87,90,1,100,3,0,0,0
209,Carlos Harvey,PAN,DF,87,79,1,0,2,0,5,60
211,Alisson,BRA,GK,86,85,0,0,1,0,1,100
211,Philipp Lienhart,AUT,DF,86,92,0,0,3,67,1,100
211,Jordan Pickford,ENG,GK,86,81,0,0,2,50,2,50
211,Leroy Sane,GER,MF,86,85,3,33,4,75,0,0
211,Montassar Talbi,TUN,DF,86,95,0,0,0,0,3,67
216,Brahim Diaz,MAR,FW,85,91,5,60,7,43,0,0
216,Kou Itakura,JPN,DF,85,99,0,0,1,100,0,0
216,Rustam Ashurmatov,UZB,DF,85,80,0,0,4,0,0,0
216,Ivan Sunjic,BIH,MF,85,88,1,0,2,0,0,0
216,Declan Rice,ENG,MF,85,88,20,35,6,50,1,100
216,Julian Quinones,MEX,FW,85,81,2,50,5,100,1,100
222,Michal Sadilek,CZE,MF,84,82,11,18,4,50,2,100
223,Kalidou Koulibaly,SEN,DF,83,88,0,0,1,0,3,100
224,Pape Gueye,SEN,MF,81,84,0,0,8,38,4,100
224,Ibrahim Maza,ALG,MF,81,80,1,0,6,33,1,100
224,Shoja Khalilzadeh,IRN,DF,81,88,0,0,0,0,0,0
224,Amir Murillo,PAN,DF,81,80,7,57,7,71,1,100
224,Marcel Sabitzer,AUT,MF,81,77,17,29,12,75,1,100
224,Josip Stanisic,CRO,DF,81,88,2,50,5,60,1,100
230,Nathaniel Brown,GER,DF,80,88,10,40,6,67,0,0
230,Denzel Dumfries,NED,DF,80,88,7,43,6,67,0,0
230,Josko Gvardiol,CRO,DF,80,86,0,0,5,40,2,50
230,Orjan Nyland,NOR,GK,80,69,0,0,1,0,1,0
230,Emam Ashour,EGY,MF,80,85,2,0,2,50,0,0
230,Mohamed Amine Ben Hmida,TUN,DF,80,84,0,0,1,0,1,0
230,Lionel Messi,ARG,FW,80,74,4,50,6,83,1,0
230,Vinicius Junior,BRA,FW,80,78,8,50,5,80,2,100
230,Ali Nemati,IRN,DF,80,90,1,0,2,0,1,100
239,Ousmane Dembele,FRA,FW,79,82,6,17,6,50,1,100
239,Cesar Blackman,PAN,DF,79,87,0,0,2,100,0,0
241,Diney Borges,CPV,DF,78,72,0,0,2,0,3,33
241,Pedro Miguel,QAT,DF,78,76,2,50,7,29,2,100
241,Leandro Bacuna,CUW,MF,78,85,2,0,3,33,1,100
244,Maxim De Cuyper,BEL,DF,77,83,3,0,1,100,0,0
245,Pico Lopes,CPV,DF,76,79,0,0,3,0,1,0
246,Ramiz Zerrouki,ALG,MF,75,92,0,0,2,100,3,100
246,Saud Abdulhamid,KSA,DF,75,80,1,0,2,50,1,0
246,Ao Tanaka,JPN,MF,75,96,0,0,0,0,0,0
246,Pedro Porro,ESP,DF,75,91,5,40,3,67,2,100
246,Max Crocombe,NZL,GK,75,71,0,0,3,0,0,0
251,Mert Muldur,TUR,DF,74,89,5,20,2,100,0,0
251,Hicham Boudaoui,ALG,MF,74,97,0,0,3,100,1,100
251,Camilo Vargas,COL,GK,74,72,0,0,5,20,0,0
251,Ellyes Skhiri,TUN,MF,74,88,0,0,3,0,2,100
255,El Hadji Malick Diouf,SEN,DF,73,89,7,29,7,71,0,0
255,Thalente Mbatha,RSA,MF,73,86,3,0,1,0,1,100
255,Michel Aebischer,SUI,MF,73,89,6,0,2,50,0,0
255,Paul Okon Engstler,AUS,MF,73,88,1,100,4,75,2,100
255,Jorge Sanchez,MEX,DF,73,96,4,25,1,0,0,0
260,Jonas Adjetey,GHA,DF,72,85,0,0,0,0,2,100
260,Gideon Mensah,GHA,DF,72,88,2,0,1,0,0,0
260,Mohanad Lashin,EGY,MF,72,92,2,0,1,0,5,100
260,Ismael Saibari,MAR,MF,72,83,6,33,6,67,1,100
260,Stefan Posch,AUT,DF,72,78,1,0,5,40,0,0
260,Marin Pongracic,CRO,DF,72,92,0,0,0,0,0,0
260,Manu Kone,FRA,MF,72,92,0,0,1,100,0,0
260,Abdulla Abdullaev,UZB,DF,72,90,0,0,1,100,0,0
268,Tarik Muharemovic,BIH,DF,71,85,0,0,0,0,2,100
268,Sphephelo Sithole,RSA,MF,71,87,0,0,0,0,2,100
268,Yan Diomande,CIV,FW,71,85,8,25,10,60,0,0
268,Zaid Ismael,IRQ,MF,71,89,0,0,0,0,1,0
268,Ramin Rezaeian,IRN,DF,71,66,13,38,11,45,0,0
268,Thiago Almada,ARG,FW,71,90,0,0,1,0,0,0
268,Ivan Perisic,CRO,FW,71,92,9,22,3,67,0,0
268,Eloy Room,CUW,GK,71,49,0,0,1,0,0,0
276,Noor Alrawabdeh,JOR,MF,70,77,0,0,5,40,4,100
276,Oswin Appollis,RSA,FW,70,87,6,0,1,0,1,100
276,Sofyan Amrabat,MAR,MF,70,93,0,0,2,100,2,100
276,David Moller Wolfe,NOR,DF,70,87,3,33,6,33,0,0
276,Julian Ryerson,NOR,FW,70,83,10,40,11,45,0,0
281,Dominik Livakovic,CRO,GK,69,67,0,0,0,0,0,0
281,Karim Boudiaf,QAT,MF,69,94,0,0,4,50,0,0
281,Anass Salah Eddine,MAR,DF,69,96,3,0,1,100,0,0
281,Jean Kevin Duverne,HAI,DF,69,86,2,50,1,100,0,0
285,Yahia Fofana,CIV,GK,68,57,0,0,0,0,0,0
285,Aiden Oneill,AUS,MF,68,78,4,75,5,60,1,0
285,Luca Zidane,ALG,GK,68,94,0,0,0,0,0,0
285,Nahuel Molina,ARG,DF,68,78,0,0,2,50,0,0
289,Emiliano Martinez,ARG,GK,67,76,0,0,1,0,0,0
289,Luis Diaz,COL,FW,67,79,4,25,6,50,3,100
289,Maxime Crepeau,CAN,GK,67,75,0,0,0,0,1,0
289,Bart Verbruggen,NED,GK,67,66,0,0,1,0,0,0
289,Mohammed Alowais,KSA,GK,67,48,0,0,4,0,0,0
289,Hassan Altambakti,KSA,DF,67,79,0,0,2,0,0,0
289,Callum Mccowatt,NZL,MF,67,84,2,0,2,50,0,0
289,Benjamin Tahirovic,BIH,MF,67,82,2,0,2,0,0,0
297,Kristoffer Nordfeldt,SWE,GK,66,68,0,0,3,67,1,100
297,Tomas Holes,CZE,DF,66,83,0,0,1,0,3,100
297,Hamdy Fathy,EGY,MF,66,92,1,0,3,0,3,100
297,Anis Slimane,TUN,MF,66,83,1,100,1,100,1,100
297,John Yeboah,ECU,FW,66,83,6,50,4,100,1,0
297,Yazan Alarab,JOR,DF,66,85,0,0,1,0,0,0
297,Moteb Alharbi,KSA,DF,66,71,1,0,4,25,0,0
297,Chancel Mbemba,COD,DF,66,79,2,0,3,67,1,100
297,Kai Havertz,GER,FW,66,89,2,50,2,0,0,0
297,Aurelien Tchouameni,FRA,MF,66,95,0,0,0,0,0,0
297,Timothy Castagne,BEL,DF,66,92,8,38,2,100,1,0
308,Lucas Digne,FRA,DF,65,91,7,14,2,50,0,0
308,Guela Doue,CIV,DF,65,95,2,50,0,0,0,0
308,Nathan Saliba,CAN,MF,65,95,4,25,3,100,1,100
308,Alexandr Sojka,CZE,MF,65,80,5,40,1,0,3,33
308,Ahmed Fathy,QAT,MF,65,91,0,0,2,0,1,100
308,Orlando Gill,PAR,GK,65,49,0,0,2,0,1,100
314,Jerome Opoku,GHA,DF,64,81,0,0,5,60,4,75
314,John Stones,ENG,DF,64,94,0,0,0,0,0,0
314,Steven Moreira,CPV,DF,64,75,1,100,3,0,0,0
314,Saeid Ezatolahi,IRN,MF,64,80,0,0,3,33,0,0
314,Zaid Tahseen,IRQ,DF,64,83,0,0,3,0,1,100
314,Lionel Mpasi,COD,GK,64,58,0,0,5,0,0,0
320,Mohamed Kanno,KSA,MF,63,95,0,0,2,50,2,100
320,Keito Nakamura,JPN,MF,63,86,4,50,5,100,0,0
320,Matheus Cunha,BRA,FW,63,84,4,0,7,43,0,0
320,Pedro Neto,POR,FW,63,89,5,40,5,80,1,0
320,Sarpreet Singh,NZL,MF,63,76,6,0,4,0,1,100
320,Kenny Mclean,SCO,MF,63,89,2,50,2,100,0,0
320,Denis Zakaria,SUI,MF,63,97,6,17,2,100,0,0
327,Gabriel Gudmundsson,SWE,DF,62,66,4,25,4,25,1,100
327,Mohannad Abutaha,JOR,MF,62,74,6,50,3,33,2,0
327,Milad Mohammadi,IRN,DF,62,82,3,0,2,100,0,0
327,Sadio Mane,SEN,FW,62,87,7,43,4,100,1,100
327,Lamine Camara,SEN,MF,62,89,3,0,2,0,0,0
327,Joel Ordonez,ECU,DF,62,92,0,0,0,0,1,100
333,Orlando Mosquera,PAN,GK,61,77,0,0,0,0,1,100
333,Luis Romo,MEX,MF,61,85,1,0,2,0,0,0
333,Abdallah Nasib,JOR,DF,61,70,0,0,0,0,0,0
333,Alessandro Circati,AUS,DF,61,79,1,0,3,100,0,0
333,Tajon Buchanan,CAN,FW,61,82,14,21,7,57,1,100
333,Carlens Arcus,HAI,DF,61,89,2,50,1,0,0,0
333,Ruben Dias,POR,DF,61,100,0,0,0,0,0,0
340,Nico Oreilly,ENG,DF,60,92,0,0,1,0,0,0
340,Alireza Beiranvand,IRN,GK,60,68,0,0,1,0,1,100
340,Salem Aldawsari,KSA,FW,60,75,1,0,4,75,1,100
340,Kerim Alajbegovic,BIH,FW,60,80,12,0,10,80,1,0
340,Edouard Mendy,SEN,GK,60,82,0,0,0,0,1,100
340,Patrick Beach,AUS,GK,60,57,0,0,2,0,0,0
340,Amar Dedic,BIH,DF,60,75,0,0,1,0,1,100
347,Tim Payne,NZL,DF,59,86,7,14,1,0,0,0
347,Abdukodir Khusanov,UZB,DF,59,86,0,0,1,0,0,0
347,Unai Simon,ESP,GK,59,98,0,0,1,0,0,0
347,Lee Jaesung,KOR,MF,59,78,1,0,2,100,1,0
347,Junior Alonso,PAR,DF,59,61,0,0,4,50,0,0
347,Alexander Schlager,AUT,GK,59,83,0,0,0,0,0,0
347,Sherel Floranus,CUW,DF,59,83,0,0,1,0,0,0
354,Son Heungmin,KOR,FW,58,84,3,33,2,50,0,0
354,Junya Ito,JPN,MF,58,76,13,38,6,67,1,100
354,Mike Maignan,FRA,GK,58,79,0,0,1,0,1,100
354,Christ Inao Oulai,CIV,MF,58,93,0,0,1,100,0,0
358,Riyad Mahrez,ALG,FW,57,89,7,29,5,60,2,100
358,Aaron Wan Bissaka,COD,DF,57,77,3,0,3,67,0,0
358,Nelson Semedo,POR,DF,57,93,4,0,3,0,0,0
358,Fernando Muslera,URU,GK,57,88,0,0,0,0,0,0
358,Hernan Galindez,ECU,GK,57,74,0,0,3,100,0,0
363,Agustin Canobbio,URU,MF,56,89,7,43,3,67,0,0
363,Jonathan David,CAN,FW,56,75,6,0,3,67,1,100
363,Cameron Burgess,AUS,DF,56,80,0,0,2,50,1,0
363,Ruben Vargas,SUI,FW,56,79,18,22,11,36,0,0
363,Petar Sucic,CRO,MF,56,84,1,0,4,25,0,0
363,Francisco Conceicao,POR,FW,56,93,4,25,7,86,0,0
363,Kim Jingyu,KOR,MF,56,96,1,0,2,100,0,0
370,Steve Kapuadi,COD,DF,55,84,0,0,0,0,1,0
370,Ritsu Doan,JPN,MF,55,89,3,0,2,100,0,0
370,John Mcginn,SCO,MF,55,85,9,56,7,57,1,0
370,Elijah Just,NZL,MF,55,87,0,0,3,33,0,0
370,Ugurcan Cakir,TUR,GK,55,91,0,0,0,0,0,0
370,Behruzjon Karimov,UZB,DF,55,78,2,50,3,33,2,0
376,Liberato Cacace,NZL,DF,54,83,2,50,1,0,0,0
376,Ramy Rabia,EGY,DF,54,87,0,0,1,100,2,50
376,Sergino Dest,USA,DF,54,91,7,29,11,73,0,0
376,Armando Obispo,CUW,DF,54,91,0,0,1,100,1,100
376,Djed Spence,ENG,DF,54,94,1,0,1,100,0,0
376,Kylian Mbappe,FRA,FW,54,91,2,0,7,86,2,100
376,Martin Baturina,CRO,MF,54,87,4,50,5,60,1,100
376,Samuel Moutoussamy,COD,MF,54,76,0,0,4,0,1,100
384,Pervis Estupinan,ECU,DF,53,91,3,0,2,0,0,0
384,Jordan Bos,AUS,DF,53,89,4,25,2,100,0,0
384,Ali Ahmed,CAN,FW,53,79,13,23,5,40,1,100
384,Redouane Halhal,MAR,DF,53,94,0,0,0,0,0,0
388,Mostafa Shoubir,EGY,GK,52,69,0,0,2,0,0,0
388,Nkosinathi Sibisi,RSA,DF,52,81,0,0,1,100,3,100
388,Mohamed Salah,EGY,FW,52,87,7,14,5,20,0,0
388,Ben Gannon Doak,SCO,FW,52,90,7,29,1,100,0,0
388,Scott Mckenna,SCO,DF,52,94,0,0,1,0,1,100
388,Alexander Isak,SWE,FW,52,85,3,0,3,67,2,50
388,Yunus Akgun,TUR,FW,52,79,2,50,2,0,0,0
388,Park Jinseob,KOR,DF,52,94,0,0,1,0,0,0
388,Nizar Alrashdan,JOR,MF,52,77,0,0,4,25,2,100
388,Josue Casimir,HAI,FW,52,83,2,0,3,33,0,0
388,Diogo Costa,POR,GK,52,81,0,0,1,0,1,0
388,Jude Bellingham,ENG,MF,52,87,2,0,4,0,0,0
388,Ryan Gravenberch,NED,MF,52,88,4,25,3,67,0,0
388,Romano Schmid,AUT,MF,52,69,1,0,2,50,1,100
402,Pavel Sulc,CZE,FW,51,76,1,100,3,0,0,0
402,Harry Souttar,AUS,DF,51,73,0,0,6,17,3,33
402,Matt Freese,USA,GK,51,61,0,0,1,0,0,0
405,Cody Gakpo,NED,FW,50,84,6,17,11,64,0,0
405,Odilon Kossounou,CIV,DF,50,98,0,0,1,100,0,0
405,Ali Abdi,TUN,DF,50,72,4,0,4,50,0,0
405,Sidny Lopes Cabral,CPV,DF,50,76,5,0,1,0,0,0
405,Nasser Aldawsari,KSA,MF,50,86,0,0,1,100,1,0
405,Yasin Ayari,SWE,MF,50,74,9,22,2,0,2,100
405,Lamine Yamal,ESP,FW,50,90,13,31,8,63,1,100
405,Esmir Bajraktarevic,BIH,FW,50,76,5,0,0,0,0,0
413,Akmal Mozgovoy,UZB,MF,49,82,0,0,4,50,1,100
413,Marvin Senaya,GHA,DF,49,82,5,20,4,75,1,100
413,Cristian Martinez,PAN,MF,49,80,10,0,7,29,1,0
413,Desire Doue,FRA,FW,49,84,0,0,2,50,0,0
413,Arthur Masuaku,COD,DF,49,76,11,18,4,75,2,100
413,Yazeed Abulaila,JOR,GK,49,57,0,0,2,50,0,0
413,Musab Aljuwayr,KSA,MF,49,76,3,67,4,25,0,0
413,Shogo Taniguchi,JPN,DF,49,100,1,0,0,0,0,0
413,Juninho Bacuna,CUW,MF,49,86,1,0,2,50,1,100
422,Dani Olmo,ESP,FW,48,90,0,0,0,0,0,0
422,Orkun Kokcu,TUR,MF,48,77,5,0,1,0,0,0
422,Lukas Provod,CZE,MF,48,77,2,50,3,100,0,0
422,Ruben Providence,HAI,FW,48,88,7,29,3,67,0,0
422,Ahmed Basil,IRQ,GK,48,71,0,0,2,0,0,0
422,Manuel Neuer,GER,GK,48,92,0,0,0,0,0,0
422,Theo Hernandez,FRA,DF,48,92,0,0,1,0,0,0
422,Kieran Tierney,SCO,DF,48,75,7,43,1,100,2,50
422,Jamal Musiala,GER,MF,48,71,2,0,6,67,0,0
431,Jaroslav Zeleny,CZE,DF,47,74,2,50,1,0,0,0
431,David Doudera,CZE,DF,47,72,4,25,3,0,0,0
431,Alvaro Fidalgo,MEX,MF,47,89,1,0,3,0,0,0
431,Juan Jose Caceres,PAR,DF,47,57,4,0,3,67,1,0
431,Hwang Heechan,KOR,MF,47,85,1,0,3,100,1,100
431,Abdulelah Alamri,KSA,DF,47,79,0,0,1,0,0,0
431,Mehdi Taremi,IRN,FW,47,87,2,0,2,0,0,0
431,Ehsan Haddad,JOR,DF,47,70,6,17,6,83,0,0
431,Yan Valery,TUN,DF,47,68,3,33,4,25,1,100
440,Mostafa Zico,EGY,MF,46,72,2,50,4,50,1,100
440,Noni Madueke,ENG,FW,46,85,7,57,5,80,0,0
440,Thibaut Courtois,BEL,GK,46,72,0,0,2,0,0,0
440,Zion Suzuki,JPN,GK,46,72,0,0,1,0,0,0
440,Saman Ghoddos,IRN,MF,46,70,0,0,3,67,2,100
445,Jamiro Monteiro,CPV,MF,45,84,1,100,2,50,0,0
445,Lee Taeseok,KOR,DF,45,87,9,33,4,75,1,100
445,Seko Fofana,CIV,MF,45,84,0,0,2,0,0,0
445,Ibrahim Sangare,CIV,MF,45,93,1,0,0,0,1,100
445,Alexander Bernhardsson,SWE,DF,45,80,3,0,3,67,0,0
445,Antonio Ruediger,GER,DF,45,93,0,0,2,50,0,0
445,Paul Wanner,AUT,MF,45,87,1,0,3,67,0,0
445,Rayan,BRA,FW,45,93,2,0,2,100,0,0
453,Raphinha,BRA,FW,44,68,10,30,4,25,0,0
453,Jayden Adams,RSA,MF,44,91,0,0,2,50,2,100
453,Livano Comenencia,CUW,MF,44,77,1,100,4,50,0,0
453,Fredrik Aursnes,NOR,MF,44,95,1,100,1,0,1,100
453,Tomas Soucek,CZE,MF,44,80,0,0,2,50,0,0
458,Eldor Shomurodov,UZB,FW,43,77,0,0,1,0,0,0
458,Jacob Italiano,AUS,DF,43,77,9,33,2,50,2,100
458,Caleb Yirenkyi,GHA,MF,43,84,0,0,3,33,0,0
458,Relebohile Mofokeng,RSA,FW,43,81,2,0,3,33,2,100
458,Kevin Pina,CPV,MF,43,74,0,0,1,0,2,50
458,Luka Vuskovic,CRO,DF,43,88,0,0,1,0,0,0
464,Alexander Sorloth,NOR,FW,42,79,0,0,3,100,0,0
464,Lukas Cerv,CZE,MF,42,86,1,0,2,0,1,100
464,Aaron Hickey,SCO,DF,42,90,1,0,1,100,0,0
464,Silvan Widmer,SUI,DF,42,83,3,33,1,100,1,100
464,Sultan Albrake,QAT,DF,42,79,3,33,3,0,1,100
464,Abdullah Alkhaibari,KSA,MF,42,81,0,0,0,0,0,0
464,Axel Tuanzebe,COD,DF,42,83,0,0,0,0,0,0
464,Nicolas Otamendi,ARG,DF,42,90,0,0,0,0,1,100
464,Fabinho,BRA,MF,42,98,0,0,0,0,0,0
464,Julio Enciso,PAR,FW,42,76,5,40,1,0,2,50
474,Brian Gutierrez,MEX,MF,41,88,1,0,1,100,0,0
474,Andres Cubas,PAR,MF,41,83,0,0,0,0,0,0
474,Mohammed Abu Alshamat,KSA,DF,41,80,3,0,1,0,1,0
474,Edmilson Junior,QAT,FW,41,80,4,25,7,43,0,0
474,Luca Jaquez,SUI,DF,41,76,2,0,4,50,0,0
474,Liam Millar,CAN,MF,41,71,8,25,7,57,0,0
480,Moise Bombito,CAN,DF,40,98,0,0,2,100,0,0
480,Hussein Ali,IRQ,DF,40,80,2,0,2,100,0,0
480,Diego Gomez,PAR,MF,40,78,1,0,2,50,1,100
480,Viktor Gyokeres,SWE,FW,40,85,1,100,4,100,0,0
480,Alex Baena,ESP,MF,40,88,8,25,4,75,0,0
480,Tahith Chong,CUW,MF,40,78,0,0,5,20,0,0
486,Amar Memic,BIH,MF,39,74,2,0,3,0,0,0
486,Mohammad Mohebbi,IRN,MF,39,69,0,0,2,50,1,0
486,Cristiano Ronaldo,POR,FW,39,82,0,0,2,50,0,0
486,Johan Manzambi,SUI,MF,39,74,5,20,5,60,0,0
486,Dan Ndoye,SUI,FW,39,82,6,0,5,60,0,0
486,Gilberto Mora,MEX,MF,39,92,1,0,2,50,1,100
492,Jose Luis Rodriguez,PAN,MF,38,76,15,13,2,50,2,50
492,Deveron Fonville,CUW,DF,38,71,0,0,3,33,0,0
492,Samir El Mourabet,MAR,MF,38,89,1,0,2,50,1,100
492,Chris Wood,NZL,FW,38,74,0,0,6,0,0,0
492,Ferran Torres,ESP,FW,38,79,4,0,4,50,0,0
492,Breel Embolo,SUI,FW,38,76,0,0,6,50,0,0
492,Azizjon Ganiev,UZB,MF,38,79,4,0,2,0,1,100
492,Crysencio Summerville,NED,FW,38,84,4,0,5,80,0,0
492,Tijjani Reijnders,NED,MF,38,76,8,50,1,100,0,0
501,Amadou Onana,BEL,MF,37,84,0,0,0,0,0,0
501,Amine Gouiri,ALG,FW,37,86,0,0,0,0,0,0
501,Jesper Karlstrom,SWE,MF,37,84,0,0,2,50,0,0
501,Benjamin Asare,GHA,GK,37,57,0,0,3,33,0,0
505,Nicolas Jackson,SEN,FW,36,81,0,0,1,0,0,0
505,Bernardo Silva,POR,MF,36,97,0,0,0,0,0,0
505,Bradley Barcola,FRA,FW,36,86,3,0,5,80,0,0
505,Anthony Gordon,ENG,FW,36,89,2,0,5,80,0,0
505,Riechedly Bazoer,CUW,DF,36,86,0,0,0,0,1,100
505,Raul Jimenez,MEX,FW,36,81,0,0,2,50,0,0
505,Maxi Araujo,URU,MF,36,86,14,50,4,75,0,0
505,Ali Olwan,JOR,FW,36,69,3,0,2,0,1,100
505,Ngalayel Mukau,COD,MF,36,78,0,0,1,100,0,0
514,Jalal Hassan,IRQ,GK,35,80,0,0,0,0,0,0
514,Ryan Christie,SCO,MF,35,83,1,100,1,100,0,0
514,Nicolas De La Cruz,URU,MF,35,91,4,50,3,33,2,100
514,Fabian Rieder,SUI,MF,35,94,5,0,2,100,1,100
514,Zeki Celik,TUR,DF,35,94,0,0,0,0,0,0
514,Djibril Sow,SUI,MF,35,86,0,0,3,67,1,100
520,Ermedin Demirovic,BIH,FW,34,74,0,0,5,80,0,0
520,Lawrence Shankland,SCO,FW,34,59,0,0,2,0,0,0
520,Feras Albrikan,KSA,FW,34,68,0,0,3,0,0,0
520,Ibrahim Bayesh,IRQ,MF,34,82,1,0,3,33,0,0
520,Nicolas Pepe,CIV,FW,34,88,2,0,2,100,0,0
520,Pathe Ciss,SEN,MF,34,91,0,0,0,0,4,75
520,Amad Diallo,CIV,FW,34,94,4,25,3,100,1,100
520,Omar Marmoush,EGY,FW,34,88,2,0,6,67,3,100
528,Edo Kayembe,COD,MF,33,82,2,0,1,0,0,0
528,Assim Madibo,QAT,MF,33,82,0,0,1,0,0,0
528,Homam Ahmed,QAT,DF,33,76,3,33,2,50,0,0
528,Lucas Bergvall,SWE,MF,33,88,0,0,1,100,0,0
528,Edin Dzeko,BIH,FW,33,67,2,50,3,67,1,100
528,Joshua Brenet,CUW,DF,33,73,0,0,2,0,0,0
528,Omar Alderete,PAR,DF,33,64,0,0,3,33,1,0
528,Sebastian Berhalter,USA,MF,33,76,0,0,4,75,0,0
528,Jordy Alcivar,ECU,MF,33,94,1,0,1,100,0,0
537,Miguel Almiron,PAR,MF,32,72,0,0,0,0,0,0
537,Connor Metcalfe,AUS,MF,32,75,6,17,3,67,0,0
537,Ismaila Sarr,SEN,FW,32,75,2,0,6,33,0,0
537,Mahmoud Almardi,JOR,FW,32,78,5,20,4,75,0,0
537,Abdulaziz Hatem,QAT,MF,32,81,0,0,2,50,0,0
537,Jassem Gaber,QAT,DF,32,78,0,0,1,100,1,100
537,Yoane Wissa,COD,FW,32,88,0,0,4,50,0,0
537,Marco Pasalic,CRO,FW,32,63,10,10,7,86,2,50
545,Marco Friedl,AUT,DF,31,97,0,0,0,0,0,0
545,Jacob Shaffelburg,CAN,MF,31,90,9,22,6,50,0,0
545,Benjamin Nygren,SWE,MF,31,94,5,20,2,50,0,0
545,Mohammad Abualnadi,JOR,DF,31,77,0,0,0,0,0,0
545,Yukinari Sugawara,JPN,DF,31,74,2,50,2,50,1,0
550,Castrop Jens,KOR,DF,30,90,4,25,2,100,1,100
550,Ryan Mendes,CPV,FW,30,83,1,0,0,0,0,0
550,Thapelo Maseko,RSA,FW,30,83,2,0,3,67,0,0
550,Antoine Semenyo,GHA,MF,30,80,2,0,3,67,0,0
550,Kwasi Sibo,GHA,MF,30,93,0,0,0,0,2,100
550,Dominique Simon,HAI,MF,30,73,1,100,2,0,0,0
550,Marcus Holmgren Pedersen,NOR,DF,30,83,3,67,1,0,0,0
550,Teun Koopmeiners,NED,MF,30,83,1,0,0,0,0,0
550,Harry Kane,ENG,FW,30,73,0,0,2,100,1,100
550,Juergen Locadia,CUW,FW,30,77,0,0,0,0,1,100
560,Matias Vina,URU,DF,29,79,2,0,0,0,0,0
560,Anis Hadj Moussa,ALG,FW,29,72,3,67,3,67,0,0
560,Elias Saad,TUN,FW,29,76,2,0,1,100,0,0
560,Mathieu Choiniere,CAN,MF,29,79,4,50,2,50,1,100
560,Rayan Cherki,FRA,MF,29,79,0,0,2,50,0,0
560,Hans Vanaken,BEL,MF,29,93,2,0,0,0,0,0
560,Mario Pasalic,CRO,MF,29,93,0,0,1,100,0,0
560,Utkir Yusupov,UZB,GK,29,59,0,0,2,0,1,100
568,Gavi,ESP,MF,28,93,2,0,1,100,1,100
568,Patrik Schick,CZE,FW,28,86,0,0,3,33,0,0
568,Ali Alhamadi,IRQ,FW,28,75,0,0,0,0,0,0
568,Ali Lajami,KSA,DF,28,79,0,0,1,100,3,67
568,Ayoub Aloui,QAT,DF,28,39,1,0,4,0,0,0
568,Folarin Balogun,USA,FW,28,68,2,0,3,67,0,0
568,Juan Quintero,COL,MF,28,71,2,0,5,60,3,100
568,Luis Chavez,MEX,MF,28,100,1,0,1,100,0,0
568,Antonio Nusa,NOR,FW,28,75,4,0,3,67,0,0
568,Thomas Partey,GHA,MF,28,75,0,0,2,100,0,0
578,Abbosbek Fayzullaev,UZB,MF,27,67,6,0,2,50,1,100
578,Phillip Mwene,AUT,DF,27,81,3,0,1,100,0,0
578,Jeremy Doku,BEL,FW,27,81,1,0,2,50,0,0
578,Gustavo Gomez,PAR,DF,27,89,0,0,0,0,0,0
583,Mateo Chavez,MEX,DF,26,88,1,0,2,50,0,0
583,Adam Hlozek,CZE,FW,26,69,1,100,1,100,0,0
583,Mikel Merino,ESP,MF,26,85,0,0,2,50,0,0
586,Abduvohid Nematov,UZB,GK,25,44,0,0,2,0,0,0
586,Husam Abudahab,JOR,DF,25,72,0,0,0,0,0,0
586,Kim Moonhwan,KOR,DF,25,88,0,0,0,0,0,0
586,Noah Sadiki,COD,MF,25,80,0,0,2,0,0,0
586,Gabriel Martinelli,BRA,FW,25,100,1,100,0,0,0,0
591,Federico Vinas,URU,FW,24,63,0,0,1,0,0,0
591,Baris Alper Yilmaz,TUR,FW,24,75,15,0,10,70,2,0
591,Jordan Ayew,GHA,FW,24,63,4,25,2,0,0,0
591,Joao Felix,POR,FW,24,79,1,0,3,33,0,0
591,Patrick Berg,NOR,MF,24,96,0,0,0,0,1,100
596,Charles De Ketelaere,BEL,FW,23,87,0,0,2,100,0,0
596,Besfort Zeneli,SWE,MF,23,96,1,0,1,100,0,0
596,Jason Geria,AUS,DF,23,78,1,0,0,0,0,0
596,Lautaro Martinez,ARG,FW,23,87,1,0,1,100,0,0
596,Enner Valencia,ECU,FW,23,83,0,0,0,0,0,0
596,Nilson Angulo,ECU,FW,23,91,3,67,6,67,0,0
596,Elisha Owusu,GHA,MF,23,87,3,33,1,0,0,0
596,Aymen Dahmen,TUN,GK,23,43,0,0,0,0,1,0
596,Mouhib Chamakh,TUN,GK,23,70,0,0,0,0,0,0
596,Ibrahim Mbaye,SEN,FW,23,96,3,0,3,67,0,0
596,Tsuyoshi Watanabe,JPN,DF,23,87,2,50,0,0,0,0
607,Mousa Altamari,JOR,FW,22,77,1,100,3,100,0,0
607,Aimar Sher,IRQ,MF,22,91,1,0,0,0,0,0
607,Charles Pickel,COD,MF,22,86,0,0,0,0,2,50
607,Oh Hyeongyu,KOR,FW,22,68,1,0,2,50,0,0
607,Stepan Chaloupek,CZE,DF,22,68,0,0,1,0,1,100
607,Mikel Oyarzabal,ESP,FW,22,64,4,25,2,50,1,0
607,Jeremy Antonisse,CUW,FW,22,77,2,50,2,0,0,0
607,Leo Ostigard,NOR,DF,22,86,0,0,0,0,2,0
607,Alexis Saelemaekers,BEL,MF,22,77,1,100,2,100,0,0
607,Iqraam Rayners,RSA,FW,22,86,2,0,3,33,0,0
607,Mauricio,PAR,MF,22,68,0,0,1,0,0,0
607,Christian Pulisic,USA,FW,22,86,2,50,3,67,0,0
607,Roger Ibanez,BRA,DF,22,100,0,0,1,100,0,0
607,Gonzalo Montiel,ARG,DF,22,91,0,0,0,0,0,0
621,Houssem Aouar,ALG,MF,21,100,0,0,1,100,0,0
621,Yeremy Pino,ESP,FW,21,86,1,0,0,0,0,0
621,Odiljon Xamrobekov,UZB,MF,21,86,0,0,1,0,0,0
621,Sherzod Nasrullaev,UZB,DF,21,71,1,0,1,0,0,0
621,Wilson Isidor,HAI,FW,21,86,0,0,1,100,0,0
621,Tani Oluwaseyi,CAN,FW,21,62,3,0,2,50,1,100
621,Oscar Bobb,NOR,MF,21,90,0,0,1,0,0,0
628,Mehdi Torabi,IRN,MF,20,85,2,0,1,100,0,0
628,Ehsan Hajisafi,IRN,DF,20,55,2,0,2,0,1,100
628,Rebin Sulaka,IRQ,DF,20,80,0,0,0,0,2,50
628,Nico Gonzalez,ARG,MF,20,75,1,0,1,0,0,0
628,Angelo Preciado,ECU,DF,20,65,5,0,3,33,0,0
628,Dylan Bronn,TUN,DF,20,80,0,0,0,0,1,0
628,Pape Matar Sarr,SEN,MF,20,90,0,0,0,0,0,0
628,Lenny Joseph,HAI,FW,20,65,0,0,3,33,1,100
628,Jakhongir Urozov,UZB,DF,20,80,0,0,1,100,2,100
637,Ben Old,NZL,MF,19,79,1,0,2,0,0,0
637,Deroy Duarte,CPV,MF,19,74,0,0,0,0,0,0
637,Romelu Lukaku,BEL,FW,19,79,0,0,1,100,0,0
637,Che Adams,SCO,FW,19,63,0,0,2,0,0,0
637,Deniz Undav,GER,FW,19,79,1,0,3,33,0,0
642,Andrej Kramaric,CRO,FW,18,89,2,0,2,50,0,0
642,Shahriyar Moghanloo,IRN,FW,18,61,2,0,2,50,0,0
642,Arya Yousefi,IRN,DF,18,89,0,0,0,0,0,0
642,Hossein Kanani,IRN,DF,18,94,0,0,0,0,1,0
642,Jurien Gaari,CUW,DF,18,56,0,0,0,0,0,0
642,Vladimir Darida,CZE,MF,18,78,0,0,1,0,0,0
642,Cyle Larin,CAN,FW,18,83,0,0,1,0,0,0
642,Julian Alvarez,ARG,FW,18,89,0,0,0,0,0,0
642,Obed Vargas,MEX,MF,18,89,0,0,2,0,0,0
642,Luis Suarez,COL,FW,18,78,0,0,0,0,0,0
642,Matias Galarza,PAR,MF,18,56,2,0,1,0,0,0
653,Kevin Rodriguez,ECU,FW,17,82,1,0,3,67,0,0
653,Alexander Prass,AUT,MF,17,94,3,0,3,33,0,0
653,Sasa Kalajdzic,AUT,FW,17,65,0,0,1,0,0,0
653,Cedric Bakambu,COD,FW,17,76,1,0,1,0,0,0
653,Ala Alhajji,KSA,MF,17,94,0,0,0,0,0,0
653,Ayase Ueda,JPN,FW,17,82,1,0,1,100,0,0
653,Frantzdy Pierrot,HAI,FW,17,76,0,0,0,0,0,0
653,Rani Khedira,TUN,MF,17,82,1,0,1,100,0,0
653,Laros Duarte,CPV,MF,17,82,0,0,2,50,0,0
653,Salih Ozcan,TUR,MF,17,100,0,0,0,0,0,0
653,Can Uzun,TUR,FW,17,88,0,0,0,0,0,0
653,Cristian Volpato,AUS,FW,17,88,4,25,4,75,0,0
665,Armin Gigovic,BIH,MF,16,81,0,0,0,0,1,0
665,Nestory Irankunda,AUS,FW,16,75,1,0,1,100,1,0
665,Carney Chukwuemeka,AUT,MF,16,88,0,0,0,0,0,0
665,Francisco Trincao,POR,FW,16,81,0,0,1,0,0,0
665,Erling Haaland,NOR,FW,16,56,0,0,3,33,0,0
665,Alan Minda,ECU,MF,16,75,2,0,1,0,0,0
665,Brian Rodriguez,URU,FW,16,81,13,8,5,60,0,0
665,Ismail Jakobs,SEN,DF,16,94,6,33,0,0,0,0
665,Ange Yoan Bonny,CIV,FW,16,88,3,33,0,0,0,0
665,Ali Jasim,IRQ,FW,16,94,3,0,3,100,1,100
665,Takefusa Kubo,JPN,MF,16,75,0,0,2,50,0,0
665,Aymen Hussein,IRQ,FW,16,75,0,0,3,67,0,0
665,Saleem Obaid,JOR,DF,16,69,0,0,0,0,0,0
678,Mohamed Manai,QAT,FW,15,47,0,0,3,33,0,0
678,Odeh Fakhoury,JOR,FW,15,73,1,0,0,0,1,100
678,Kerem Akturkoglu,TUR,FW,15,60,2,50,0,0,0,0
678,Louicius Deedson,HAI,FW,15,87,5,20,5,60,0,0
678,Sebastian Tounekti,TUN,MF,15,87,2,0,1,0,0,0
678,Ricardo Pepi,USA,FW,15,87,1,0,1,100,0,0
678,Marko Arnautovic,AUT,FW,15,73,1,0,0,0,0,0
685,Damian Bobadilla,PAR,MF,14,71,0,0,1,0,1,100
685,Neymar Jr,BRA,FW,14,86,4,25,1,0,0,0
685,Azarias Londono,PAN,FW,14,93,1,0,1,100,0,0
685,Timothy Weah,USA,FW,14,93,0,0,1,100,0,0
685,Yusuf Abdurisag,QAT,FW,14,64,0,0,3,0,0,0
685,Joris Kayembe,COD,DF,14,71,2,50,3,0,0,0
685,Hassan Alhaydos,QAT,FW,14,71,0,0,1,0,0,0
685,Amirhossein Hosseinzadeh,IRN,FW,14,71,0,0,3,67,1,100
685,Ahmed Qasem,IRQ,FW,14,93,1,0,1,100,0,0
685,Leon Goretzka,GER,MF,14,86,0,0,1,100,0,0
685,Bukayo Saka,ENG,FW,14,93,1,0,1,100,0,0
685,Rafael Leao,POR,FW,14,86,1,100,1,0,0,0
685,Jamie Leweling,GER,MF,14,79,3,0,1,0,0,0
685,Morgan Rogers,ENG,MF,14,64,1,0,3,67,0,0
685,Lawrence Ati Zigi,GHA,GK,14,71,0,0,0,0,0,0
685,Evidence Makgopa,RSA,FW,14,64,0,0,0,0,0,0
685,Jovane Cabral,CPV,MF,14,71,0,0,1,0,0,0
685,Niko Sigur,CAN,DF,14,100,3,33,2,100,1,100
685,Telmo Arcanjo,CPV,MF,14,86,1,100,0,0,1,100
685,Denis Visinsky,CZE,FW,14,100,0,0,0,0,0,0
685,Farrukh Sayfiev,UZB,DF,14,86,1,0,2,100,0,0
706,Eren Elmali,TUR,DF,13,100,1,0,0,0,0,0
706,Nico Williams,ESP,FW,13,85,2,0,3,67,0,0
706,Yang Hyunjun,KOR,MF,13,69,0,0,0,0,0,0
706,Ayumu Seko,JPN,DF,13,85,0,0,0,0,0,0
706,Saed Alrosan,JOR,DF,13,92,0,0,0,0,0,0
706,Jovo Lukic,BIH,FW,13,54,0,0,1,0,0,0
706,Alex Sandro,BRA,DF,13,100,0,0,0,0,0,0
706,Ismael Gharbi,TUN,MF,13,92,1,0,0,0,0,0
706,Ernest Nuamah,GHA,FW,13,69,0,0,1,0,1,100
706,Patrick Wimmer,AUT,FW,13,54,0,0,2,100,0,0
706,Nadiem Amiri,GER,MF,13,85,2,50,2,50,0,0
706,Andreas Schjelderup,NOR,MF,13,85,0,0,1,100,0,0
706,Michael Gregoritsch,AUT,FW,13,62,0,0,2,0,0,0
719,Marcus Rashford,ENG,FW,12,75,4,25,3,67,1,100
719,Donyell Malen,NED,FW,12,75,5,20,3,67,0,0
719,Memphis Depay,NED,FW,12,92,1,100,1,100,1,100
719,Tyler Bindon,NZL,DF,12,58,0,0,1,100,1,100
719,Nishan Velupillay,AUS,FW,12,50,0,0,0,0,0,0
719,Ryan Thomas,NZL,MF,12,67,1,0,1,0,0,0
719,Elliot Stroud,SWE,DF,12,83,2,50,2,100,0,0
719,Adil Boulbina,ALG,FW,12,100,0,0,0,0,0,0
719,Ahmed Alganehi,QAT,MF,12,92,2,100,0,0,0,0
719,Mory Diaw,SEN,GK,12,75,0,0,0,0,0,0
719,Yannick Semedo,CPV,MF,12,75,0,0,0,0,1,100
719,Chemsdine Talbi,MAR,MF,12,100,3,0,0,0,0,0
719,Bazoumana Toure,CIV,FW,12,58,2,0,0,0,0,0
719,Kamaldeen Sulemana,GHA,FW,12,83,1,100,3,67,1,100
719,Guillermo Martinez,MEX,FW,12,92,1,0,0,0,0,0
719,Jose Fajardo,PAN,FW,12,67,0,0,1,100,0,0
719,Luiz Henrique,BRA,FW,12,100,0,0,3,100,0,0
719,Jackson Porozo,ECU,DF,12,100,0,0,0,0,0,0
719,Richard Rios,COL,MF,12,75,0,0,0,0,1,100
738,Gustavo Velazquez,PAR,DF,11,64,1,0,0,0,1,100
738,Endrick,BRA,FW,11,100,0,0,0,0,0,0
738,Mohamed Toure,AUS,FW,11,82,0,0,2,50,0,0
738,Dostonbek Khamdamov,UZB,MF,11,82,2,50,1,0,0,0
738,Anthony Elanga,SWE,FW,11,82,5,0,2,50,0,0
738,Kristian Thorstvedt,NOR,MF,11,100,0,0,0,0,0,0
738,Lyndon Dykes,SCO,FW,11,64,1,0,4,25,0,0
738,Petar Musa,CRO,FW,11,64,0,0,3,33,0,0
738,Inaki Williams,GHA,FW,11,73,0,0,2,50,0,0
738,Zizo,EGY,FW,11,82,3,33,1,0,0,0
738,Abdul Fatawu,GHA,FW,11,82,3,33,4,75,1,100
738,Marko Farji,IRQ,FW,11,64,2,50,1,100,0,0
738,Nuno Da Costa,CPV,MF,11,64,1,0,4,25,0,0
738,Alireza Jahanbakhsh,IRN,MF,11,64,1,0,1,100,0,0
752,Dennis Hadzikadunic,BIH,DF,10,80,0,0,0,0,0,0
752,Mathew Leckie,AUS,FW,10,70,1,0,0,0,0,0
752,Cecilio Waterman,PAN,FW,10,70,0,0,1,0,0,0
752,Alexis Vega,MEX,FW,10,100,1,0,1,0,0,0
752,Giovanni Reyna,USA,MF,10,100,0,0,1,100,1,100
752,Alejandro Romero Gamarra,PAR,FW,10,60,0,0,0,0,1,100
752,Ayoub El Kaabi,MAR,FW,10,70,0,0,0,0,0,0
752,Simon Adingra,CIV,FW,10,90,1,100,0,0,0,0
752,Gilson Benchimol,CPV,FW,10,80,0,0,2,0,0,0
752,Iliman Ndiaye,SEN,FW,10,90,0,0,1,100,0,0
752,Dodi Lukebakio,BEL,FW,10,90,2,0,3,67,0,0
752,Eberechi Eze,ENG,MF,10,70,1,100,0,0,0,0
764,Arthur Theate,BEL,DF,9,100,0,0,0,0,0,0
764,Nathan Ake,NED,DF,9,89,0,0,0,0,0,0
764,Mehdi Ghayedi,IRN,FW,9,67,3,33,1,100,0,0
764,Eom Jisung,KOR,MF,9,100,3,67,2,100,0,0
764,Abdullah Alhamddan,KSA,FW,9,67,1,0,2,50,0,0
764,Elye Wahi,CIV,FW,9,56,0,0,2,0,0,0
764,Ayoube Amaimouni,MAR,FW,9,89,1,0,0,0,1,0
764,Habib Diarra,SEN,MF,9,89,0,0,0,0,0,0
764,Mohamed Hadj Mahmoud,TUN,MF,9,89,0,0,0,0,1,100
764,Leandro Paredes,ARG,MF,9,100,0,0,0,0,0,0
764,Danilo Santos,BRA,MF,9,78,0,0,1,100,0,0
764,Guillermo Ochoa,MEX,GK,9,44,0,0,2,50,0,0
764,Darwin Nunez,URU,FW,9,89,1,100,2,100,1,100
777,Anibal Godoy,PAN,MF,8,100,1,0,1,100,1,0
777,Ismael Diaz,PAN,MF,8,100,0,0,0,0,0,0
777,Santiago Gimenez,MEX,FW,8,38,0,0,0,0,0,0
777,Guus Til,NED,MF,8,88,0,0,1,0,0,0
777,David Raum,GER,DF,8,75,2,0,2,100,0,0
777,Jearl Margaritha,CUW,FW,8,100,0,0,0,0,0,0
777,Francis De Vries,NZL,DF,8,25,2,50,0,0,0,0
777,Ardon Jashari,SUI,MF,8,88,0,0,0,0,0,0
777,Tomas Chory,CZE,FW,8,88,0,0,1,0,0,0
777,Dzenis Burnic,BIH,MF,8,88,0,0,0,0,0,0
777,Khojiakbar Alijonov,UZB,DF,8,88,1,0,0,0,0,0
777,Jackson Irvine,AUS,MF,8,63,1,0,1,0,0,0
777,Derrick Etienne,HAI,FW,8,50,2,50,2,0,0,0
777,Soufiane Rahimi,MAR,FW,8,75,4,50,1,0,0,0
777,Mohamed Amoura,ALG,FW,8,88,0,0,0,0,0,0
777,Ali Alipour,IRN,FW,8,50,0,0,1,100,0,0
777,Jaouen Hadjam,ALG,DF,8,88,0,0,0,0,0,0
777,Nadhir Benbouali,ALG,FW,8,75,1,0,0,0,0,0
777,Ahmed Alaaeldin,QAT,FW,8,50,0,0,1,0,0,0
796,Garry Rodrigues,CPV,MF,7,71,1,100,0,0,0,0
796,Willy Semedo,CPV,MF,7,57,0,0,0,0,0,0
796,Zineddine Belaid,ALG,DF,7,86,0,0,1,100,0,0
796,Cho Guesung,KOR,FW,7,57,0,0,0,0,0,0
796,Gervane Kastaneer,CUW,FW,7,71,0,0,0,0,0,0
796,Antonio Sanabria,PAR,FW,7,71,0,0,0,0,0,0
796,Maghnes Akliouche,FRA,MF,7,71,2,0,0,0,0,0
796,Malo Gusto,FRA,DF,7,86,0,0,0,0,0,0
796,Gessime Yassine,MAR,MF,7,86,0,0,1,100,0,0
796,Firas Chaouat,TUN,FW,7,100,0,0,0,0,0,0
796,Joao Paulo,CPV,MF,7,43,0,0,1,0,0,0
796,Karim Hafez,EGY,DF,7,100,1,0,0,0,0,0
796,Themba Zwane,RSA,MF,7,71,0,0,0,0,0,0
796,David Zima,CZE,DF,7,86,0,0,0,0,0,0
796,Taha Ali,SWE,FW,7,86,1,0,2,100,0,0
811,Azizbek Amonov,UZB,FW,6,83,1,0,0,0,1,100
811,Miro Muheim,SUI,DF,6,67,0,0,0,0,0,0
811,Callan Elliot,NZL,DF,6,67,0,0,0,0,0,0
811,Alex Arce,PAR,FW,6,67,0,0,0,0,0,0
811,Youssef Amyn,IRQ,MF,6,83,0,0,0,0,0,0
811,Gedeon Kalulu,COD,DF,6,83,0,0,1,0,0,0
811,Saleh Hardani,IRN,DF,6,33,0,0,0,0,0,0
811,Simon Banza,COD,FW,6,67,0,0,0,0,1,0
811,Ali Azaizeh,JOR,FW,6,83,0,0,0,0,0,0
811,Sontje Hansen,CUW,FW,6,83,0,0,0,0,0,0
811,Promise David,CAN,FW,6,33,0,0,0,0,1,100
811,Tshepang Moremi,RSA,FW,6,50,0,0,0,0,0,0
811,Trezeguet,EGY,FW,6,50,0,0,1,0,0,0
811,Ibrahim Adel,EGY,FW,6,67,0,0,2,100,0,0
811,Matias Fernandez Pardo,BEL,FW,6,67,0,0,0,0,0,0
811,Waldemar Anton,GER,DF,6,100,1,0,0,0,0,0
827,Ante Budimir,CRO,FW,5,40,0,0,1,0,0,0
827,Anthony Ralston,SCO,DF,5,100,1,100,1,100,1,100
827,Mohammad Aldaoud,JOR,MF,5,40,0,0,1,0,0,0
827,Nawaf Bu Washl,KSA,DF,5,80,0,0,0,0,0,0
827,Daizen Maeda,JPN,MF,5,80,2,0,0,0,0,0
827,Nathanael Mbuku,COD,MF,5,80,2,100,0,0,0,0
827,Samed Bazdar,BIH,FW,5,40,0,0,3,0,0,0
827,Daniel Svensson,SWE,DF,5,80,0,0,1,0,0,0
827,Christian Fassnacht,SUI,FW,5,100,0,0,0,0,0,0
827,Joe Scally,USA,DF,5,40,0,0,0,0,0,0
827,Igor Thiago,BRA,FW,5,80,0,0,0,0,0,0
827,Yassin Fortune,HAI,FW,5,100,0,0,0,0,0,0
827,Elias Achouri,TUN,FW,5,100,0,0,0,0,0,0
827,Evann Guessand,CIV,FW,5,80,0,0,0,0,0,0
827,Lyle Foster,RSA,FW,5,20,0,0,1,0,0,0
827,Kamogelo Sebelebele,RSA,FW,5,80,1,0,0,0,0,0
843,Dailon Livramento,CPV,FW,4,75,0,0,0,0,0,0
843,Brandon Thomas Asante,GHA,FW,4,25,2,50,0,0,0,0
843,Prince Adu,GHA,FW,4,100,0,0,0,0,0,0
843,Jonathan Osorio,CAN,MF,4,75,0,0,0,0,0,0
843,Hamza Abdelkarim,EGY,FW,4,75,1,0,2,0,0,0
843,Zeki Amdouni,SUI,FW,4,75,0,0,0,0,0,0
843,Tete Yengi,AUS,FW,4,50,1,0,2,0,0,0
843,Brian Brobbey,NED,FW,4,100,1,0,0,0,0,0
843,Nikola Vlasic,CRO,MF,4,50,1,0,1,0,0,0
843,Quinten Timber,NED,MF,4,100,2,50,1,100,0,0
843,Yuito Suzuki,JPN,MF,4,100,0,0,0,0,0,0
843,Nico Paz,ARG,FW,4,100,0,0,1,100,0,0
843,Alexandro Maidana,PAR,DF,4,50,0,0,0,0,0,0
843,Isidro Pitta,PAR,FW,4,75,1,0,1,0,0,0
857,Orbelin Pineda,MEX,MF,3,100,0,0,0,0,0,0
857,Eric Davis,PAN,DF,3,0,2,50,1,0,0,0
857,Jhon Cordoba,COL,FW,3,67,0,0,0,0,0,0
857,Cucho Hernandez,COL,FW,3,33,1,100,0,0,0,0
857,Ramon Sosa,PAR,MF,3,100,0,0,0,0,0,0
857,Luka Sucic,CRO,MF,3,33,0,0,1,0,0,0
857,Hossam Abdelmaguid,EGY,DF,3,67,0,0,0,0,0,0
857,Duckens Nazon,HAI,FW,3,33,0,0,0,0,0,0
857,Bamba Dieng,SEN,FW,3,100,0,0,0,0,0,0
857,Aziz Behich,AUS,DF,3,100,0,0,0,0,0,0
857,Jesse Randall,NZL,FW,3,67,1,100,0,0,0,0
857,Amir Hadziahmetovic,BIH,MF,3,100,1,0,0,0,0,0
857,Oston Urunov,UZB,MF,3,67,0,0,0,0,0,0
857,Igor Sergeev,UZB,FW,3,100,0,0,0,0,0,0
857,Almoez Ali,QAT,FW,3,67,0,0,1,100,0,0
857,Mohammad Abuzraiq,JOR,FW,3,67,0,0,0,0,0,0
857,Junnosuke Suzuki,JPN,DF,3,100,0,0,0,0,0,0
857,Mohammad Abuhasheesh,JOR,DF,3,100,0,0,0,0,0,0
857,Godfried Roemeratoe,CUW,MF,3,33,0,0,0,0,0,0
857,Ermin Mahmic,BIH,MF,3,100,0,0,0,0,1,100
877,Kenji Gorre,CUW,FW,2,0,0,0,0,0,0,0
877,Mohamed Abdelmoneim,EGY,DF,2,100,0,0,0,0,0,0
877,Auston Trusty,USA,DF,2,50,1,0,1,0,0,0
877,Jordy Caicedo,ECU,FW,2,100,0,0,0,0,0,0
877,Jaminton Campaz,COL,FW,2,50,2,0,1,0,0,0
877,Ederson Silva,BRA,MF,2,100,1,100,0,0,0,0
877,Cesar Huerta,MEX,FW,2,100,0,0,0,0,0,0
877,Nicolas Tagliafico,ARG,DF,2,100,0,0,1,100,0,0
877,Goncalo Ramos,POR,FW,2,100,0,0,0,0,0,0
877,Helio Varela,CPV,MF,2,100,0,0,0,0,0,0
877,Mohanad Ali,IRQ,FW,2,50,0,0,0,0,0,0
877,Cedric Itten,SUI,FW,2,50,1,0,0,0,0,0
877,Findlay Curtis,SCO,FW,2,100,2,0,1,100,0,0
877,Mojmir Chytil,CZE,FW,2,100,0,0,1,100,0,0
891,Mattias Svanberg,SWE,MF,1,100,0,0,0,0,0,0
891,Sherzod Esanov,UZB,MF,1,100,0,0,0,0,0,0
891,Armando Gonzalez,MEX,FW,1,100,0,0,0,0,0,0
891,Rodrigo Aguirre,URU,FW,1,0,0,0,0,0,0,0
891,Tomas Rodriguez,PAN,FW,1,0,0,0,0,0,0,0
891,Kevin Castano,COL,MF,1,100,0,0,0,0,0,0
891,Jose Canale,PAR,DF,1,100,0,0,0,0,0,0
891,Gabriel Avalos,PAR,FW,1,0,0,0,0,0,0,0
891,Roshon Van Eijma,CUW,DF,1,100,0,0,0,0,0,0
891,Kento Shiogai,JPN,FW,1,100,0,0,0,0,0,0
891,Keisuke Goto,JPN,FW,1,100,0,0,1,100,0,0
891,Mustafa Saadoon,IRQ,DF,1,100,0,0,0,0,0,0
891,Noa Lang,NED,FW,1,100,0,0,0,0,0,0
904,David Affengruber,AUT,DF,0,0,0,0,0,0,0,0
904,Sondre Langas,NOR,DF,0,0,0,0,0,0,0,0
904,Jean Philippe Mateta,FRA,FW,0,0,0,0,0,0,0,0
904,Lutsharel Geertruida,NED,DF,0,0,0,0,0,0,0,0
904,Senne Lammens,BEL,GK,0,0,0,0,0,0,0,0
904,Igor Matanovic,CRO,FW,0,0,0,0,0,0,0,0
904,Trevoh Chalobah,ENG,DF,0,0,0,0,0,0,0,0
904,Florian Wiegele,AUT,GK,0,0,0,0,0,0,0,0
904,Jarell Quansah,ENG,DF,0,0,0,0,0,0,0,0
904,Florian Grillitsch,AUT,MF,0,0,0,0,0,0,0,0
904,Alexander Nuebel,GER,GK,0,0,0,0,0,0,0,0
904,Jorgen Strand Larsen,NOR,FW,0,0,0,0,0,0,0,0
904,Robin Risser,FRA,GK,0,0,0,0,0,0,0,0
904,Diogo Dalot,POR,DF,0,0,0,0,0,0,0,0
904,Koni De Winter,BEL,DF,0,0,0,0,0,0,0,0
904,Goncalo Inacio,POR,DF,0,0,0,0,0,0,0,0
904,Martin Erlic,CRO,DF,0,0,0,0,0,0,0,0
904,Dominik Kotarski,CRO,GK,0,0,0,0,0,0,0,0
904,Marten De Roon,NED,MF,0,0,0,0,0,0,0,0
904,Egil Selvik,NOR,GK,0,0,0,0,0,0,0,0
904,Pascal Gross,GER,MF,0,0,0,0,0,0,0,0
904,Jordan Henderson,ENG,MF,0,0,0,0,0,0,0,0
904,Malick Thiaw,GER,DF,0,0,0,0,0,0,0,0
904,Mike Penders,BEL,GK,0,0,0,0,0,0,0,0
904,Ivor Pandur,CRO,GK,0,0,0,0,0,0,0,0
904,Mark Flekken,NED,GK,0,0,0,0,0,0,0,0
904,Ollie Watkins,ENG,FW,0,0,0,0,0,0,0,0
904,Warren Zaire Emery,FRA,MF,0,0,0,0,0,0,0,0
904,Dean Henderson,ENG,GK,0,0,0,0,0,0,0,0
904,Ibrahima Konate,FRA,DF,0,0,0,0,0,0,0,0
904,Marcus Thuram,FRA,FW,0,0,0,0,0,0,0,0
904,Jose Sa,POR,GK,0,0,0,0,0,0,0,0
904,Axel Witsel,BEL,MF,0,0,0,0,0,0,0,0
904,Nick Woltemade,GER,FW,0,0,0,0,0,0,0,0
904,Lucas Hernandez,FRA,DF,0,0,0,0,0,0,0,0
904,Craig Gordon,SCO,GK,0,0,0,0,0,0,0,0
904,Zeno Debast,BEL,DF,0,0,0,0,0,0,0,0
904,Samu Costa,POR,DF,0,0,0,0,0,0,0,0
904,Morten Thorsby,NOR,MF,0,0,0,0,0,0,0,0
904,Joaquin Seys,BEL,DF,0,0,0,0,0,0,0,0
904,Mats Wieffer,NED,DF,0,0,0,0,0,0,0,0
904,Toni Fruk,CRO,MF,0,0,0,0,0,0,0,0
904,Oliver Baumann,GER,GK,0,0,0,0,0,0,0,0
904,James Trafford,ENG,GK,0,0,0,0,0,0,0,0
904,Dan Burn,ENG,DF,0,0,0,0,0,0,0,0
904,Matheus Nunes,POR,MF,0,0,0,0,0,0,0,0
904,Justin Kluivert,NED,MF,0,0,0,0,0,0,0,0
904,Jens Petter Hauge,NOR,MF,0,0,0,0,0,0,0,0
904,Sander Tangvik,NOR,GK,0,0,0,0,0,0,0,0
904,Jorrel Hato,NED,DF,0,0,0,0,0,0,0,0
904,Robin Roefs,NED,GK,0,0,0,0,0,0,0,0
904,Nikola Moro,CRO,MF,0,0,0,0,0,0,0,0
904,Goncalo Guedes,POR,FW,0,0,0,0,0,0,0,0
904,Ngolo Kante,FRA,MF,0,0,0,0,0,0,0,0
904,Rui Silva,POR,GK,0,0,0,0,0,0,0,0
904,Ivan Toney,ENG,FW,0,0,0,0,0,0,0,0
904,Angelo Stiller,GER,MF,0,0,0,0,0,0,0,0
904,Dejan Ljubicic,AUT,MF,0,0,0,0,0,0,0,0
904,Maxence Lacroix,FRA,DF,0,0,0,0,0,0,0,0
904,Kobbie Mainoo,ENG,MF,0,0,0,0,0,0,0,0
904,Henrik Falchener,NOR,DF,0,0,0,0,0,0,0,0
904,Wout Weghorst,NED,FW,0,0,0,0,0,0,0,0
904,Assan Ouedraogo,GER,MF,0,0,0,0,0,0,0,0
904,Fredrik Andre Bjorkan,NOR,DF,0,0,0,0,0,0,0,0
904,Ruben Neves,POR,MF,0,0,0,0,0,0,0,0
904,Duje Caleta Car,CRO,DF,0,0,0,0,0,0,0,0
904,Patrick Pentz,AUT,GK,0,0,0,0,0,0,0,0
904,Alessandro Schoepf,AUT,MF,0,0,0,0,0,0,0,0
904,Michael Svoboda,AUT,DF,0,0,0,0,0,0,0,0
904,Maximilian Beier,GER,FW,0,0,0,0,0,0,0,0
904,Brice Samba,FRA,GK,0,0,0,0,0,0,0,0
904,Kristijan Jakic,CRO,DF,0,0,0,0,0,0,0,0
904,Thelo Aasgaard,NOR,MF,0,0,0,0,0,0,0,0
904,Diego Moreira,BEL,MF,0,0,0,0,0,0,0,0
904,Brenden Aaronson,USA,FW,0,0,0,0,0,0,0,0
904,Ronald Araujo,URU,DF,0,0,0,0,0,0,0,0
904,Joaquin Piquerez,URU,MF,0,0,0,0,0,0,0,0
904,Miles Robinson,USA,DF,0,0,0,0,0,0,0,0
904,Santiago Mele,URU,GK,0,0,0,0,0,0,0,0
904,Gonzalo Valle,ECU,GK,0,0,0,0,0,0,0,0
904,Gustavo Caballero,PAR,MF,0,0,0,0,0,0,0,0
904,Max Arfsten,USA,DF,0,0,0,0,0,0,0,0
904,Gaston Olveira,PAR,GK,0,0,0,0,0,0,0,0
904,Geronimo Rulli,ARG,GK,0,0,0,0,0,0,0,0
904,Andres Gomez,COL,FW,0,0,0,0,0,0,0,0
904,Roderick Miller,PAN,DF,0,0,0,0,0,0,0,0
904,Weverton,BRA,GK,0,0,0,0,0,0,0,0
904,Cesar Yanis,PAN,MF,0,0,0,0,0,0,0,0
904,Haji Wright,USA,FW,0,0,0,0,0,0,0,0
904,Alberto Quintero,PAN,MF,0,0,0,0,0,0,0,0
904,Alvaro Montero,COL,GK,0,0,0,0,0,0,0,0
904,Braian Ojeda,PAR,MF,0,0,0,0,0,0,0,0
904,Jorge Gutierrez,PAN,DF,0,0,0,0,0,0,0,0
904,Matt Turner,USA,GK,0,0,0,0,0,0,0,0
904,Juan Portilla,COL,MF,0,0,0,0,0,0,0,0
904,Giorgian De Arrascaeta,URU,MF,0,0,0,0,0,0,0,0
904,Carlos Acevedo,MEX,GK,0,0,0,0,0,0,0,0
904,Facundo Pellistri,URU,FW,0,0,0,0,0,0,0,0
904,Jose Maria Gimenez,URU,DF,0,0,0,0,0,0,0,0
904,Marcos Senesi,ARG,DF,0,0,0,0,0,0,0,0
904,Leo Pereira,BRA,DF,0,0,0,0,0,0,0,0
904,Cristian Roldan,USA,MF,0,0,0,0,0,0,0,0
904,Bremer,BRA,DF,0,0,0,0,0,0,0,0
904,Jorge Carrascal,COL,MF,0,0,0,0,0,0,0,0
904,Anthony Valencia,ECU,MF,0,0,0,0,0,0,0,0
904,Gatito Fernandez,PAR,GK,0,0,0,0,0,0,0,0
904,Santiago Bueno,URU,DF,0,0,0,0,0,0,0,0
904,Jose Manuel Lopez,ARG,FW,0,0,0,0,0,0,0,0
904,Adalberto Carrasquilla,PAN,MF,0,0,0,0,0,0,0,0
904,Giovani Lo Celso,ARG,MF,0,0,0,0,0,0,0,0
904,Chris Brady,USA,GK,0,0,0,0,0,0,0,0
904,Edgardo Farina,PAN,DF,0,0,0,0,0,0,0,0
904,Emiliano Martinez,URU,MF,0,0,0,0,0,0,0,0
904,Rodrigo Zalazar,URU,MF,0,0,0,0,0,0,0,0
904,Santiago Arias,COL,DF,0,0,0,0,0,0,0,0
904,Kendry Paez,ECU,MF,0,0,0,0,0,0,0,0
904,Juan Musso,ARG,GK,0,0,0,0,0,0,0,0
904,Yaimar Medina,ECU,DF,0,0,0,0,0,0,0,0
904,Felix Torres,ECU,DF,0,0,0,0,0,0,0,0
904,Willer Ditta,COL,DF,0,0,0,0,0,0,0,0
904,Yerry Mina,COL,DF,0,0,0,0,0,0,0,0
904,Deiver Machado,COL,DF,0,0,0,0,0,0,0,0
904,Luis Mejia,PAN,GK,0,0,0,0,0,0,0,0
904,Giuliano Simeone,ARG,FW,0,0,0,0,0,0,0,0
904,Denil Castillo,ECU,MF,0,0,0,0,0,0,0,0
904,Sergio Rochet,URU,GK,0,0,0,0,0,0,0,0
904,David Ospina,COL,GK,0,0,0,0,0,0,0,0
904,Alex Zendejas,USA,FW,0,0,0,0,0,0,0,0
904,Fidel Escobar,PAN,DF,0,0,0,0,0,0,0,0
904,Moises Ramirez,ECU,GK,0,0,0,0,0,0,0,0
904,Ederson,BRA,GK,0,0,0,0,0,0,0,0
904,Jeremy Arevalo,ECU,FW,0,0,0,0,0,0,0,0
904,Valentin Barco,ARG,MF,0,0,0,0,0,0,0,0
904,Cesar Samudio,PAN,GK,0,0,0,0,0,0,0,0
904,Mark Mckenzie,USA,DF,0,0,0,0,0,0,0,0
904,Exequiel Palacios,ARG,MF,0,0,0,0,0,0,0,0
904,Fabian Balbuena,PAR,DF,0,0,0,0,0,0,0,0
904,David Jurasek,CZE,DF,0,0,0,0,0,0,0,0
904,Liam Kelly,SCO,GK,0,0,0,0,0,0,0,0
904,Yvon Mvogo,SUI,GK,0,0,0,0,0,0,0,0
904,Logan Rogerson,NZL,FW,0,0,0,0,0,0,0,0
904,Hjalmar Ekdal,SWE,DF,0,0,0,0,0,0,0,0
904,Kosta Barbarouses,NZL,FW,0,0,0,0,0,0,0,0
904,Lachlan Bayliss,NZL,MF,0,0,0,0,0,0,0,0
904,Kaan Ayhan,TUR,MF,0,0,0,0,0,0,0,0
904,Milos Degenek,AUS,DF,0,0,0,0,0,0,0,0
904,Eric Garcia,ESP,DF,0,0,0,0,0,0,0,0
904,Joan Garcia,ESP,GK,0,0,0,0,0,0,0,0
904,Nando Pijnaker,NZL,DF,0,0,0,0,0,0,0,0
904,Viktor Johansson,SWE,GK,0,0,0,0,0,0,0,0
904,Eric Smith,SWE,DF,0,0,0,0,0,0,0,0
904,Cameron Devlin,AUS,MF,0,0,0,0,0,0,0,0
904,Tyler Fletcher,SCO,MF,0,0,0,0,0,0,0,0
904,Mathew Ryan,AUS,GK,0,0,0,0,0,0,0,0
904,Gustaf Nilsson,SWE,FW,0,0,0,0,0,0,0,0
904,Noah Okafor,SUI,FW,0,0,0,0,0,0,0,0
904,Oguz Aydin,TUR,FW,0,0,0,0,0,0,0,0
904,Caglar Soyuncu,TUR,DF,0,0,0,0,0,0,0,0
904,Awer Mabil,AUS,FW,0,0,0,0,0,0,0,0
904,David Raya,ESP,GK,0,0,0,0,0,0,0,0
904,Borja Iglesias,ESP,FW,0,0,0,0,0,0,0,0
904,Marvin Keller,SUI,GK,0,0,0,0,0,0,0,0
904,Michael Woud,NZL,GK,0,0,0,0,0,0,0,0
904,Ben Waine,NZL,FW,0,0,0,0,0,0,0,0
904,John Souttar,SCO,DF,0,0,0,0,0,0,0,0
904,Victor Munoz,ESP,FW,0,0,0,0,0,0,0,0
904,Ozan Kabak,TUR,DF,0,0,0,0,0,0,0,0
904,Haris Tabakovic,BIH,FW,0,0,0,0,0,0,0,0
904,Avazbek Ulmasaliyev,UZB,DF,0,0,0,0,0,0,0,0
904,Herman Johansson,SWE,DF,0,0,0,0,0,0,0,0
904,Ajdin Hrustic,AUS,FW,0,0,0,0,0,0,0,0
904,Carl Starfelt,SWE,DF,0,0,0,0,0,0,0,0
904,Marc Pubill,ESP,DF,0,0,0,0,0,0,0,0
904,Lukas Hornicek,CZE,GK,0,0,0,0,0,0,0,0
904,George Hirst,SCO,FW,0,0,0,0,0,0,0,0
904,Jamshid Iskanderov,UZB,MF,0,0,0,0,0,0,0,0
904,Deniz Gul,TUR,FW,0,0,0,0,0,0,0,0
904,Dominic Hyam,SCO,DF,0,0,0,0,0,0,0,0
904,Irfan Can Kahveci,TUR,FW,0,0,0,0,0,0,0,0
904,Aurele Amenda,SUI,DF,0,0,0,0,0,0,0,0
904,Alex Rufer,NZL,MF,0,0,0,0,0,0,0,0
904,Alex Grimaldo,ESP,DF,0,0,0,0,0,0,0,0
904,Jacob Widell Zetterstrom,SWE,GK,0,0,0,0,0,0,0,0
904,Jindrich Stanek,CZE,GK,0,0,0,0,0,0,0,0
904,Mert Gunok,TUR,GK,0,0,0,0,0,0,0,0
904,Altay Bayindir,TUR,GK,0,0,0,0,0,0,0,0
904,Umar Eshmurodov,UZB,DF,0,0,0,0,0,0,0,0
904,Eray Coemert,SUI,DF,0,0,0,0,0,0,0,0
904,Alex Paulsen,NZL,GK,0,0,0,0,0,0,0,0
904,Kai Trewin,AUS,DF,0,0,0,0,0,0,0,0
904,Hugo Sochurek,CZE,MF,0,0,0,0,0,0,0,0
904,Botirali Ergashev,UZB,GK,0,0,0,0,0,0,0,0
904,Samet Akaydin,TUR,DF,0,0,0,0,0,0,0,0
904,Ken Sema,SWE,MF,0,0,0,0,0,0,0,0
904,Nihad Mujakic,BIH,DF,0,0,0,0,0,0,0,0
904,Martin Zubimendi,ESP,MF,0,0,0,0,0,0,0,0
904,Lucas Herrington,AUS,DF,0,0,0,0,0,0,0,0
904,Ross Stewart,SCO,FW,0,0,0,0,0,0,0,0
904,Paul Izzo,AUS,GK,0,0,0,0,0,0,0,0
904,Jan Kuchta,CZE,FW,0,0,0,0,0,0,0,0
904,Abdoulaye Seck,SEN,DF,0,0,0,0,0,0,0,0
904,Assane Diao,SEN,FW,0,0,0,0,0,0,0,0
904,Cherif Ndiaye,SEN,FW,0,0,0,0,0,0,0,0
904,Dayne St Clair,CAN,GK,0,0,0,0,0,0,0,0
904,Yehvann Diouf,SEN,GK,0,0,0,0,0,0,0,0
904,Keeto Thermoncy,HAI,DF,0,0,0,0,0,0,0,0
904,Kelvin Pires,CPV,DF,0,0,0,0,0,0,0,0
904,Antoine Mendy,SEN,DF,0,0,0,0,0,0,0,0
904,Joel Waterman,CAN,DF,0,0,0,0,0,0,0,0
904,Wagner Pina,CPV,DF,0,0,0,0,0,0,0,0
904,Wilguens Paugain,HAI,DF,0,0,0,0,0,0,0,0
904,Mamadou Sarr,SEN,DF,0,0,0,0,0,0,0,0
904,Bara Sapoko Ndiaye,SEN,MF,0,0,0,0,0,0,0,0
904,Jean Michael Seri,CIV,MF,0,0,0,0,0,0,0,0
904,Owen Goodman,CAN,GK,0,0,0,0,0,0,0,0
904,Youssef Belammari,MAR,DF,0,0,0,0,0,0,0,0
904,Hazem Mastouri,TUN,FW,0,0,0,0,0,0,0,0
904,Zakaria El Ouahdi,MAR,DF,0,0,0,0,0,0,0,0
904,Moutaz Neffati,TUN,DF,0,0,0,0,0,0,0,0
904,Alban Lafont,CIV,GK,0,0,0,0,0,0,0,0
904,Ricardo Goss,RSA,GK,0,0,0,0,0,0,0,0
904,Adam Arous,TUN,DF,0,0,0,0,0,0,0,0
904,Raed Chikhaoui,TUN,DF,0,0,0,0,0,0,0,0
904,Evan Ndicka,CIV,DF,0,0,0,0,0,0,0,0
904,Parfait Guiagon,CIV,MF,0,0,0,0,0,0,0,0
904,Bradley Cross,RSA,DF,0,0,0,0,0,0,0,0
904,Munir El Kajoui,MAR,GK,0,0,0,0,0,0,0,0
904,Ahmed Reda Tagnaouti,MAR,GK,0,0,0,0,0,0,0,0
904,Mortadha Ben Ouanes,TUN,DF,0,0,0,0,0,0,0,0
904,Augustine Boakye,GHA,MF,0,0,0,0,0,0,0,0
904,Woodensky Pierre,HAI,MF,0,0,0,0,0,0,0,0
904,Derrick Luckassen,GHA,DF,0,0,0,0,0,0,0,0
904,Alfie Jones,CAN,DF,0,0,0,0,0,0,0,0
904,Rayan Elloumi,TUN,FW,0,0,0,0,0,0,0,0
904,Kojo Peprah Oppong,GHA,DF,0,0,0,0,0,0,0,0
904,Oumar Diakite,CIV,FW,0,0,0,0,0,0,0,0
904,Joseph Anang,GHA,GK,0,0,0,0,0,0,0,0
904,Christopher Bonsu Baah,GHA,FW,0,0,0,0,0,0,0,0
904,Ousmane Diomande,CIV,DF,0,0,0,0,0,0,0,0
904,Jayden Nelson,CAN,FW,0,0,0,0,0,0,0,0
904,Mohamed Kone,CIV,GK,0,0,0,0,0,0,0,0
904,Alidu Seidu,GHA,DF,0,0,0,0,0,0,0,0
904,Christopher Operi,CIV,DF,0,0,0,0,0,0,0,0
904,Sipho Chaine,RSA,GK,0,0,0,0,0,0,0,0
904,Abdul Mumin,GHA,DF,0,0,0,0,0,0,0,0
904,Khalil Ayari,TUN,MF,0,0,0,0,0,0,0,0
904,Olwethu Makhanya,RSA,DF,0,0,0,0,0,0,0,0
904,Garven Metusala,HAI,DF,0,0,0,0,0,0,0,0
904,Alphonso Davies,CAN,DF,0,0,0,0,0,0,0,0
904,Carl Sainte,HAI,MF,0,0,0,0,0,0,0,0
904,Khulumani Ndamane,RSA,DF,0,0,0,0,0,0,0,0
904,Baba Rahman,GHA,DF,0,0,0,0,0,0,0,0
904,Mohamed Alaa,EGY,GK,0,0,0,0,0,0,0,0
904,Josue Duverger,HAI,GK,0,0,0,0,0,0,0,0
904,Tarek Alaa,EGY,DF,0,0,0,0,0,0,0,0
904,Samukele Kabini,RSA,DF,0,0,0,0,0,0,0,0
904,Mahmoud Saber,EGY,MF,0,0,0,0,0,0,0,0
904,Markhus Lacroix,HAI,DF,0,0,0,0,0,0,0,0
904,Nabil Donga,EGY,MF,0,0,0,0,0,0,0,0
904,Mahdy Soliman,EGY,GK,0,0,0,0,0,0,0,0
904,Thabang Matuludi,RSA,DF,0,0,0,0,0,0,0,0
904,Mohamed Elshenawy,EGY,GK,0,0,0,0,0,0,0,0
904,Alexandre Pierre,HAI,GK,0,0,0,0,0,0,0,0
904,Haissem Hassan,EGY,FW,0,0,0,0,0,0,0,0
904,Sabri Ben Hessen,TUN,GK,0,0,0,0,0,0,0,0
904,Amirmohammad Razaghinia,IRN,MF,0,0,0,0,0,0,0,0
904,Cho Wije,KOR,DF,0,0,0,0,0,0,0,0
904,Tomoki Hayakawa,JPN,GK,0,0,0,0,0,0,0,0
904,Fiston Mayele,COD,FW,0,0,0,0,0,0,0,0
904,Achref Abada,ALG,DF,0,0,0,0,0,0,0,0
904,Hassan Kadish,KSA,DF,0,0,0,0,0,0,0,0
904,Lucas Mendes,QAT,DF,0,0,0,0,0,0,0,0
904,Nour Baniateyah,JOR,GK,0,0,0,0,0,0,0,0
904,Timothy Fayulu,COD,GK,0,0,0,0,0,0,0,0
904,Stopira,CPV,DF,0,0,0,0,0,0,0,0
904,Tahsin Mohammed,QAT,FW,0,0,0,0,0,0,0,0
904,Abdallah Alfakhori,JOR,GK,0,0,0,0,0,0,0,0
904,Mohammed Muntari,QAT,FW,0,0,0,0,0,0,0,0
904,Mohammad Ghorbani,IRN,MF,0,0,0,0,0,0,0,0
904,Fares Ghedjemis,ALG,FW,0,0,0,0,0,0,0,0
904,Logan Costa,CPV,DF,0,0,0,0,0,0,0,0
904,Cj Dos Santos,CPV,GK,0,0,0,0,0,0,0,0
904,Salah Zakaria,QAT,GK,0,0,0,0,0,0,0,0
904,Dennis Dargahi,IRN,FW,0,0,0,0,0,0,0,0
904,Amer Jamous,JOR,MF,0,0,0,0,0,0,0,0
904,Gael Kakuta,COD,FW,0,0,0,0,0,0,0,0
904,Mohamed Amine Tougai,ALG,DF,0,0,0,0,0,0,0,0
904,Koki Ogawa,JPN,FW,0,0,0,0,0,0,0,0
904,Frans Putros,IRQ,DF,0,0,0,0,0,0,0,0
904,Jehad Thikri,KSA,DF,0,0,0,0,0,0,0,0
904,Saleh Alshehri,KSA,FW,0,0,0,0,0,0,0,0
904,Shuto Machino,JPN,FW,0,0,0,0,0,0,0,0
904,Fahad Talib,IRQ,GK,0,0,0,0,0,0,0,0
904,Ali Yousif,IRQ,FW,0,0,0,0,0,0,0,0
904,Meshaal Barsham,QAT,GK,0,0,0,0,0,0,0,0
904,Matthieu Epolo,COD,GK,0,0,0,0,0,0,0,0
904,Danial Iri,IRN,DF,0,0,0,0,0,0,0,0
904,Aiman Yahya,KSA,FW,0,0,0,0,0,0,0,0
904,Mohammad Abughoush,JOR,MF,0,0,0,0,0,0,0,0
904,Ibrahim Sadeh,JOR,MF,0,0,0,0,0,0,0,0
904,Meschack Elia,COD,FW,0,0,0,0,0,0,0,0
904,Aaron Tshibola,COD,MF,0,0,0,0,0,0,0,0
904,Lee Donggyeong,KOR,MF,0,0,0,0,0,0,0,0
904,Ahmed Alkassar,KSA,GK,0,0,0,0,0,0,0,0
904,Ali Majrashi,KSA,DF,0,0,0,0,0,0,0,0
904,Munaf Younus,IRQ,DF,0,0,0,0,0,0,0,0
904,Kevin Yakob,IRQ,MF,0,0,0,0,0,0,0,0
904,Yassine Titraoui,ALG,MF,0,0,0,0,0,0,0,0
904,Song Bumkeun,KOR,GK,0,0,0,0,0,0,0,0
904,Nawaf Alaqidi,KSA,GK,0,0,0,0,0,0,0,0
904,Alhashmi Alhussein,QAT,DF,0,0,0,0,0,0,0,0
904,Brian Cipenga,COD,FW,0,0,0,0,0,0,0,0
904,Khalid Alghannam,KSA,FW,0,0,0,0,0,0,0,0
904,Theo Bongonda,COD,MF,0,0,0,0,0,0,0,0
904,Jo Hyeonwoo,KOR,GK,0,0,0,0,0,0,0,0
904,Melvin Mastil,ALG,GK,0,0,0,0,0,0,0,0
904,Ziyad Aljohani,KSA,MF,0,0,0,0,0,0,0,0
904,Roozbeh Cheshmi,IRN,MF,0,0,0,0,0,0,0,0
904,Dylan Batubinsika,COD,DF,0,0,0,0,0,0,0,0
904,Samir Chergui,ALG,DF,0,0,0,0,0,0,0,0
904,Hossein Hosseini,IRN,GK,0,0,0,0,0,0,0,0
904,Keisuke Osako,JPN,GK,0,0,0,0,0,0,0,0
904,Anas Badawi,JOR,DF,0,0,0,0,0,0,0,0
904,Payam Niazmand,IRN,GK,0,0,0,0,0,0,0,0
904,Sultan Mandash,KSA,FW,0,0,0,0,0,0,0,0
904,Ahmed Maknazi,IRQ,DF,0,0,0,0,0,0,0,0
904,Rajaei Ayed,JOR,MF,0,0,0,0,0,0,0,0
904,Kim Taehyeon,KOR,DF,0,0,0,0,0,0,0,0
904,Oussama Benbot,ALG,GK,0,0,0,0,0,0,0,0
904,Marcio Rosa,CPV,GK,0,0,0,0,0,0,0,0
904,Bae Junho,KOR,MF,0,0,0,0,0,0,0,0
904,Kevin Felida,CUW,MF,0,0,0,0,0,0,0,0
904,Arjany Martha,CUW,MF,0,0,0,0,0,0,0,0
904,Tyrick Bodak,CUW,GK,0,0,0,0,0,0,0,0
904,Brandley Kuwas,CUW,FW,0,0,0,0,0,0,0,0
904,Tyrese Noslin,CUW,FW,0,0,0,0,0,0,0,0
904,Martin Zlomislic,BIH,GK,0,0,0,0,0,0,0,0
904,Trevor Doornbusch,CUW,GK,0,0,0,0,0,0,0,0
904,Mladen Jurkas,BIH,GK,0,0,0,0,0,0,0,0
904,Shurandy Sambo,CUW,DF,0,0,0,0,0,0,0,0
