Posição,Jogador,País,Posição Campo,Velocidade média (km/h),Corridas em alta velocidade,Arrancadas,Distância total (m)
1,Giovanni Reyna,USA,MF,8.73,42,10,2545.71
2,Matias Fernandez Pardo,BEL,FW,8.22,37,20,2497.05
3,Jesse Randall,NZL,FW,8.19,37,25,3477.09
4,Alexandr Sojka,CZE,MF,8.04,321,108,19628.07
5,Abdullah Alhamddan,KSA,FW,8.01,114,44,6943.92
6,Andrej Kramaric,CRO,FW,7.86,141,44,8703.29
7,Bernardo Silva,POR,MF,7.83,135,45,8893.5
8,Samir El Mourabet,MAR,MF,7.76,111,44,7005.23
9,Rayan Cherki,FRA,MF,7.74,79,29,4963.07
10,Jacob Shaffelburg,CAN,MF,7.73,126,66,9824.74
11,Rani Khedira,TUN,MF,7.71,125,33,10357.3
12,Zaid Ismael,IRQ,MF,7.69,243,58,16240.49
13,Timothy Castagne,BEL,DF,7.69,176,70,12427.47
14,Aleksandar Pavlovic,GER,MF,7.65,328,104,21098.83
15,Ala Alhajji,KSA,MF,7.62,98,33,5355.08
16,Ryan Christie,SCO,MF,7.62,208,53,14260.28
17,Morgan Rogers,ENG,MF,7.6,75,24,6017.05
18,Jackson Irvine,AUS,MF,7.57,73,24,4167.1
19,Mahmoud Almardi,JOR,FW,7.54,234,60,12957.37
20,Benjamin Nygren,SWE,MF,7.53,238,81,16064.18
21,Fredrik Aursnes,NOR,MF,7.53,267,77,15662.71
22,Teun Koopmeiners,NED,MF,7.53,133,40,7823.75
23,Noor Alrawabdeh,JOR,MF,7.51,454,98,26116.83
24,Musab Aljuwayr,KSA,MF,7.5,228,57,14572.9
25,Elias Saad,TUN,FW,7.48,199,86,15480.51
26,Soufiane Rahimi,MAR,FW,7.47,100,47,6339.24
27,Tyler Bindon,NZL,DF,7.45,36,14,2355.94
28,Ali Azaizeh,JOR,FW,7.43,46,16,3425.14
29,Ramiz Zerrouki,ALG,MF,7.43,85,21,7700.25
30,Pedri,ESP,MF,7.36,297,80,21456.88
31,Charles Pickel,COD,MF,7.34,77,35,5540.28
32,Shahriyar Moghanloo,IRN,FW,7.34,115,36,8629.64
33,Michael Olise,FRA,FW,7.32,246,117,21379.94
34,Leon Goretzka,GER,MF,7.31,57,22,4287.39
35,Kenny Mclean,SCO,MF,7.3,188,56,16438.49
36,Damian Bobadilla,PAR,MF,7.29,169,47,12636.42
37,Mert Muldur,TUR,DF,7.29,133,50,14101.92
38,Ngalayel Mukau,COD,MF,7.29,201,61,13731.34
39,Sarpreet Singh,NZL,MF,7.25,288,88,21262.46
40,Michel Aebischer,SUI,MF,7.24,308,110,19862.73
41,Callum Mccowatt,NZL,MF,7.24,269,91,17205.4
42,Hicham Boudaoui,ALG,MF,7.24,200,64,14230.46
43,Amirhossein Hosseinzadeh,IRN,FW,7.23,47,17,3200.06
44,Thiago Almada,ARG,FW,7.23,177,74,15652.61
45,Hans Vanaken,BEL,MF,7.21,81,17,5676.68
46,Thomas Meunier,BEL,DF,7.21,265,113,19910.92
47,Elliot Stroud,SWE,DF,7.21,47,17,3934.0
48,Mostafa Zico,EGY,MF,7.19,268,96,19116.69
49,Odeh Fakhoury,JOR,FW,7.18,197,76,13146.1
50,Paul Okon Engstler,AUS,MF,7.17,285,84,20553.68
51,Michal Sadilek,CZE,MF,7.16,385,125,24212.55
52,Mikel Merino,ESP,MF,7.16,119,30,7333.76
53,Lewis Ferguson,SCO,MF,7.16,451,119,36575.01
54,Ryan Thomas,NZL,MF,7.16,106,37,6302.61
55,Memphis Depay,NED,FW,7.15,97,44,5977.33
56,Samuel Moutoussamy,COD,MF,7.15,307,83,22300.63
57,Marcus Rashford,ENG,FW,7.14,65,29,4556.71
58,Petar Sucic,CRO,MF,7.14,229,74,15057.71
59,Stephen Eustaquio,CAN,MF,7.13,470,113,28040.39
60,Martin Odegaard,NOR,MF,7.12,330,125,22635.9
61,Ivan Sunjic,BIH,MF,7.12,290,76,19237.65
62,Scott Mctominay,SCO,MF,7.12,483,135,36353.67
63,Kai Havertz,GER,FW,7.11,317,111,22758.28
64,Bruno Guimaraes,BRA,MF,7.11,430,91,32353.12
65,Nelson Semedo,POR,DF,7.11,118,44,8446.65
66,Jamal Musiala,GER,MF,7.09,209,67,16007.58
67,Patrick Berg,NOR,MF,7.08,139,41,8212.88
68,Anis Slimane,TUN,MF,7.06,285,87,22052.18
69,Benjamin Tahirovic,BIH,MF,7.05,355,98,25270.96
70,Neil El Aynaoui,MAR,MF,7.04,424,152,34363.9
71,Zizo,EGY,FW,7.03,44,25,4217.78
72,Marawan Attia,EGY,MF,7.03,374,122,23886.21
73,Jayden Adams,RSA,MF,7.03,181,57,14495.71
74,Nasser Aldawsari,KSA,MF,7.02,283,80,15579.35
75,Tomas Soucek,CZE,MF,7.02,264,57,17938.82
76,Elias Achouri,TUN,FW,7.01,35,23,3460.94
77,Adrien Rabiot,FRA,MF,7.0,300,85,23468.84
78,Rodri,ESP,MF,7.0,272,60,22625.1
79,Lucas Bergvall,SWE,MF,6.99,114,40,8494.97
80,Mohamed Manai,QAT,FW,6.99,153,43,10166.36
81,Ahmed Qasem,IRQ,FW,6.98,203,75,14175.36
82,Desire Doue,FRA,FW,6.98,162,71,13415.16
83,Aiden Oneill,AUS,MF,6.98,347,94,23894.77
84,Simon Banza,COD,FW,6.95,70,23,5130.52
85,Dani Olmo,ESP,FW,6.94,121,45,9017.29
86,Lukas Provod,CZE,MF,6.94,228,88,16011.22
87,Abdullah Alkhaibari,KSA,MF,6.94,235,54,17346.24
88,Richard Rios,COL,MF,6.94,66,28,4713.09
89,Elliot Anderson,ENG,MF,6.94,315,92,21014.39
90,Mateo Kovacic,CRO,MF,6.93,163,46,13023.61
91,Florian Wirtz,GER,MF,6.93,337,114,23652.24
92,Akmal Mozgovoy,UZB,MF,6.93,239,60,17893.86
93,Sander Berge,NOR,MF,6.92,324,79,23959.07
94,Joao Neves,POR,MF,6.92,266,91,21083.66
95,Pape Gueye,SEN,MF,6.92,209,64,16841.24
96,Zidane Iqbal,IRQ,MF,6.92,230,31,15768.2
97,Ellyes Skhiri,TUN,MF,6.91,209,37,19497.87
98,Vitinha,POR,MF,6.91,242,80,20386.06
99,Jacob Italiano,AUS,DF,6.89,279,121,20985.37
100,Hakan Calhanoglu,TUR,MF,6.89,319,72,24004.04
101,Joe Bell,NZL,MF,6.88,339,78,23599.6
102,Ricardo Pepi,USA,FW,6.88,144,64,11791.77
103,Edo Kayembe,COD,MF,6.88,255,77,17922.73
104,Ibrahim Maza,ALG,MF,6.88,275,75,21623.12
105,Andres Cubas,PAR,MF,6.88,346,103,24364.52
106,Jesper Karlstrom,SWE,MF,6.88,199,48,16846.98
107,Sebastian Berhalter,USA,MF,6.88,131,43,9028.1
108,Remo Freuler,SUI,MF,6.87,482,106,33791.83
109,Danley Jean Jacques,HAI,MF,6.87,470,138,33149.8
110,Youri Tielemans,BEL,MF,6.86,315,107,23159.88
111,Carlos Harvey,PAN,DF,6.85,322,78,23421.71
112,Nico Williams,ESP,FW,6.85,57,36,4662.38
113,Ali Olwan,JOR,FW,6.85,293,111,23108.88
114,Noah Sadiki,COD,MF,6.84,129,47,10072.54
115,Lamine Camara,SEN,MF,6.84,247,103,16942.16
116,Hamza Abdelkarim,EGY,FW,6.83,58,37,4974.65
117,Fabian Ruiz,ESP,MF,6.83,131,32,11704.95
118,Igor Sergeev,UZB,FW,6.83,46,16,3601.0
119,Edgar Yoel Barcenas,PAN,MF,6.83,320,80,22676.19
120,Vladimir Coufal,CZE,DF,6.82,443,154,34224.86
121,Marko Farji,IRQ,FW,6.82,96,30,6975.47
122,Che Adams,SCO,FW,6.82,192,75,17234.99
123,Ali Alhamadi,IRQ,FW,6.82,182,77,15290.76
124,Franck Kessie,CIV,MF,6.82,293,96,23500.43
125,Jearl Margaritha,CUW,FW,6.81,62,36,5685.6
126,Patrik Schick,CZE,FW,6.81,251,76,22836.75
127,Joshua Kimmich,GER,DF,6.8,254,90,21830.86
128,Cristian Martinez,PAN,MF,6.8,212,95,18685.5
129,Ismaila Sarr,SEN,FW,6.8,264,98,21037.17
130,Mohammad Mohebbi,IRN,MF,6.8,287,109,19709.48
131,Kaishu Sano,JPN,MF,6.8,264,71,22570.24
132,Takehiro Tomiyasu,JPN,DF,6.79,117,26,11154.81
133,Oscar Bobb,NOR,MF,6.79,57,26,4663.7
134,Milad Mohammadi,IRN,DF,6.79,175,75,14606.74
135,Diego Gomez,PAR,MF,6.78,247,90,18224.08
136,Hwang Inbeom,KOR,MF,6.78,372,97,32488.04
137,Wilson Isidor,HAI,FW,6.78,287,110,22699.6
138,Ramin Rezaeian,IRN,DF,6.77,290,100,23072.79
139,Adam Hlozek,CZE,FW,6.77,251,94,19420.45
140,Andreas Schjelderup,NOR,MF,6.77,68,27,6169.54
141,Elijah Just,NZL,MF,6.76,291,122,21471.21
142,Ismael Saibari,MAR,MF,6.76,391,220,28763.3
143,Nabil Bentaleb,ALG,MF,6.76,200,52,15447.66
144,Laros Duarte,CPV,MF,6.75,123,31,10615.79
145,Liberato Cacace,NZL,DF,6.75,220,67,17204.29
146,Nishan Velupillay,AUS,FW,6.75,140,53,9830.13
147,Miguel Almiron,PAR,MF,6.75,168,61,14801.86
148,Seko Fofana,CIV,MF,6.75,168,54,11627.71
149,Martin Baturina,CRO,MF,6.72,288,91,20406.63
150,Ibrahim Sangare,CIV,MF,6.71,143,37,11626.75
151,Keito Nakamura,JPN,MF,6.71,275,97,20303.23
152,Caleb Yirenkyi,GHA,MF,6.71,309,98,23435.5
153,Livano Comenencia,CUW,MF,6.71,246,88,20967.4
154,Saman Ghoddos,IRN,MF,6.71,225,68,17502.49
155,Nathaniel Brown,GER,DF,6.7,217,87,20299.52
156,Yukinari Sugawara,JPN,DF,6.7,41,18,4975.62
157,Petar Musa,CRO,FW,6.7,160,61,13217.92
158,Riyad Mahrez,ALG,FW,6.7,175,53,12895.95
159,Azzedine Ounahi,MAR,MF,6.7,282,123,22515.32
160,Gustavo Puerta,COL,DF,6.69,271,79,20718.2
161,Ahmed Fatouh,EGY,DF,6.69,269,113,21937.7
162,Julian Quinones,MEX,FW,6.68,388,158,30123.38
163,El Hadji Malick Diouf,SEN,DF,6.68,229,82,18079.2
164,Patrick Wimmer,AUT,FW,6.67,54,23,4379.3
165,Emam Ashour,EGY,MF,6.67,241,90,18124.2
166,Amir Alammari,IRQ,MF,6.67,245,64,19256.84
167,Fares Chaibi,ALG,MF,6.67,281,102,22583.36
168,Paik Seungho,KOR,MF,6.66,269,63,23909.61
169,Seol Youngwoo,KOR,DF,6.66,309,155,30578.14
170,Ismail Yuksek,TUR,MF,6.65,156,43,16925.98
171,Pavel Sulc,CZE,FW,6.65,338,102,22856.82
172,Martin Experience,HAI,DF,6.65,447,187,33997.02
173,Mathias Olivera,URU,DF,6.65,307,85,23112.34
174,Felix Nmecha,GER,MF,6.64,267,93,20231.84
175,Marco Pasalic,CRO,FW,6.64,120,73,11556.11
176,Julian Ryerson,NOR,FW,6.64,140,43,12119.18
177,Connor Metcalfe,AUS,MF,6.64,228,78,17180.07
178,Orkun Kokcu,TUR,MF,6.64,99,36,9056.98
179,Jean Ricner Bellegarde,HAI,MF,6.64,431,112,32370.02
180,Declan Rice,ENG,MF,6.63,244,86,19826.25
181,Bukayo Saka,ENG,FW,6.63,75,27,6016.7
182,Ahmed Fathy,QAT,MF,6.63,312,80,18273.99
183,Frenkie De Jong,NED,MF,6.63,195,53,17752.5
184,Ehsan Hajisafi,IRN,DF,6.62,134,48,11464.24
185,Nizar Alrashdan,JOR,MF,6.62,310,79,23030.36
186,Kwasi Sibo,GHA,MF,6.62,206,39,13823.21
187,Antonee Robinson,USA,DF,6.61,273,94,21119.78
188,Sergino Dest,USA,DF,6.61,225,111,18029.72
189,Baris Alper Yilmaz,TUR,FW,6.6,127,53,11296.79
190,Tijjani Reijnders,NED,MF,6.59,191,56,14991.35
191,Enzo Fernandez,ARG,MF,6.59,306,99,22484.62
192,Leandro Trossard,BEL,FW,6.58,273,88,22229.36
193,Mohanad Lashin,EGY,MF,6.58,260,84,22348.58
194,Ali Ahmed,CAN,FW,6.58,225,114,18923.03
195,Anis Hadj Moussa,ALG,FW,6.58,123,47,9612.38
196,Otabek Shukurov,UZB,MF,6.57,279,63,22274.07
197,Marc Guehi,ENG,DF,6.57,112,29,11069.43
198,Casemiro,BRA,MF,6.57,243,68,24374.14
199,Jordan Ayew,GHA,FW,6.57,227,83,18078.81
200,Azarias Londono,PAN,FW,6.57,66,25,5479.85
201,Carney Chukwuemeka,AUT,MF,6.57,88,28,5984.16
202,Kevin De Bruyne,BEL,MF,6.56,258,85,20152.07
203,Lucas Paqueta,BRA,MF,6.56,270,101,22539.82
204,Marc Cucurella,ESP,DF,6.56,221,95,22105.13
205,Sphephelo Sithole,RSA,MF,6.55,272,64,17019.34
206,Stefan Posch,AUT,DF,6.55,254,92,19806.8
207,Alexander Sorloth,NOR,FW,6.55,234,83,17867.33
208,Ferdi Kadioglu,TUR,DF,6.55,218,101,19552.43
209,Leroy Sane,GER,MF,6.55,236,113,17981.52
210,Weston Mckennie,USA,MF,6.55,276,107,22569.34
211,Johan Manzambi,SUI,MF,6.55,220,77,16011.21
212,Mohannad Abutaha,JOR,MF,6.55,293,115,21335.18
213,Nilson Angulo,ECU,FW,6.54,94,39,7423.17
214,Arda Guler,TUR,FW,6.54,286,81,22796.61
215,Mohamed Salah,EGY,FW,6.54,202,80,18347.57
216,Granit Xhaka,SUI,MF,6.53,515,99,33120.81
217,Nicolas Raskin,BEL,MF,6.53,120,33,11397.34
218,Maxim De Cuyper,BEL,DF,6.53,195,64,15525.4
219,Feras Albrikan,KSA,FW,6.52,194,63,17442.49
220,Saeid Ezatolahi,IRN,MF,6.51,260,44,21054.92
221,Pathe Ciss,SEN,MF,6.51,59,18,5017.16
222,Djed Spence,ENG,DF,6.51,87,46,9139.07
223,Salem Aldawsari,KSA,FW,6.5,313,121,22275.27
224,Alexander Bernhardsson,SWE,DF,6.5,179,61,16633.58
225,Oswin Appollis,RSA,FW,6.5,270,115,20626.63
226,Ivan Basic,BIH,MF,6.5,270,63,22053.62
227,Ousmane Dembele,FRA,FW,6.49,210,75,16860.84
228,Gonzalo Plata,ECU,FW,6.49,245,87,21903.88
229,Jason Geria,AUS,DF,6.49,78,29,7925.03
230,Ehsan Haddad,JOR,DF,6.48,261,88,20288.46
231,Juan Manuel Sanabria,URU,MF,6.48,227,93,17201.42
232,Yasin Ayari,SWE,MF,6.48,232,53,19825.67
233,Daichi Kamada,JPN,MF,6.47,196,68,18973.73
234,Dan Ndoye,SUI,FW,6.47,192,93,16958.93
235,Jose Fajardo,PAN,FW,6.47,163,77,13636.25
236,Marko Stamenic,NZL,MF,6.47,258,84,21756.6
237,Iqraam Rayners,RSA,FW,6.47,178,101,18002.87
238,Jonathan David,CAN,FW,6.46,359,118,28888.94
239,Esmir Bajraktarevic,BIH,FW,6.46,250,114,23192.55
240,Francisco Conceicao,POR,FW,6.46,107,53,10770.16
241,Angelo Preciado,ECU,DF,6.46,56,24,5161.47
242,Mario Pasalic,CRO,MF,6.46,131,49,10044.26
243,Ladislav Krejci,CZE,DF,6.46,373,81,32407.75
244,Jules Kounde,FRA,DF,6.45,263,92,20580.22
245,Rodrigo Bentancur,URU,MF,6.45,225,91,22433.8
246,Joao Cancelo,POR,DF,6.45,184,67,16284.77
247,Gabriel Gudmundsson,SWE,DF,6.45,177,80,17854.81
248,Amar Memic,BIH,MF,6.44,274,137,24729.52
249,Manuel Ugarte,URU,MF,6.44,179,52,16440.25
250,Julian Alvarez,ARG,FW,6.44,102,56,8031.41
251,Israel Reyes,MEX,DF,6.44,245,57,22684.22
252,Xaver Schlager,AUT,MF,6.44,208,55,17460.0
253,Bradley Barcola,FRA,FW,6.43,80,39,10890.47
254,Tajon Buchanan,CAN,FW,6.42,286,107,24667.23
255,Deniz Gul,TUR,FW,6.42,43,22,5152.77
256,Pedro Vite,ECU,MF,6.42,339,79,21670.71
257,Julio Enciso,PAR,FW,6.42,269,105,21853.59
258,Paul Wanner,AUT,MF,6.41,171,46,12752.33
259,Abdul Fatawu,GHA,FW,6.41,105,40,7953.9
260,Kerim Alajbegovic,BIH,FW,6.41,242,83,21703.2
261,Nicolas Seiwald,AUT,MF,6.41,279,79,22513.36
262,Mohammed Abu Alshamat,KSA,DF,6.4,154,66,13382.09
263,Nicolas De La Cruz,URU,MF,6.4,84,36,5928.76
264,Daniel Munoz,COL,DF,6.4,281,101,22063.89
265,Jordan Bos,AUS,DF,6.4,212,122,20456.32
266,Harry Kane,ENG,FW,6.39,251,77,21775.07
267,Sebastian Tounekti,TUN,MF,6.39,137,49,10374.06
268,Rafik Belghali,ALG,DF,6.39,278,96,21632.6
269,Agustin Canobbio,URU,MF,6.39,202,94,16958.1
270,Thalente Mbatha,RSA,MF,6.37,363,114,26330.22
271,Viktor Gyokeres,SWE,FW,6.37,210,91,21330.18
272,Alexis Mac Allister,ARG,MF,6.37,254,50,21740.52
273,Nicolas Jackson,SEN,FW,6.37,233,119,20493.68
274,Nicolas Pepe,CIV,FW,6.37,132,55,9812.63
275,Pau Cubarsi,ESP,DF,6.37,190,60,21462.29
276,Kevin Rodriguez,ECU,FW,6.36,93,37,7454.3
277,Alistair Johnston,CAN,DF,6.36,419,152,32449.41
278,Romano Schmid,AUT,MF,6.36,243,92,18168.11
279,Josip Stanisic,CRO,DF,6.36,225,113,21200.89
280,Ritsu Doan,JPN,MF,6.35,137,76,16338.73
281,Roberto Alvarado,MEX,FW,6.35,352,118,30150.91
282,Malik Tillman,USA,MF,6.34,274,98,20208.35
283,Joris Kayembe,COD,DF,6.34,57,23,4793.14
284,Josko Gvardiol,CRO,DF,6.34,183,71,15505.62
285,Torbjorn Heggem,NOR,DF,6.34,205,67,20176.24
286,Jefferson Lerma,COL,MF,6.34,314,66,21856.0
287,Gustaf Lagerbielke,SWE,DF,6.33,248,65,21209.89
288,Alex Freeman,USA,DF,6.33,259,80,22066.15
289,Brian Rodriguez,URU,FW,6.33,56,21,3707.01
290,Guillermo Varela,URU,DF,6.33,230,109,22019.25
291,Piero Hincapie,ECU,DF,6.33,238,95,21352.6
292,Yan Valery,TUN,DF,6.32,202,87,18590.84
293,Ibrahim Bayesh,IRQ,MF,6.32,193,62,16232.12
294,Brandon Mechele,BEL,DF,6.32,248,78,21334.39
295,Kerem Akturkoglu,TUR,FW,6.31,147,73,15234.03
296,Jesus Gallardo,MEX,DF,6.3,204,72,22331.19
297,Deroy Duarte,CPV,MF,6.3,97,27,9087.35
298,Nico Oreilly,ENG,DF,6.3,154,59,14091.42
299,Nathan Patterson,SCO,DF,6.3,203,86,21036.01
300,Guela Doue,CIV,DF,6.3,122,41,10830.51
301,Amad Diallo,CIV,FW,6.29,166,66,13133.88
302,Jude Bellingham,ENG,MF,6.29,218,109,17228.33
303,Lautaro Martinez,ARG,FW,6.28,138,49,13544.66
304,Amir Murillo,PAN,DF,6.28,233,105,21453.46
305,Hussein Ali,IRQ,DF,6.27,179,71,18211.32
306,Bruno Fernandes,POR,MF,6.27,251,98,21121.74
307,Hwang Heechan,KOR,MF,6.27,144,62,12925.63
308,David Moller Wolfe,NOR,DF,6.27,210,85,18974.33
309,Jonathan Tah,GER,DF,6.27,185,63,19004.57
310,Rafael Leao,POR,FW,6.26,52,18,3811.49
311,Oh Hyeongyu,KOR,FW,6.26,158,64,15016.21
312,Ryan Mendes,CPV,FW,6.26,260,88,21388.99
313,Saleem Obaid,JOR,DF,6.25,36,16,3594.43
314,Konrad Laimer,AUT,MF,6.25,224,108,21964.54
315,Leo Ostigard,NOR,DF,6.25,45,10,4358.41
316,Tyler Adams,USA,MF,6.25,272,91,21765.77
317,Moteb Alharbi,KSA,DF,6.24,215,89,20749.62
318,Ermedin Demirovic,BIH,FW,6.24,282,134,30044.1
319,Jamiro Monteiro,CPV,MF,6.23,164,51,17643.27
320,Mehdi Taremi,IRN,FW,6.23,225,100,19554.3
321,Lee Hanbeom,KOR,DF,6.23,365,107,31151.94
322,Deniz Undav,GER,FW,6.22,93,32,7142.54
323,Merchas Doski,IRQ,DF,6.22,189,75,20571.15
324,Douglas Santos,BRA,DF,6.22,371,122,30423.81
325,Mohamed Toure,AUS,FW,6.22,152,51,13569.82
326,Crysencio Summerville,NED,FW,6.22,134,63,12526.79
327,Jose Luis Rodriguez,PAN,MF,6.21,212,78,18353.15
328,Ramy Rabia,EGY,DF,6.21,106,31,9037.9
329,Edmilson Junior,QAT,FW,6.21,290,97,23874.51
330,Ange Yoan Bonny,CIV,FW,6.2,168,59,12979.99
331,Luc De Fougerolles,CAN,DF,6.2,347,109,28781.83
332,Amine Gouiri,ALG,FW,6.2,211,73,16276.5
333,Ismael Gharbi,TUN,MF,6.19,84,31,6797.72
334,Nikola Katic,BIH,DF,6.19,299,101,27639.16
335,Zaid Tahseen,IRQ,DF,6.19,179,49,16808.01
336,Ben Gannon Doak,SCO,FW,6.19,200,96,20888.71
337,Dayot Upamecano,FRA,DF,6.18,168,77,20737.87
338,Abbosbek Fayzullaev,UZB,MF,6.18,210,79,16563.83
339,Hannibal Mejbri,TUN,MF,6.18,219,62,20656.26
340,Matheus Cunha,BRA,FW,6.18,262,86,19674.92
341,Lee Gihyuk,KOR,MF,6.18,388,125,30898.48
342,Moises Caicedo,ECU,MF,6.18,242,62,20852.76
343,Sead Kolasinac,BIH,DF,6.17,255,107,29772.69
344,Ayase Ueda,JPN,FW,6.17,183,62,17921.29
345,Sherzod Nasrullaev,UZB,DF,6.17,109,45,10401.55
346,Evidence Makgopa,RSA,FW,6.16,184,59,15963.57
347,Yunus Akgun,TUR,FW,6.16,101,52,10803.37
348,Facundo Medina,ARG,DF,6.16,226,60,19428.31
349,Odilon Kossounou,CIV,DF,6.16,112,22,11155.22
350,Rayan Ait Nouri,ALG,DF,6.16,219,104,19488.96
351,Tahith Chong,CUW,MF,6.16,175,64,17139.91
352,John Mcginn,SCO,MF,6.15,331,98,28477.11
353,Josip Sutalo,CRO,DF,6.15,209,70,20524.36
354,Juninho Bacuna,CUW,MF,6.15,194,89,18376.57
355,Jassem Gaber,QAT,DF,6.14,232,55,17053.08
356,Son Heungmin,KOR,FW,6.14,169,96,18757.38
357,Nico Gonzalez,ARG,MF,6.14,79,31,7641.99
358,Nico Schlotterbeck,GER,DF,6.14,158,40,15443.46
359,Tim Payne,NZL,DF,6.13,212,81,17599.51
360,Yoane Wissa,COD,FW,6.13,188,79,20626.38
361,Omar Rekik,TUN,DF,6.13,199,66,20477.26
362,Bilal El Khannouss,MAR,MF,6.12,328,141,28097.49
363,Denzel Dumfries,NED,DF,6.12,226,86,20360.6
364,Ivan Perisic,CRO,FW,6.12,227,99,20405.46
365,Ryan Gravenberch,NED,MF,6.12,224,67,18818.22
366,Jonas Adjetey,GHA,DF,6.12,224,77,21351.1
367,Behruzjon Karimov,UZB,DF,6.11,233,107,20671.11
368,Cedric Bakambu,COD,FW,6.11,178,92,15553.78
369,Abdulkerim Bardakci,TUR,DF,6.11,165,59,19876.17
370,Christ Inao Oulai,CIV,MF,6.1,132,34,12743.91
371,Anthony Gordon,ENG,FW,6.1,159,95,15149.38
372,Alan Franco,ECU,MF,6.1,174,75,15409.57
373,Antonio Ruediger,GER,DF,6.1,62,25,7577.88
374,Tarik Muharemovic,BIH,DF,6.1,188,47,18555.28
375,Ali Abdi,TUN,DF,6.09,216,105,19784.19
376,Ali Nemati,IRN,DF,6.09,244,73,20776.39
377,Luka Modric,CRO,MF,6.09,165,53,14967.47
378,Juan Jose Caceres,PAR,DF,6.09,196,80,17749.1
379,Chadi Riad,MAR,DF,6.09,336,75,31317.86
380,Ruben Providence,HAI,FW,6.09,312,115,24005.38
381,Alessandro Circati,AUS,DF,6.08,184,72,20828.0
382,Prince Adu,GHA,FW,6.08,49,22,4362.58
383,Merih Demiral,TUR,DF,6.08,153,57,21211.19
384,Chris Richards,USA,DF,6.08,236,47,21169.14
385,Brian Brobbey,NED,FW,6.07,95,28,8493.64
386,Hiroki Ito,JPN,DF,6.07,200,61,20159.87
387,Ben Old,NZL,MF,6.07,81,42,6332.37
388,Carlens Arcus,HAI,DF,6.07,247,86,18006.56
389,Telmo Arcanjo,CPV,MF,6.06,58,27,6515.91
390,Renato Veiga,POR,DF,6.06,221,55,20393.23
391,Edson Alvarez,MEX,DF,6.06,288,87,22977.48
392,Josue Casimir,HAI,FW,6.05,246,113,20980.8
393,Achraf Hakimi,MAR,DF,6.05,344,158,31119.42
394,Nahuel Molina,ARG,DF,6.05,153,67,15458.81
395,Lamine Yamal,ESP,FW,6.04,62,25,7447.01
396,Aymeric Laporte,ESP,DF,6.04,176,51,20370.06
397,Aaron Wan Bissaka,COD,DF,6.04,220,86,19255.02
398,Teboho Mokoena,RSA,MF,6.04,271,82,20384.48
399,Aubrey Modiba,RSA,DF,6.04,330,105,28370.54
400,Kristoffer Ajer,NOR,DF,6.04,200,61,20886.02
401,Assim Madibo,QAT,MF,6.04,208,30,14695.95
402,Tani Oluwaseyi,CAN,FW,6.03,158,79,14643.45
403,Chris Wood,NZL,FW,6.02,202,87,20618.03
404,Kevin Pina,CPV,MF,6.01,147,43,17920.4
405,Anthony Elanga,SWE,FW,6.01,35,29,4686.42
406,Marvin Senaya,GHA,DF,6.01,179,106,20095.68
407,Jose Cordoba,PAN,DF,6.01,197,69,20506.02
408,Gustavo Velazquez,PAR,DF,6.0,50,21,5162.98
409,Deveron Fonville,CUW,DF,6.0,167,95,17909.15
410,Hamdy Fathy,EGY,MF,5.99,150,53,13382.36
411,James Rodriguez,COL,MF,5.99,139,23,13892.45
412,Sadio Mane,SEN,FW,5.98,226,101,20960.36
413,Maxi Araujo,URU,MF,5.98,189,81,17323.04
414,Frantzdy Pierrot,HAI,FW,5.98,210,61,17982.57
415,Mikel Oyarzabal,ESP,FW,5.98,167,60,14747.99
416,Steven Moreira,CPV,DF,5.98,189,65,20437.13
417,Jack Hendry,SCO,DF,5.98,349,123,30532.32
418,Jiovany Ramos,PAN,DF,5.98,205,63,18498.83
419,Pedro Neto,POR,FW,5.97,139,74,12703.83
420,Lenny Joseph,HAI,FW,5.97,120,60,12922.53
421,Kim Minjae,KOR,DF,5.97,264,91,26815.14
422,Antonio Nusa,NOR,FW,5.96,186,78,15210.38
423,Montassar Talbi,TUN,DF,5.96,175,55,19928.19
424,Eldor Shomurodov,UZB,FW,5.96,187,92,19777.65
425,Sherel Floranus,CUW,DF,5.96,217,79,19879.73
426,Finn Surman,NZL,DF,5.95,192,63,20409.99
427,Aymen Hussein,IRQ,FW,5.95,126,54,12557.87
428,Brahim Diaz,MAR,FW,5.95,268,98,22981.78
429,Mousa Altamari,JOR,FW,5.95,182,91,17849.26
430,Junior Alonso,PAR,DF,5.94,244,78,21057.03
431,Andres Andrade,PAN,DF,5.94,214,76,20262.76
432,Kenan Yildiz,TUR,FW,5.93,142,42,15842.48
433,David Alaba,AUT,DF,5.93,134,38,13402.21
434,Nuno Da Costa,CPV,MF,5.93,73,29,7349.55
435,Darwin Nunez,URU,FW,5.92,66,35,7830.16
436,Krepin Diatta,SEN,DF,5.92,227,79,20742.73
437,Andy Robertson,SCO,DF,5.92,246,107,25387.97
438,Arthur Masuaku,COD,DF,5.92,183,61,15386.88
439,John Yeboah,ECU,FW,5.91,190,83,15551.24
440,Gabriel Magalhaes,BRA,DF,5.91,306,74,30399.51
441,Yasser Ibrahim,EGY,DF,5.91,208,83,20067.54
442,Junya Ito,JPN,MF,5.91,119,60,13050.74
443,Sidny Lopes Cabral,CPV,DF,5.91,158,70,18145.49
444,Louicius Deedson,HAI,FW,5.91,145,67,13276.69
445,Reece James,ENG,DF,5.9,187,79,20103.63
446,Ghislain Konan,CIV,DF,5.9,220,84,20346.57
447,Marcel Sabitzer,AUT,MF,5.9,256,120,20737.34
448,Johan Mojica,COL,DF,5.9,219,88,20341.86
449,William Saliba,FRA,DF,5.9,166,67,19791.22
450,Mohamed Kanno,KSA,MF,5.9,172,40,15167.05
451,Ime Okon,RSA,DF,5.89,354,145,29696.08
452,Ricardo Rodriguez,SUI,DF,5.89,296,115,28963.8
453,Leandro Bacuna,CUW,MF,5.88,207,58,19630.26
454,Diney Borges,CPV,DF,5.88,169,54,20128.54
455,Mohamed Hany,EGY,DF,5.88,201,83,19956.31
456,Cesar Blackman,PAN,DF,5.87,180,64,18333.59
457,Gervane Kastaneer,CUW,FW,5.87,23,14,2499.44
458,Hannes Delcroix,HAI,DF,5.87,298,89,30006.24
459,Homam Ahmed,QAT,DF,5.86,157,57,13626.23
460,Robin Hranac,CZE,DF,5.86,311,94,29418.45
461,Vinicius Junior,BRA,FW,5.86,319,164,28654.58
462,Cody Gakpo,NED,FW,5.85,189,84,17769.82
463,Ferran Torres,ESP,FW,5.84,128,60,13519.5
464,Antoine Semenyo,GHA,MF,5.84,146,75,20378.86
465,Cecilio Waterman,PAN,FW,5.84,82,34,8772.9
466,Saud Abdulhamid,KSA,DF,5.84,207,101,19437.3
467,Rodrigo De Paul,ARG,MF,5.83,168,84,18389.32
468,Jan Paul Van Hecke,NED,DF,5.83,158,48,19372.96
469,Ruben Vargas,SUI,FW,5.83,202,97,18827.98
470,Gideon Mensah,GHA,DF,5.82,190,78,20336.83
471,Cyle Larin,CAN,FW,5.82,180,85,17521.39
472,Mohamed Amine Ben Hmida,TUN,DF,5.82,121,50,14732.42
473,Khuliso Mudau,RSA,DF,5.81,300,137,29331.19
474,Richie Laryea,CAN,DF,5.81,281,125,28231.58
475,Luis Diaz,COL,FW,5.81,164,85,19252.89
476,Cameron Burgess,AUS,DF,5.8,147,33,15035.64
477,Hassan Altambakti,KSA,DF,5.8,220,58,19861.98
478,Nathan Ngoy,BEL,DF,5.8,165,55,16948.34
479,Steve Kapuadi,COD,DF,5.79,211,60,19496.83
480,Sebastian Caceres,URU,DF,5.79,184,64,20131.38
481,Firas Chaouat,TUN,FW,5.79,58,22,4528.11
482,Ezri Konsa,ENG,DF,5.79,199,56,19706.76
483,Wilfried Singo,CIV,DF,5.77,173,65,18230.23
484,Jerome Opoku,GHA,DF,5.76,149,49,20121.78
485,Danilo,BRA,DF,5.76,290,122,25029.18
486,Juergen Locadia,CUW,FW,5.76,151,62,15043.0
487,Harry Souttar,AUS,DF,5.75,174,40,19701.17
488,Nico Elvedi,SUI,DF,5.75,313,95,29132.06
489,Jhon Arias,COL,MF,5.75,161,57,17177.84
490,Nicolas Otamendi,ARG,DF,5.74,54,14,5388.02
491,Folarin Balogun,USA,FW,5.73,159,88,17052.29
492,Ali Lajami,KSA,DF,5.73,89,33,9708.86
493,Micky Van De Ven,NED,DF,5.73,174,66,19063.96
494,Idrissa Gana Gueye,SEN,MF,5.73,226,68,18917.59
495,Abdulla Abdullaev,UZB,DF,5.73,191,57,19761.96
496,Erling Haaland,NOR,FW,5.73,160,81,19816.22
497,Noni Madueke,ENG,FW,5.72,191,65,15858.35
498,Abdallah Nasib,JOR,DF,5.72,184,62,17801.18
499,Ibrahim Mbaye,SEN,FW,5.71,82,34,6619.14
500,Federico Vinas,URU,FW,5.7,157,81,16328.25
501,Omar Marmoush,EGY,FW,5.69,158,79,16945.04
502,Lee Kangin,KOR,MF,5.68,264,69,28433.53
503,Marquinhos,BRA,DF,5.68,259,66,29206.4
504,Victor Lindelof,SWE,DF,5.67,165,51,18984.39
505,Aissa Mandi,ALG,DF,5.67,170,47,19187.51
506,Derek Cornelius,CAN,DF,5.65,247,74,23652.92
507,Donyell Malen,NED,FW,5.65,108,52,11391.83
508,Isak Hien,SWE,DF,5.64,139,55,18873.27
509,Ricardo Ade,HAI,DF,5.64,310,95,28826.94
510,Michael Boxall,NZL,DF,5.63,162,63,19295.86
511,Issa Laye,QAT,DF,5.61,338,88,29038.33
512,Manuel Akanji,SUI,DF,5.61,315,86,28456.3
513,Findlay Curtis,SCO,FW,5.61,35,16,2919.32
514,Yan Diomande,CIV,FW,5.6,189,99,18098.22
515,Abdulelah Alamri,KSA,DF,5.6,143,43,15413.85
516,Akam Hashim,IRQ,DF,5.6,183,52,18499.57
517,Emmanuel Agbadou,CIV,DF,5.59,172,50,19282.66
518,Yazan Alarab,JOR,DF,5.58,181,49,19439.33
519,Gustavo Gomez,PAR,DF,5.56,145,55,19682.44
520,Rustam Ashurmatov,UZB,DF,5.55,186,51,16938.35
521,Pico Lopes,CPV,DF,5.55,161,38,18984.27
522,Ayoube Amaimouni,MAR,FW,5.55,73,35,4598.41
523,Moussa Niakhate,SEN,DF,5.54,177,55,19414.69
524,Kylian Mbappe,FRA,FW,5.54,153,80,18365.17
525,Nestory Irankunda,AUS,FW,5.51,97,44,10881.83
526,Shoja Khalilzadeh,IRN,DF,5.5,172,49,18742.76
527,Enner Valencia,ECU,FW,5.5,125,59,16510.98
528,Federico Valverde,URU,MF,5.49,151,62,19122.81
529,Noussair Mazraoui,MAR,DF,5.48,173,68,19022.87
530,Breel Embolo,SUI,FW,5.48,253,133,25778.46
531,Omar Alderete,PAR,DF,5.46,142,54,19367.67
532,Mohamed Abdelmoneim,EGY,DF,5.46,11,4,363.82
533,Alexander Isak,SWE,FW,5.44,177,81,17602.88
534,Luis Suarez,COL,FW,5.44,114,57,13297.18
535,Axel Tuanzebe,COD,DF,5.43,132,57,18286.89
536,Davinson Sanchez,COL,DF,5.43,175,60,18729.19
537,Cesar Montes,MEX,DF,5.42,153,46,17789.03
538,Marko Arnautovic,AUT,FW,5.4,89,28,7871.06
539,Sherzod Esanov,UZB,MF,5.39,15,6,657.16
540,Ramy Bensebaini,ALG,DF,5.39,157,60,18229.88
541,Chancel Mbemba,COD,DF,5.36,174,66,18051.48
542,Nuno Mendes,POR,DF,5.31,160,73,15875.92
543,Mbekezeli Mbokazi,RSA,DF,5.31,256,102,26785.22
544,Kalidou Koulibaly,SEN,DF,5.31,167,44,16073.86
545,Kevin Danso,AUT,DF,5.3,136,45,12924.59
546,Tim Ream,USA,DF,5.3,205,50,18447.47
547,Themba Zwane,RSA,MF,5.29,35,10,2021.04
548,Abdukodir Khusanov,UZB,DF,5.28,145,65,18218.2
549,Willian Pacho,ECU,DF,5.25,146,62,17728.63
550,Virgil Van Dijk,NED,DF,5.23,140,53,17399.08
551,Alvaro Fidalgo,MEX,MF,5.22,189,71,11902.43
552,Kim Jingyu,KOR,MF,5.21,99,26,7803.84
553,Akram Afif,QAT,FW,5.2,194,104,23536.07
554,Armando Obispo,CUW,DF,5.19,119,36,17327.78
555,Lisandro Martinez,ARG,DF,5.17,124,33,17637.11
556,Pedro Miguel,QAT,DF,5.13,229,76,26501.54
557,Relebohile Mofokeng,RSA,FW,5.07,246,66,17259.28
558,Cristian Romero,ARG,DF,5.02,74,18,12434.22
559,Danilo Santos,BRA,MF,5.01,74,20,4437.0
560,Chemsdine Talbi,MAR,MF,5.01,88,36,5664.55
561,Cristiano Ronaldo,POR,FW,4.99,122,69,16795.61
562,Cedric Itten,SUI,FW,4.95,36,18,2679.18
563,Fabian Rieder,SUI,MF,4.93,208,67,13158.98
564,Boualem Khoukhi,QAT,DF,4.92,226,62,25410.03
565,Romelu Lukaku,BEL,FW,4.91,63,21,8699.1
566,Jhon Lucumi,COL,DF,4.9,129,41,16910.5
567,Anthony Ralston,SCO,DF,4.9,35,13,2807.5
568,Lyndon Dykes,SCO,FW,4.83,78,34,5899.41
569,Djibril Sow,SUI,MF,4.79,204,73,12440.73
570,Obed Vargas,MEX,MF,4.78,130,29,7109.15
571,Luis Romo,MEX,MF,4.78,253,74,16854.92
572,Hassan Alhaydos,QAT,FW,4.75,147,43,8290.41
573,Ermin Mahmic,BIH,MF,4.74,69,28,4817.78
574,Lionel Messi,ARG,FW,4.72,135,60,14713.2
575,Park Jinseob,KOR,DF,4.68,64,13,4973.55
576,Eom Jisung,KOR,MF,4.64,72,36,6234.99
578,Lee Jaesung,KOR,MF,4.63,205,85,14542.7
579,Yusuf Abdurisag,QAT,FW,4.62,176,66,12292.36
580,Jorge Sanchez,MEX,DF,4.6,291,118,23049.68
581,Ayyoub Bouaddi,MAR,MF,4.6,290,78,23614.48
582,Erik Lira,MEX,MF,4.6,243,62,20745.42
583,Karim Boudiaf,QAT,MF,4.59,205,30,13129.49
584,Lawrence Shankland,SCO,FW,4.59,258,70,21051.5
585,Tomas Chory,CZE,FW,4.49,55,28,4558.03
586,Dzenis Burnic,BIH,MF,4.46,37,11,3073.49
587,Liam Millar,CAN,MF,4.44,137,60,11438.85
588,Lee Taeseok,KOR,DF,4.44,151,68,13302.6
589,Santiago Gimenez,MEX,FW,4.43,83,22,5429.09
590,Mohammad Abuzraiq,JOR,FW,4.43,13,9,945.76
591,Brian Gutierrez,MEX,MF,4.39,221,75,15793.88
592,Dominique Simon,HAI,MF,4.37,150,36,7878.3
593,Luca Jaquez,SUI,DF,4.35,96,39,9611.83
594,Nathan Saliba,CAN,MF,4.34,247,80,15874.56
595,Jaroslav Zeleny,CZE,DF,4.33,162,69,15481.55
596,Raphinha,BRA,FW,4.33,189,108,15809.52
597,Ahmed Alaaeldin,QAT,FW,4.31,70,30,6052.91
598,Gabriel Martinelli,BRA,FW,4.3,77,29,6778.79
599,Haji Wright,USA,FW,4.28,6,3,352.99
600,Karim Hafez,EGY,DF,4.27,13,7,1022.35
601,Silvan Widmer,SUI,DF,4.26,166,57,12039.73
602,Kieran Tierney,SCO,DF,4.26,119,65,12307.0
603,Thapelo Maseko,RSA,FW,4.26,205,102,17732.79
604,Ibrahim Adel,EGY,FW,4.25,18,8,1006.49
605,Lukas Cerv,CZE,MF,4.24,204,53,18226.25
606,Cho Guesung,KOR,FW,4.22,37,22,4408.36
607,Jovo Lukic,BIH,FW,4.22,100,42,8269.19
608,Rayan,BRA,FW,4.21,176,76,15617.35
609,Gilberto Mora,MEX,MF,4.2,166,54,11604.39
610,Sultan Albrake,QAT,DF,4.19,215,70,17683.33
611,Ismael Kone,CAN,MF,4.19,198,44,16975.03
612,Marcus Thuram,FRA,FW,4.14,5,2,295.8
613,Maghnes Akliouche,FRA,MF,4.14,24,5,1369.75
614,Johan Vasquez,MEX,DF,4.13,235,64,20791.75
615,Fabinho,BRA,MF,4.13,101,30,8956.55
616,Jean Kevin Duverne,HAI,DF,4.12,209,82,19174.4
617,Endrick,BRA,FW,4.11,37,25,4806.11
618,Tomas Holes,CZE,DF,4.11,203,58,17483.14
619,Edin Dzeko,BIH,FW,4.09,135,42,13811.96
620,Kento Shiogai,JPN,FW,4.07,20,11,1755.39
621,Daniel Svensson,SWE,DF,4.05,15,6,885.75
622,Jose Canale,PAR,DF,4.05,16,4,967.24
623,Goncalo Ramos,POR,FW,3.99,27,14,1627.41
624,Nikola Vlasic,CRO,MF,3.96,26,15,2404.54
625,Amar Dedic,BIH,DF,3.95,230,88,19804.21
626,Anass Salah Eddine,MAR,DF,3.94,106,40,10559.63
627,Andres Gomez,COL,FW,3.9,16,6,1042.07
628,Grant Hanley,SCO,DF,3.88,173,45,19774.95
629,Iliman Ndiaye,SEN,FW,3.88,31,11,2202.72
630,David Raum,GER,DF,3.86,45,27,2917.86
631,Aimar Sher,IRQ,MF,3.84,41,6,3139.09
632,Francis De Vries,NZL,DF,3.83,32,14,1935.77
633,Dailon Livramento,CPV,FW,3.83,83,34,8264.89
634,Raul Jimenez,MEX,FW,3.82,145,68,15630.56
635,Issa Diop,MAR,DF,3.81,187,41,19585.03
636,Kristian Thorstvedt,NOR,MF,3.81,45,15,3184.66
637,Francisco Trincao,POR,FW,3.81,56,32,4066.95
638,Salih Ozcan,TUR,MF,3.76,26,12,1979.92
639,Jaouen Hadjam,ALG,DF,3.76,20,13,1599.55
640,Ayoub Aloui,QAT,DF,3.76,170,55,15912.29
641,Leandro Paredes,ARG,MF,3.75,35,9,2049.79
642,Mohammad Abuhasheesh,JOR,DF,3.75,25,12,1660.43
643,Alexandro Maidana,PAR,DF,3.73,30,13,2279.23
644,Nathanael Mbuku,COD,MF,3.72,22,8,1843.52
645,Yuito Suzuki,JPN,MF,3.72,32,14,2226.64
646,Nico Paz,ARG,FW,3.71,29,5,2114.0
647,Promise David,CAN,FW,3.71,47,19,5292.24
648,Gavi,ESP,MF,3.7,105,35,9228.85
649,Besfort Zeneli,SWE,MF,3.68,83,32,4951.98
650,Timothy Weah,USA,FW,3.68,51,25,3275.11
651,Jeremy Antonisse,CUW,FW,3.67,89,30,6143.88
652,Baba Rahman,GHA,DF,3.67,2,1,168.97
653,Kevin Castano,COL,MF,3.65,17,6,974.56
654,Simon Adingra,CIV,FW,3.64,35,14,2769.08
655,Phillip Mwene,AUT,DF,3.62,96,41,7498.36
656,Noa Lang,NED,FW,3.61,10,7,675.03
657,Youssef Amyn,IRQ,MF,3.61,52,18,3954.85
658,Orjan Nyland,NOR,GK,3.61,27,1,12478.68
659,Daizen Maeda,JPN,MF,3.6,132,66,8252.4
660,Willy Semedo,CPV,MF,3.58,39,18,4115.54
661,Trezeguet,EGY,FW,3.57,42,21,2941.36
662,Aziz Behich,AUS,DF,3.57,11,4,1528.82
663,Adil Boulbina,ALG,FW,3.56,29,9,1738.5
664,Matias Galarza,PAR,MF,3.56,140,64,12061.55
665,Alex Arce,PAR,FW,3.55,67,27,4355.14
666,Zineddine Belaid,ALG,DF,3.55,18,8,1471.61
667,Godfried Roemeratoe,CUW,MF,3.55,19,6,1454.14
668,Quinten Timber,NED,MF,3.54,53,14,3073.55
669,Mohanad Ali,IRQ,FW,3.54,36,16,2367.96
670,Gabriel Avalos,PAR,FW,3.54,13,4,900.26
671,Alejandro Romero Gamarra,PAR,FW,3.54,35,11,2181.02
672,Nawaf Bu Washl,KSA,DF,3.53,23,17,2030.34
673,Christian Pulisic,USA,FW,3.53,73,28,5906.86
674,Luka Sucic,CRO,MF,3.53,31,17,2774.75
675,Yannick Semedo,CPV,MF,3.52,36,14,2227.59
676,Mattias Svanberg,SWE,MF,3.52,25,9,1553.49
677,Jordan Pickford,ENG,GK,3.52,47,12,11980.85
678,Ramon Sosa,PAR,MF,3.52,36,16,2289.64
679,Tete Yengi,AUS,FW,3.51,32,15,2651.09
680,Mehdi Torabi,IRN,MF,3.51,65,18,3461.66
681,Guus Til,NED,MF,3.51,56,28,4267.29
682,Eren Elmali,TUR,DF,3.5,35,13,3409.65
683,Alexander Schlager,AUT,GK,3.5,42,11,12282.87
684,Alex Baena,ESP,MF,3.5,99,42,7700.22
685,Houssem Aouar,ALG,MF,3.49,50,16,3820.9
686,Keisuke Goto,JPN,FW,3.49,15,10,1396.31
687,Mohamed Amoura,ALG,FW,3.49,57,24,3799.52
688,Igor Matanovic,CRO,FW,3.47,45,20,3527.88
689,Orlando Gill,PAR,GK,3.47,19,3,12299.87
690,Waldemar Anton,GER,DF,3.46,19,8,1459.24
691,Manuel Neuer,GER,GK,3.46,35,8,11798.01
692,Matt Freese,USA,GK,3.45,12,4,12020.45
693,Aurelien Tchouameni,FRA,MF,3.44,197,41,12156.82
694,Bazoumana Toure,CIV,FW,3.44,84,32,6867.81
695,Edouard Mendy,SEN,GK,3.43,18,2,9883.83
696,Nadiem Amiri,GER,MF,3.43,65,22,4280.36
697,Habib Diarra,SEN,MF,3.43,32,15,2798.76
698,Angus Gunn,SCO,GK,3.43,29,6,17506.02
699,Jamie Leweling,GER,MF,3.41,55,20,4276.01
700,Azizbek Amonov,UZB,FW,3.41,36,16,2708.07
701,Arya Yousefi,IRN,DF,3.41,84,31,5813.32
702,Zeki Celik,TUR,DF,3.4,118,47,9541.46
703,Gedeon Kalulu,COD,DF,3.39,20,6,1186.84
704,Arthur Theate,BEL,DF,3.39,22,9,2586.89
705,Koki Ogawa,JPN,FW,3.39,28,15,2437.37
706,Sasa Kalajdzic,AUT,FW,3.39,76,30,5537.86
707,Manu Kone,FRA,MF,3.39,151,30,10754.57
708,Alireza Jahanbakhsh,IRN,MF,3.38,72,25,5639.8
709,Azizjon Ganiev,UZB,MF,3.38,159,72,11415.12
710,Pape Matar Sarr,SEN,MF,3.38,43,14,3215.33
711,Ernest Nuamah,GHA,FW,3.37,81,32,7062.49
712,Can Uzun,TUR,FW,3.36,59,19,4445.52
713,Ali Jasim,IRQ,FW,3.36,140,52,8363.31
714,Elisha Owusu,GHA,MF,3.36,130,32,9275.57
715,Saed Alrosan,JOR,DF,3.36,36,12,2425.08
716,Odiljon Xamrobekov,UZB,MF,3.36,95,22,5726.44
717,Bamba Dieng,SEN,FW,3.36,28,15,1882.12
718,Mohammad Abualnadi,JOR,DF,3.36,115,31,8415.95
719,Ao Tanaka,JPN,MF,3.35,143,28,11176.98
720,Cucho Hernandez,COL,FW,3.35,28,7,2325.55
721,Kamaldeen Sulemana,GHA,FW,3.34,87,31,6979.74
722,Lucas Digne,FRA,DF,3.34,119,43,10606.43
723,Nikola Vasilj,BIH,GK,3.33,25,4,16743.57
724,Dodi Lukebakio,BEL,FW,3.33,50,27,4193.43
725,Cristian Volpato,AUS,FW,3.32,60,24,4151.0
726,Mauricio,PAR,MF,3.32,95,32,5908.66
727,Malo Gusto,FRA,DF,3.32,7,3,1092.42
728,Gregor Kobel,SUI,GK,3.31,28,3,16799.27
729,Kenji Gorre,CUW,FW,3.31,32,8,2257.01
730,Joao Paulo,CPV,MF,3.31,18,10,2192.21
731,Nicolas Tagliafico,ARG,DF,3.3,22,7,1791.15
732,Unai Simon,ESP,GK,3.3,39,19,11139.34
733,Marcus Holmgren Pedersen,NOR,DF,3.3,115,50,10137.15
734,Ali Alipour,IRN,FW,3.3,51,27,4655.69
735,Joao Felix,POR,FW,3.29,86,34,7575.4
736,Jakhongir Urozov,UZB,DF,3.28,39,8,2631.36
737,Isidro Pitta,PAR,FW,3.28,77,23,6037.06
738,Pervis Estupinan,ECU,DF,3.28,97,56,8104.56
739,Ante Budimir,CRO,FW,3.28,55,33,5475.04
740,Mathew Leckie,AUS,FW,3.28,100,31,7358.47
741,Jaminton Campaz,COL,FW,3.27,39,17,3152.99
742,Brandon Thomas Asante,GHA,FW,3.27,66,31,4788.21
743,Ismail Jakobs,SEN,DF,3.27,67,28,5042.07
744,Elye Wahi,CIV,FW,3.26,80,30,6519.41
745,Maxime Crepeau,CAN,GK,3.25,51,10,16592.91
746,Ismael Diaz,PAN,MF,3.25,35,19,2983.28
747,Nathan Ake,NED,DF,3.25,10,5,1661.95
748,Oston Urunov,UZB,MF,3.25,59,19,5419.7
749,Rodrigo Aguirre,URU,FW,3.23,12,4,898.68
750,Charles De Ketelaere,BEL,FW,3.22,78,34,7497.83
751,Mostafa Shoubir,EGY,GK,3.22,26,4,10933.4
752,Mohammad Aldaoud,JOR,MF,3.22,28,7,1620.24
753,Amadou Onana,BEL,MF,3.22,69,20,6466.48
754,Garry Rodrigues,CPV,MF,3.21,74,30,7058.43
755,Ruben Dias,POR,DF,3.21,109,28,10824.08
756,Yeremy Pino,ESP,FW,3.21,80,31,5673.77
757,Alexander Prass,AUT,MF,3.2,37,15,3242.95
758,Alexis Saelemaekers,BEL,MF,3.2,70,32,6960.28
759,Nadhir Benbouali,ALG,FW,3.19,66,35,5586.09
760,Junnosuke Suzuki,JPN,DF,3.19,29,18,2449.59
761,Raul Rangel,MEX,GK,3.19,45,4,15056.45
762,Husam Abudahab,JOR,DF,3.19,106,33,10189.15
763,Matias Vina,URU,DF,3.19,71,30,5227.49
764,Antonio Sanabria,PAR,FW,3.18,84,33,7093.2
765,Gilson Benchimol,CPV,FW,3.17,77,27,6979.85
766,Khojiakbar Alijonov,UZB,DF,3.17,77,29,5294.56
767,Yahia Fofana,CIV,GK,3.17,10,2,10920.88
768,Anibal Godoy,PAN,MF,3.15,18,4,1239.04
769,Marcos Llorente,ESP,DF,3.14,95,41,10396.29
770,Takefusa Kubo,JPN,MF,3.14,85,32,7808.85
771,Ayumu Seko,JPN,DF,3.14,16,4,1869.7
772,Kim Seunggyu,KOR,GK,3.14,37,14,15687.05
773,Alisson,BRA,GK,3.13,5,0,16101.9
774,Taha Ali,SWE,FW,3.12,26,11,1803.91
775,Farrukh Sayfiev,UZB,DF,3.11,71,31,5770.14
776,Eloy Room,CUW,GK,3.11,10,1,10380.26
777,Mohamed Hadj Mahmoud,TUN,MF,3.11,30,18,2556.55
778,Joe Scally,USA,DF,3.11,27,7,1887.6
779,Alan Minda,ECU,MF,3.1,80,31,6170.77
780,Rebin Sulaka,IRQ,DF,3.1,29,13,3415.57
781,Dostonbek Khamdamov,UZB,MF,3.1,75,25,5750.22
782,Callan Elliot,NZL,DF,3.1,19,8,1875.73
783,Mahmoud Abunada,QAT,GK,3.1,20,2,16005.91
784,Ross Stewart,SCO,FW,3.1,22,7,1157.14
785,Zion Suzuki,JPN,GK,3.09,20,2,10251.55
786,Mike Maignan,FRA,GK,3.08,21,2,10374.42
787,Eric Davis,PAN,DF,3.08,12,4,604.68
788,Jordy Alcivar,ECU,MF,3.07,63,23,5065.44
789,Ronwen Williams,RSA,GK,3.07,24,5,15500.45
790,John Stones,ENG,DF,3.07,121,35,9455.59
791,Dylan Bronn,TUN,DF,3.07,38,13,5012.71
792,Theo Hernandez,FRA,DF,3.06,101,49,10782.47
793,Joshua Brenet,CUW,DF,3.05,99,54,10165.05
794,Juan Quintero,COL,MF,3.05,45,13,3929.92
795,Jovane Cabral,CPV,MF,3.05,95,31,6563.23
796,Tomas Araujo,POR,DF,3.04,113,39,10213.3
797,Gonzalo Montiel,ARG,DF,3.03,54,14,4982.35
798,Pedro Porro,ESP,DF,3.03,95,53,10405.5
799,Ugurcan Cakir,TUR,GK,3.02,44,9,10556.01
800,Mustafa Saadoon,IRQ,DF,3.01,26,15,2482.84
801,Philipp Lienhart,AUT,DF,3.01,125,33,10672.5
802,Helio Varela,CPV,MF,3.01,50,21,4053.74
803,Evann Guessand,CIV,FW,3.01,26,13,2292.84
804,Bart Verbruggen,NED,GK,2.98,14,3,9898.41
805,Kou Itakura,JPN,DF,2.96,87,27,9861.42
806,Eberechi Eze,ENG,MF,2.95,19,9,2270.18
807,Thomas Partey,GHA,MF,2.95,123,26,10073.13
808,Kristoffer Nordfeldt,SWE,GK,2.94,8,1,9861.15
809,Luka Vuskovic,CRO,DF,2.94,81,21,7008.12
810,Sontje Hansen,CUW,FW,2.93,59,26,4910.75
811,Orlando Mosquera,PAN,GK,2.93,21,6,10029.15
812,Vozinha,CPV,GK,2.93,26,3,10060.82
813,Kojo Peprah Oppong,GHA,DF,2.92,7,3,899.65
814,Inaki Williams,GHA,FW,2.92,63,33,6985.3
815,Auston Trusty,USA,DF,2.9,23,7,1756.52
816,Tsuyoshi Watanabe,JPN,DF,2.89,77,22,7454.23
817,Saleh Hardani,IRN,DF,2.87,50,17,5086.11
818,Jeremy Doku,BEL,FW,2.87,96,33,8565.2
819,Matej Kovar,CZE,GK,2.86,19,2,14358.61
820,Jordy Caicedo,ECU,FW,2.85,7,4,659.8
821,Jurien Gaari,CUW,DF,2.84,85,36,9469.51
822,Christian Fassnacht,SUI,FW,2.83,31,14,1743.81
823,Ederson Silva,BRA,MF,2.81,34,17,2090.32
824,Shogo Taniguchi,JPN,DF,2.8,66,19,9237.88
825,Mehdi Ghayedi,IRN,FW,2.8,50,24,4683.23
826,Marin Pongracic,CRO,DF,2.79,94,41,9123.69
827,Khalid Alghannam,KSA,FW,2.78,10,4,790.29
828,Lionel Mpasi,COD,GK,2.74,21,2,9238.23
829,Joel Ordonez,ECU,DF,2.73,86,31,9330.08
830,Roshon Van Eijma,CUW,DF,2.73,18,5,1852.02
831,Hossein Kanani,IRN,DF,2.73,70,14,9376.53
832,Marco Friedl,AUT,DF,2.72,30,12,2757.1
833,Emiliano Martinez,ARG,GK,2.72,15,2,9272.47
834,Diogo Costa,POR,GK,2.7,11,3,9106.29
835,Yazeed Abulaila,JOR,GK,2.69,7,1,9365.56
836,Tomas Rodriguez,PAN,FW,2.68,9,3,509.3
837,Michael Gregoritsch,AUT,FW,2.68,85,33,8185.94
838,Niko Sigur,CAN,DF,2.67,32,11,2251.8
839,Jackson Porozo,ECU,DF,2.66,28,13,3226.38
840,Dominik Livakovic,CRO,GK,2.65,24,4,8834.5
841,Yassine Bounou,MAR,GK,2.65,12,1,13609.73
842,Jhon Cordoba,COL,FW,2.63,42,10,3413.15
843,Thibaut Courtois,BEL,GK,2.62,19,5,8858.16
844,Mojmir Chytil,CZE,FW,2.6,17,8,1627.26
845,Fernando Muslera,URU,GK,2.59,20,7,9030.68
846,Kamogelo Sebelebele,RSA,FW,2.59,27,11,1742.93
847,Camilo Vargas,COL,GK,2.58,19,6,8897.3
848,Vladimir Darida,CZE,MF,2.57,135,49,7507.52
849,Luca Zidane,ALG,GK,2.56,26,10,8683.83
850,Patrick Beach,AUS,GK,2.56,9,4,8763.72
851,Derrick Etienne,HAI,FW,2.56,26,8,1841.93
852,Hossam Abdelmaguid,EGY,DF,2.56,9,8,1047.86
853,Orbelin Pineda,MEX,MF,2.54,55,14,3297.15
854,Riechedly Bazoer,CUW,DF,2.54,60,15,8506.82
855,Max Crocombe,NZL,GK,2.54,14,2,8710.28
856,Hernan Galindez,ECU,GK,2.54,13,2,8563.11
857,Johny Placide,HAI,GK,2.51,16,4,12868.53
858,Alireza Beiranvand,IRN,GK,2.51,13,0,8566.52
859,Jonathan Osorio,CAN,MF,2.5,10,4,644.03
860,Cesar Huerta,MEX,FW,2.49,21,7,1580.4
861,Tshepang Moremi,RSA,FW,2.48,51,30,4272.24
862,Mohammed Alowais,KSA,GK,2.48,11,1,8483.62
863,Mathieu Choiniere,CAN,MF,2.46,132,43,7597.41
864,Alex Sandro,BRA,DF,2.41,31,8,1822.47
865,Benjamin Asare,GHA,GK,2.38,4,2,6402.05
866,David Zima,CZE,DF,2.36,23,9,2311.48
867,Neymar Jr,BRA,FW,2.36,33,8,2431.01
868,Lucas Mendes,QAT,DF,2.35,17,9,1535.0
869,Denis Visinsky,CZE,FW,2.33,92,46,6956.61
870,Ayoub El Kaabi,MAR,FW,2.33,108,59,8709.76
871,Yang Hyunjun,KOR,MF,2.31,37,21,2936.45
872,Miro Muheim,SUI,DF,2.31,18,7,1040.17
873,Almoez Ali,QAT,FW,2.3,38,11,2859.04
874,Igor Thiago,BRA,FW,2.3,95,43,7498.81
875,Kim Moonhwan,KOR,DF,2.29,109,52,8571.36
876,Armin Gigovic,BIH,MF,2.29,45,22,3998.32
877,Abdulaziz Hatem,QAT,MF,2.28,86,28,5826.99
878,Yassin Fortune,HAI,FW,2.25,24,5,1501.22
879,Ardon Jashari,SUI,MF,2.19,19,3,1008.65
880,Zeki Amdouni,SUI,FW,2.18,26,8,2065.85
881,Stepan Chaloupek,CZE,DF,2.18,141,46,10873.66
883,Castrop Jens,KOR,DF,2.16,40,32,5519.79
884,Guillermo Martinez,MEX,FW,2.15,76,37,7134.93
885,Amir Hadziahmetovic,BIH,MF,2.15,21,5,1349.67
886,Sofyan Amrabat,MAR,MF,2.14,164,48,11049.0
887,Aaron Hickey,SCO,DF,2.11,103,30,8361.39
888,David Doudera,CZE,DF,2.09,114,34,10486.58
889,Samed Bazdar,BIH,FW,2.09,28,13,3649.89
890,Mateo Chavez,MEX,DF,2.07,96,41,8450.23
891,Roger Ibanez,BRA,DF,2.07,65,30,5075.62
892,Denis Zakaria,SUI,MF,2.07,113,48,10678.9
893,Ahmed Alganehi,QAT,MF,2.04,51,24,4200.63
894,Alexis Vega,MEX,FW,2.04,28,10,1915.42
895,Dennis Hadzikadunic,BIH,DF,2.02,32,11,3338.81
896,Luiz Henrique,BRA,FW,2.0,60,26,3896.86
897,Lyle Foster,RSA,FW,1.99,66,16,5968.5
898,Alhashmi Alhussein,QAT,DF,1.97,50,20,4072.3
899,Armando Gonzalez,MEX,FW,1.96,25,14,2086.01
900,Stjepan Radeljic,BIH,DF,1.95,107,27,9901.91
901,Redouane Halhal,MAR,DF,1.92,85,32,9908.08
902,Scott Mckenna,SCO,DF,1.87,63,17,9598.73
903,Nkosinathi Sibisi,RSA,DF,1.86,101,38,9387.59
904,Gessime Yassine,MAR,MF,1.84,23,15,2611.69
905,Luis Chavez,MEX,MF,1.82,42,16,2876.74
906,Moise Bombito,CAN,DF,1.8,45,12,4895.46
907,Duckens Nazon,HAI,FW,1.63,27,8,2597.09
908,Ahmed Basil,IRQ,GK,1.45,7,1,4611.44
909,Utkir Yusupov,UZB,GK,1.45,7,1,5094.43
910,Jalal Hassan,IRQ,GK,1.42,5,2,4901.15
911,Mory Diaw,SEN,GK,1.41,2,0,1778.02
912,Lawrence Ati Zigi,GHA,GK,1.36,1,1,2286.73
913,Abduvohid Nematov,UZB,GK,1.33,11,1,4482.47
914,Guillermo Ochoa,MEX,GK,1.23,5,0,1147.02
915,Aymen Dahmen,TUN,GK,1.19,2,0,3983.98
916,Mouhib Chamakh,TUN,GK,1.16,4,0,3891.4
917,Joel Waterman,CAN,DF,0.0,0,0,0.0
917,Oumar Diakite,CIV,FW,0.0,0,0,0.0
917,Mamadou Sarr,SEN,DF,0.0,0,0,0.0
917,Alexandre Pierre,HAI,GK,0.0,0,0,0.0
917,Alban Lafont,CIV,GK,0.0,0,0,0.0
917,Ousmane Diomande,CIV,DF,0.0,0,0,0.0
917,Mohamed Kone,CIV,GK,0.0,0,0,0.0
917,Moutaz Neffati,TUN,DF,0.0,0,0,0.0
917,Olwethu Makhanya,RSA,DF,0.0,0,0,0.0
917,Khulumani Ndamane,RSA,DF,0.0,0,0,0.0
917,Youssef Belammari,MAR,DF,0.0,0,0,0.0
917,Rayan Elloumi,TUN,FW,0.0,0,0,0.0
917,Dayne St Clair,CAN,GK,0.0,0,0,0.0
917,Raed Chikhaoui,TUN,DF,0.0,0,0,0.0
917,Mohamed Elshenawy,EGY,GK,0.0,0,0,0.0
917,Adam Arous,TUN,DF,0.0,0,0,0.0
917,Jean Michael Seri,CIV,MF,0.0,0,0,0.0
917,Owen Goodman,CAN,GK,0.0,0,0,0.0
917,Christopher Operi,CIV,DF,0.0,0,0,0.0
917,Abdoulaye Seck,SEN,DF,0.0,0,0,0.0
917,Wilguens Paugain,HAI,DF,0.0,0,0,0.0
917,Zakaria El Ouahdi,MAR,DF,0.0,0,0,0.0
917,Alphonso Davies,CAN,DF,0.0,0,0,0.0
917,Alidu Seidu,GHA,DF,0.0,0,0,0.0
917,Ricardo Goss,RSA,GK,0.0,0,0,0.0
917,Khalil Ayari,TUN,MF,0.0,0,0,0.0
917,Carl Sainte,HAI,MF,0.0,0,0,0.0
917,Thabang Matuludi,RSA,DF,0.0,0,0,0.0
917,Mohamed Alaa,EGY,GK,0.0,0,0,0.0
917,Bara Sapoko Ndiaye,SEN,MF,0.0,0,0,0.0
917,Garven Metusala,HAI,DF,0.0,0,0,0.0
917,Hazem Mastouri,TUN,FW,0.0,0,0,0.0
917,Derrick Luckassen,GHA,DF,0.0,0,0,0.0
917,Mortadha Ben Ouanes,TUN,DF,0.0,0,0,0.0
917,Augustine Boakye,GHA,MF,0.0,0,0,0.0
917,Markhus Lacroix,HAI,DF,0.0,0,0,0.0
917,Cherif Ndiaye,SEN,FW,0.0,0,0,0.0
917,Woodensky Pierre,HAI,MF,0.0,0,0,0.0
917,Bradley Cross,RSA,DF,0.0,0,0,0.0
917,Keeto Thermoncy,HAI,DF,0.0,0,0,0.0
917,Wagner Pina,CPV,DF,0.0,0,0,0.0
917,Samukele Kabini,RSA,DF,0.0,0,0,0.0
917,Yehvann Diouf,SEN,GK,0.0,0,0,0.0
917,Antoine Mendy,SEN,DF,0.0,0,0,0.0
917,Jayden Nelson,CAN,FW,0.0,0,0,0.0
917,Kelvin Pires,CPV,DF,0.0,0,0,0.0
917,Mahmoud Saber,EGY,MF,0.0,0,0,0.0
917,Sipho Chaine,RSA,GK,0.0,0,0,0.0
917,Evan Ndicka,CIV,DF,0.0,0,0,0.0
917,Parfait Guiagon,CIV,MF,0.0,0,0,0.0
917,Nabil Donga,EGY,MF,0.0,0,0,0.0
917,Alfie Jones,CAN,DF,0.0,0,0,0.0
917,Ahmed Reda Tagnaouti,MAR,GK,0.0,0,0,0.0
917,Sabri Ben Hessen,TUN,GK,0.0,0,0,0.0
917,Abdul Mumin,GHA,DF,0.0,0,0,0.0
917,Assane Diao,SEN,FW,0.0,0,0,0.0
917,Tarek Alaa,EGY,DF,0.0,0,0,0.0
917,Joseph Anang,GHA,GK,0.0,0,0,0.0
917,Munir El Kajoui,MAR,GK,0.0,0,0,0.0
917,Christopher Bonsu Baah,GHA,FW,0.0,0,0,0.0
917,Mahdy Soliman,EGY,GK,0.0,0,0,0.0
917,Haissem Hassan,EGY,FW,0.0,0,0,0.0
917,Josue Duverger,HAI,GK,0.0,0,0,0.0
917,Santiago Arias,COL,DF,0.0,0,0,0.0
917,Edgardo Farina,PAN,DF,0.0,0,0,0.0
917,Gatito Fernandez,PAR,GK,0.0,0,0,0.0
917,Cristian Roldan,USA,MF,0.0,0,0,0.0
917,Yaimar Medina,ECU,DF,0.0,0,0,0.0
917,Santiago Bueno,URU,DF,0.0,0,0,0.0
917,Brenden Aaronson,USA,FW,0.0,0,0,0.0
917,Rodrigo Zalazar,URU,MF,0.0,0,0,0.0
917,Cesar Samudio,PAN,GK,0.0,0,0,0.0
917,Kendry Paez,ECU,MF,0.0,0,0,0.0
917,Braian Ojeda,PAR,MF,0.0,0,0,0.0
917,Max Arfsten,USA,DF,0.0,0,0,0.0
917,David Ospina,COL,GK,0.0,0,0,0.0
917,Mark Mckenzie,USA,DF,0.0,0,0,0.0
917,Valentin Barco,ARG,MF,0.0,0,0,0.0
917,Alessandro Schoepf,AUT,MF,0.0,0,0,0.0
917,Sergio Rochet,URU,GK,0.0,0,0,0.0
917,Juan Portilla,COL,MF,0.0,0,0,0.0
917,Jose Maria Gimenez,URU,DF,0.0,0,0,0.0
917,Ederson,BRA,GK,0.0,0,0,0.0
917,Juan Musso,ARG,GK,0.0,0,0,0.0
917,Geronimo Rulli,ARG,GK,0.0,0,0,0.0
917,Facundo Pellistri,URU,FW,0.0,0,0,0.0
917,Exequiel Palacios,ARG,MF,0.0,0,0,0.0
917,Gaston Olveira,PAR,GK,0.0,0,0,0.0
917,Matt Turner,USA,GK,0.0,0,0,0.0
917,Denil Castillo,ECU,MF,0.0,0,0,0.0
917,Giorgian De Arrascaeta,URU,MF,0.0,0,0,0.0
917,Felix Torres,ECU,DF,0.0,0,0,0.0
917,Marcos Senesi,ARG,DF,0.0,0,0,0.0
917,Moises Ramirez,ECU,GK,0.0,0,0,0.0
917,Miles Robinson,USA,DF,0.0,0,0,0.0
917,Gonzalo Valle,ECU,GK,0.0,0,0,0.0
917,Jose Manuel Lopez,ARG,FW,0.0,0,0,0.0
917,Weverton,BRA,GK,0.0,0,0,0.0
917,Chris Brady,USA,GK,0.0,0,0,0.0
917,Santiago Mele,URU,GK,0.0,0,0,0.0
917,Bremer,BRA,DF,0.0,0,0,0.0
917,Adalberto Carrasquilla,PAN,MF,0.0,0,0,0.0
917,Ronald Araujo,URU,DF,0.0,0,0,0.0
917,Willer Ditta,COL,DF,0.0,0,0,0.0
917,Jorge Carrascal,COL,MF,0.0,0,0,0.0
917,Yerry Mina,COL,DF,0.0,0,0,0.0
917,Emiliano Martinez,URU,MF,0.0,0,0,0.0
917,Fidel Escobar,PAN,DF,0.0,0,0,0.0
917,Giovani Lo Celso,ARG,MF,0.0,0,0,0.0
917,Alberto Quintero,PAN,MF,0.0,0,0,0.0
917,Leo Pereira,BRA,DF,0.0,0,0,0.0
917,Gustavo Caballero,PAR,MF,0.0,0,0,0.0
917,Alvaro Montero,COL,GK,0.0,0,0,0.0
917,Deiver Machado,COL,DF,0.0,0,0,0.0
917,Jeremy Arevalo,ECU,FW,0.0,0,0,0.0
917,Cesar Yanis,PAN,MF,0.0,0,0,0.0
917,Fabian Balbuena,PAR,DF,0.0,0,0,0.0
917,Roderick Miller,PAN,DF,0.0,0,0,0.0
917,Jorge Gutierrez,PAN,DF,0.0,0,0,0.0
917,Joaquin Piquerez,URU,MF,0.0,0,0,0.0
917,Giuliano Simeone,ARG,FW,0.0,0,0,0.0
917,Carlos Acevedo,MEX,GK,0.0,0,0,0.0
917,Alex Zendejas,USA,FW,0.0,0,0,0.0
917,Anthony Valencia,ECU,MF,0.0,0,0,0.0
917,Luis Mejia,PAN,GK,0.0,0,0,0.0
917,Tyrick Bodak,CUW,GK,0.0,0,0,0.0
917,Mladen Jurkas,BIH,GK,0.0,0,0,0.0
917,Trevor Doornbusch,CUW,GK,0.0,0,0,0.0
917,Martin Zlomislic,BIH,GK,0.0,0,0,0.0
917,Kevin Felida,CUW,MF,0.0,0,0,0.0
917,Tyrese Noslin,CUW,FW,0.0,0,0,0.0
917,Brandley Kuwas,CUW,FW,0.0,0,0,0.0
917,Shurandy Sambo,CUW,DF,0.0,0,0,0.0
917,Arjany Martha,CUW,MF,0.0,0,0,0.0
917,Yvon Mvogo,SUI,GK,0.0,0,0,0.0
917,Altay Bayindir,TUR,GK,0.0,0,0,0.0
917,Aurele Amenda,SUI,DF,0.0,0,0,0.0
917,Herman Johansson,SWE,DF,0.0,0,0,0.0
917,Lucas Herrington,AUS,DF,0.0,0,0,0.0
917,Marc Pubill,ESP,DF,0.0,0,0,0.0
917,Caglar Soyuncu,TUR,DF,0.0,0,0,0.0
917,Tyler Fletcher,SCO,MF,0.0,0,0,0.0
917,Irfan Can Kahveci,TUR,FW,0.0,0,0,0.0
917,John Souttar,SCO,DF,0.0,0,0,0.0
917,Haris Tabakovic,BIH,FW,0.0,0,0,0.0
917,Eric Garcia,ESP,DF,0.0,0,0,0.0
917,Jan Kuchta,CZE,FW,0.0,0,0,0.0
917,Carl Starfelt,SWE,DF,0.0,0,0,0.0
917,Lachlan Bayliss,NZL,MF,0.0,0,0,0.0
917,Milos Degenek,AUS,DF,0.0,0,0,0.0
917,Nando Pijnaker,NZL,DF,0.0,0,0,0.0
917,Hugo Sochurek,CZE,MF,0.0,0,0,0.0
917,Awer Mabil,AUS,FW,0.0,0,0,0.0
917,Hjalmar Ekdal,SWE,DF,0.0,0,0,0.0
917,Paul Izzo,AUS,GK,0.0,0,0,0.0
917,Kai Trewin,AUS,DF,0.0,0,0,0.0
917,Mathew Ryan,AUS,GK,0.0,0,0,0.0
917,Cameron Devlin,AUS,MF,0.0,0,0,0.0
917,Gustaf Nilsson,SWE,FW,0.0,0,0,0.0
917,Liam Kelly,SCO,GK,0.0,0,0,0.0
917,Lukas Hornicek,CZE,GK,0.0,0,0,0.0
917,Umar Eshmurodov,UZB,DF,0.0,0,0,0.0
917,Victor Munoz,ESP,FW,0.0,0,0,0.0
917,Alex Paulsen,NZL,GK,0.0,0,0,0.0
917,Alex Grimaldo,ESP,DF,0.0,0,0,0.0
917,David Raya,ESP,GK,0.0,0,0,0.0
917,Michael Woud,NZL,GK,0.0,0,0,0.0
917,Joan Garcia,ESP,GK,0.0,0,0,0.0
917,Kosta Barbarouses,NZL,FW,0.0,0,0,0.0
917,Jacob Widell Zetterstrom,SWE,GK,0.0,0,0,0.0
917,David Jurasek,CZE,DF,0.0,0,0,0.0
917,Botirali Ergashev,UZB,GK,0.0,0,0,0.0
917,Jindrich Stanek,CZE,GK,0.0,0,0,0.0
917,Ajdin Hrustic,AUS,FW,0.0,0,0,0.0
917,Samet Akaydin,TUR,DF,0.0,0,0,0.0
917,George Hirst,SCO,FW,0.0,0,0,0.0
917,Eric Smith,SWE,DF,0.0,0,0,0.0
917,Logan Rogerson,NZL,FW,0.0,0,0,0.0
917,Dominic Hyam,SCO,DF,0.0,0,0,0.0
917,Avazbek Ulmasaliyev,UZB,DF,0.0,0,0,0.0
917,Marvin Keller,SUI,GK,0.0,0,0,0.0
917,Ozan Kabak,TUR,DF,0.0,0,0,0.0
917,Martin Zubimendi,ESP,MF,0.0,0,0,0.0
917,Noah Okafor,SUI,FW,0.0,0,0,0.0
917,Ken Sema,SWE,MF,0.0,0,0,0.0
917,Oguz Aydin,TUR,FW,0.0,0,0,0.0
917,Viktor Johansson,SWE,GK,0.0,0,0,0.0
917,Alex Rufer,NZL,MF,0.0,0,0,0.0
917,Eray Coemert,SUI,DF,0.0,0,0,0.0
917,Borja Iglesias,ESP,FW,0.0,0,0,0.0
917,Nihad Mujakic,BIH,DF,0.0,0,0,0.0
917,Mert Gunok,TUR,GK,0.0,0,0,0.0
917,Kaan Ayhan,TUR,MF,0.0,0,0,0.0
917,Ben Waine,NZL,FW,0.0,0,0,0.0
917,Jamshid Iskanderov,UZB,MF,0.0,0,0,0.0
917,Amer Jamous,JOR,MF,0.0,0,0,0.0
917,Dylan Batubinsika,COD,DF,0.0,0,0,0.0
917,Oussama Benbot,ALG,GK,0.0,0,0,0.0
917,Meshaal Barsham,QAT,GK,0.0,0,0,0.0
917,Jo Hyeonwoo,KOR,GK,0.0,0,0,0.0
917,Mohamed Amine Tougai,ALG,DF,0.0,0,0,0.0
917,Timothy Fayulu,COD,GK,0.0,0,0,0.0
917,Frans Putros,IRQ,DF,0.0,0,0,0.0
917,Melvin Mastil,ALG,GK,0.0,0,0,0.0
917,Ziyad Aljohani,KSA,MF,0.0,0,0,0.0
917,Mohammad Ghorbani,IRN,MF,0.0,0,0,0.0
917,Ali Majrashi,KSA,DF,0.0,0,0,0.0
917,Cho Wije,KOR,DF,0.0,0,0,0.0
917,Hossein Hosseini,IRN,GK,0.0,0,0,0.0
917,Mohammed Muntari,QAT,FW,0.0,0,0,0.0
917,Cj Dos Santos,CPV,GK,0.0,0,0,0.0
917,Aiman Yahya,KSA,FW,0.0,0,0,0.0
917,Ahmed Maknazi,IRQ,DF,0.0,0,0,0.0
917,Mohammad Abughoush,JOR,MF,0.0,0,0,0.0
917,Bae Junho,KOR,MF,0.0,0,0,0.0
917,Roozbeh Cheshmi,IRN,MF,0.0,0,0,0.0
917,Matthieu Epolo,COD,GK,0.0,0,0,0.0
917,Song Bumkeun,KOR,GK,0.0,0,0,0.0
917,Saleh Alshehri,KSA,FW,0.0,0,0,0.0
917,Lee Donggyeong,KOR,MF,0.0,0,0,0.0
917,Dennis Dargahi,IRN,FW,0.0,0,0,0.0
917,Theo Bongonda,COD,MF,0.0,0,0,0.0
917,Salah Zakaria,QAT,GK,0.0,0,0,0.0
917,Fahad Talib,IRQ,GK,0.0,0,0,0.0
917,Ahmed Alkassar,KSA,GK,0.0,0,0,0.0
917,Fiston Mayele,COD,FW,0.0,0,0,0.0
917,Rajaei Ayed,JOR,MF,0.0,0,0,0.0
917,Gael Kakuta,COD,FW,0.0,0,0,0.0
917,Stopira,CPV,DF,0.0,0,0,0.0
917,Marcio Rosa,CPV,GK,0.0,0,0,0.0
917,Payam Niazmand,IRN,GK,0.0,0,0,0.0
917,Munaf Younus,IRQ,DF,0.0,0,0,0.0
917,Ali Yousif,IRQ,FW,0.0,0,0,0.0
917,Yassine Titraoui,ALG,MF,0.0,0,0,0.0
917,Samir Chergui,ALG,DF,0.0,0,0,0.0
917,Fares Ghedjemis,ALG,FW,0.0,0,0,0.0
917,Meschack Elia,COD,FW,0.0,0,0,0.0
917,Tahsin Mohammed,QAT,FW,0.0,0,0,0.0
917,Jehad Thikri,KSA,DF,0.0,0,0,0.0
917,Danial Iri,IRN,DF,0.0,0,0,0.0
917,Hassan Kadish,KSA,DF,0.0,0,0,0.0
917,Abdallah Alfakhori,JOR,GK,0.0,0,0,0.0
917,Brian Cipenga,COD,FW,0.0,0,0,0.0
917,Anas Badawi,JOR,DF,0.0,0,0,0.0
917,Shuto Machino,JPN,FW,0.0,0,0,0.0
917,Kim Taehyeon,KOR,DF,0.0,0,0,0.0
917,Keisuke Osako,JPN,GK,0.0,0,0,0.0
917,Tomoki Hayakawa,JPN,GK,0.0,0,0,0.0
917,Nour Baniateyah,JOR,GK,0.0,0,0,0.0
917,Aaron Tshibola,COD,MF,0.0,0,0,0.0
917,Logan Costa,CPV,DF,0.0,0,0,0.0
917,Nawaf Alaqidi,KSA,GK,0.0,0,0,0.0
917,Sultan Mandash,KSA,FW,0.0,0,0,0.0
917,Achref Abada,ALG,DF,0.0,0,0,0.0
917,Amirmohammad Razaghinia,IRN,MF,0.0,0,0,0.0
917,Kevin Yakob,IRQ,MF,0.0,0,0,0.0
917,Ibrahim Sadeh,JOR,MF,0.0,0,0,0.0
917,Craig Gordon,SCO,GK,0.0,0,0,0.0
917,Jordan Henderson,ENG,MF,0.0,0,0,0.0
917,Sondre Langas,NOR,DF,0.0,0,0,0.0
917,Duje Caleta Car,CRO,DF,0.0,0,0,0.0
917,Morten Thorsby,NOR,MF,0.0,0,0,0.0
917,Samu Costa,POR,DF,0.0,0,0,0.0
917,Jorgen Strand Larsen,NOR,FW,0.0,0,0,0.0
917,David Affengruber,AUT,DF,0.0,0,0,0.0
917,Zeno Debast,BEL,DF,0.0,0,0,0.0
917,Henrik Falchener,NOR,DF,0.0,0,0,0.0
917,Ngolo Kante,FRA,MF,0.0,0,0,0.0
917,Florian Grillitsch,AUT,MF,0.0,0,0,0.0
917,Lutsharel Geertruida,NED,DF,0.0,0,0,0.0
917,Kobbie Mainoo,ENG,MF,0.0,0,0,0.0
917,Nikola Moro,CRO,MF,0.0,0,0,0.0
917,Trevoh Chalobah,ENG,DF,0.0,0,0,0.0
917,Malick Thiaw,GER,DF,0.0,0,0,0.0
917,Jorrel Hato,NED,DF,0.0,0,0,0.0
917,Joaquin Seys,BEL,DF,0.0,0,0,0.0
917,Nick Woltemade,GER,FW,0.0,0,0,0.0
917,Pascal Gross,GER,MF,0.0,0,0,0.0
917,Dejan Ljubicic,AUT,MF,0.0,0,0,0.0
917,Jose Sa,POR,GK,0.0,0,0,0.0
917,Dan Burn,ENG,DF,0.0,0,0,0.0
917,Ivor Pandur,CRO,GK,0.0,0,0,0.0
917,Kristijan Jakic,CRO,DF,0.0,0,0,0.0
917,Ivan Toney,ENG,FW,0.0,0,0,0.0
917,Jean Philippe Mateta,FRA,FW,0.0,0,0,0.0
917,Justin Kluivert,NED,MF,0.0,0,0,0.0
917,Fredrik Andre Bjorkan,NOR,DF,0.0,0,0,0.0
917,Ibrahima Konate,FRA,DF,0.0,0,0,0.0
917,Senne Lammens,BEL,GK,0.0,0,0,0.0
917,Assan Ouedraogo,GER,MF,0.0,0,0,0.0
917,Thelo Aasgaard,NOR,MF,0.0,0,0,0.0
917,James Trafford,ENG,GK,0.0,0,0,0.0
917,Florian Wiegele,AUT,GK,0.0,0,0,0.0
917,Axel Witsel,BEL,MF,0.0,0,0,0.0
917,Maxence Lacroix,FRA,DF,0.0,0,0,0.0
917,Mats Wieffer,NED,DF,0.0,0,0,0.0
917,Egil Selvik,NOR,GK,0.0,0,0,0.0
917,Lucas Hernandez,FRA,DF,0.0,0,0,0.0
917,Goncalo Inacio,POR,DF,0.0,0,0,0.0
917,Oliver Baumann,GER,GK,0.0,0,0,0.0
917,Marten De Roon,NED,MF,0.0,0,0,0.0
917,Koni De Winter,BEL,DF,0.0,0,0,0.0
917,Matheus Nunes,POR,MF,0.0,0,0,0.0
917,Robin Risser,FRA,GK,0.0,0,0,0.0
917,Diego Moreira,BEL,MF,0.0,0,0,0.0
917,Goncalo Guedes,POR,FW,0.0,0,0,0.0
917,Michael Svoboda,AUT,DF,0.0,0,0,0.0
917,Angelo Stiller,GER,MF,0.0,0,0,0.0
917,Sander Tangvik,NOR,GK,0.0,0,0,0.0
917,Robin Roefs,NED,GK,0.0,0,0,0.0
917,Jens Petter Hauge,NOR,MF,0.0,0,0,0.0
917,Jarell Quansah,ENG,DF,0.0,0,0,0.0
917,Ruben Neves,POR,MF,0.0,0,0,0.0
917,Diogo Dalot,POR,DF,0.0,0,0,0.0
917,Maximilian Beier,GER,FW,0.0,0,0,0.0
917,Toni Fruk,CRO,MF,0.0,0,0,0.0
917,Patrick Pentz,AUT,GK,0.0,0,0,0.0
917,Ollie Watkins,ENG,FW,0.0,0,0,0.0
917,Wout Weghorst,NED,FW,0.0,0,0,0.0
917,Brice Samba,FRA,GK,0.0,0,0,0.0
917,Dominik Kotarski,CRO,GK,0.0,0,0,0.0
917,Mark Flekken,NED,GK,0.0,0,0,0.0
917,Rui Silva,POR,GK,0.0,0,0,0.0
917,Warren Zaire Emery,FRA,MF,0.0,0,0,0.0
917,Martin Erlic,CRO,DF,0.0,0,0,0.0
917,Alexander Nuebel,GER,GK,0.0,0,0,0.0
917,Dean Henderson,ENG,GK,0.0,0,0,0.0
917,Mike Penders,BEL,GK,0.0,0,0,0.0
