Posição,Jogador,País,Posição Campo,Gols,Assistências,Minutos jogados
1,Lionel Messi,ARG,FW,5,0,187
2,Vinicius Junior,BRA,FW,4,1,293
3,Kylian Mbappe,FRA,FW,4,0,199
4,Erling Haaland,NOR,FW,4,0,207
5,Deniz Undav,GER,FW,3,2,69
6,Johan Manzambi,SUI,MF,3,1,146
7,Matheus Cunha,BRA,FW,3,0,191
8,Ismael Saibari,MAR,MF,3,0,255
9,Jonathan David,CAN,FW,3,0,270
10,Crysencio Summerville,NED,FW,2,1,123
11,Mikel Oyarzabal,ESP,FW,2,1,149
12,Maxi Araujo,URU,MF,2,1,173
13,Ayase Ueda,JPN,FW,2,1,174
14,Cody Gakpo,NED,FW,2,1,181
15,Ruben Vargas,SUI,FW,2,1,193
16,Ermin Mahmic,BIH,MF,2,0,39
17,Brian Brobbey,NED,FW,2,0,88
18,Daichi Kamada,JPN,MF,2,0,176
19,Folarin Balogun,USA,FW,2,0,179
20,Yasin Ayari,SWE,MF,2,0,183
21,Ismaila Sarr,SEN,FW,2,0,185
22,Cyle Larin,CAN,FW,2,0,187
23,Elijah Just,NZL,MF,2,0,190
24,Kai Havertz,GER,FW,2,0,192
25,Cristiano Ronaldo,POR,FW,2,0,201
26,Harry Kane,ENG,FW,2,0,204
27,Daniel Munoz,COL,DF,2,0,206
28,Julian Quinones,MEX,FW,2,0,269
29,Alexander Isak,SWE,FW,1,3,194
30,Nathan Saliba,CAN,MF,1,2,145
31,Mohamed Salah,EGY,FW,1,2,168
32,Breel Embolo,SUI,FW,1,2,282
33,Soufiane Rahimi,MAR,FW,1,1,53
34,Promise David,CAN,FW,1,1,57
35,Luis Romo,MEX,MF,1,1,140
36,Ousmane Dembele,FRA,FW,1,1,155
37,Mostafa Zico,EGY,MF,1,1,159
38,Keito Nakamura,JPN,MF,1,1,181
39,Felix Nmecha,GER,MF,1,1,181
40,Nathaniel Brown,GER,DF,1,1,181
41,Luis Diaz,COL,FW,1,1,198
42,Viktor Gyokeres,SWE,FW,1,1,200
43,Ramin Rezaeian,IRN,DF,1,1,204
44,Alex Freeman,USA,DF,1,1,209
45,Hwang Inbeom,KOR,MF,1,1,286
46,Achraf Hakimi,MAR,DF,1,1,308
47,Mattias Svanberg,SWE,MF,1,0,13
48,Giovanni Reyna,USA,MF,1,0,19
49,Trezeguet,EGY,FW,1,0,24
50,Gessime Yassine,MAR,MF,1,0,28
51,Jaminton Campaz,COL,FW,1,0,28
52,Rafael Leao,POR,FW,1,0,36
53,Marcus Rashford,ENG,FW,1,0,37
54,Helio Varela,CPV,MF,1,0,40
55,Leo Ostigard,NOR,DF,1,0,41
56,Anthony Elanga,SWE,FW,1,0,47
57,Ante Budimir,CRO,FW,1,0,50
58,Nadhir Benbouali,ALG,FW,1,0,52
59,Mauricio,PAR,MF,1,0,53
60,Hassan Alhaydos,QAT,FW,1,0,69
61,Ibrahim Mbaye,SEN,FW,1,0,71
62,Lamine Yamal,ESP,FW,1,0,74
63,Jovo Lukic,BIH,FW,1,0,77
64,Mateo Chavez,MEX,DF,1,0,81
65,Marko Arnautovic,AUT,FW,1,0,88
66,Marcus Holmgren Pedersen,NOR,DF,1,0,92
67,Alvaro Fidalgo,MEX,MF,1,0,93
68,Matias Galarza,PAR,MF,1,0,101
69,Bradley Barcola,FRA,FW,1,0,105
70,Nestory Irankunda,AUS,FW,1,0,117
71,Petar Musa,CRO,FW,1,0,119
72,Amad Diallo,CIV,FW,1,0,124
73,Aymen Hussein,IRQ,FW,1,0,128
74,Junya Ito,JPN,MF,1,0,130
75,Jamal Musiala,GER,MF,1,0,135
76,Oh Hyeongyu,KOR,FW,1,0,145
77,Nico Schlotterbeck,GER,DF,1,0,152
78,Connor Metcalfe,AUS,MF,1,0,153
79,Amine Gouiri,ALG,FW,1,0,158
80,Agustin Canobbio,URU,MF,1,0,159
81,Abbosbek Fayzullaev,UZB,MF,1,0,160
82,Emam Ashour,EGY,MF,1,0,162
83,Raul Jimenez,MEX,FW,1,0,163
84,Jude Bellingham,ENG,MF,1,0,164
85,Thapelo Maseko,RSA,FW,1,0,166
86,Abdulelah Alamri,KSA,DF,1,0,167
87,Romano Schmid,AUT,MF,1,0,171
88,Mohammad Mohebbi,IRN,MF,1,0,175
89,Kevin Pina,CPV,MF,1,0,177
90,Nuno Mendes,POR,DF,1,0,178
91,Joao Neves,POR,MF,1,0,181
92,Martin Baturina,CRO,MF,1,0,181
93,Livano Comenencia,CUW,MF,1,0,187
94,Virgil Van Dijk,NED,DF,1,0,199
95,Omar Rekik,TUN,DF,1,0,200
96,Wilson Isidor,HAI,FW,1,0,201
97,Yoane Wissa,COD,FW,1,0,201
98,Teboho Mokoena,RSA,MF,1,0,202
99,Kerim Alajbegovic,BIH,FW,1,0,202
100,Ali Olwan,JOR,FW,1,0,202
101,Michal Sadilek,CZE,MF,1,0,204
102,Finn Surman,NZL,DF,1,0,205
103,Franck Kessie,CIV,MF,1,0,206
104,Caleb Yirenkyi,GHA,MF,1,0,209
105,Nizar Alrashdan,JOR,MF,1,0,209
106,John Mcginn,SCO,MF,1,0,277
107,Ladislav Krejci,CZE,DF,1,0,301
108,Granit Xhaka,SUI,MF,1,0,303
109,Michael Olise,FRA,FW,0,3,176
110,Bruno Guimaraes,BRA,MF,0,3,273
111,Ryan Gravenberch,NED,MF,0,2,184
112,Martin Odegaard,NOR,MF,0,2,190
113,Joshua Kimmich,GER,DF,0,2,191
114,Denzel Dumfries,NED,DF,0,2,199
115,Julio Enciso,PAR,FW,0,2,204
116,Chris Wood,NZL,FW,0,2,205
117,Brahim Diaz,MAR,FW,0,2,232
118,Roberto Alvarado,MEX,FW,0,2,285
119,Iliman Ndiaye,SEN,FW,0,1,17
120,Cucho Hernandez,COL,FW,0,1,20
121,Koki Ogawa,JPN,FW,0,1,21
122,Dennis Hadzikadunic,BIH,DF,0,1,33
123,Tshepang Moremi,RSA,FW,0,1,34
124,Nadiem Amiri,GER,MF,0,1,37
125,Juan Quintero,COL,MF,0,1,38
126,Brandon Thomas Asante,GHA,FW,0,1,43
127,Memphis Depay,NED,FW,0,1,50
128,Christian Pulisic,USA,FW,0,1,50
129,Bukayo Saka,ENG,FW,0,1,55
130,Patrick Berg,NOR,MF,0,1,72
131,Lucas Bergvall,SWE,MF,0,1,72
132,Nico Gonzalez,ARG,MF,0,1,73
133,Takefusa Kubo,JPN,MF,0,1,77
134,Dani Olmo,ESP,FW,0,1,80
135,Kou Itakura,JPN,DF,0,1,100
136,Riyad Mahrez,ALG,FW,0,1,112
137,Petar Sucic,CRO,MF,0,1,125
138,Pedro Neto,POR,FW,0,1,127
139,Rayan,BRA,FW,0,1,149
140,Joao Cancelo,POR,DF,0,1,151
141,Alexandr Sojka,CZE,MF,0,1,155
142,Arthur Masuaku,COD,DF,0,1,156
143,Xaver Schlager,AUT,MF,0,1,166
144,Paul Okon Engstler,AUS,MF,0,1,171
145,Tim Payne,NZL,DF,0,1,172
146,Amir Alammari,IRQ,MF,0,1,174
147,Erik Lira,MEX,MF,0,1,179
148,Declan Rice,ENG,MF,0,1,180
149,Mousa Altamari,JOR,FW,0,1,180
150,Elliot Anderson,ENG,MF,0,1,181
151,David Moller Wolfe,NOR,DF,0,1,182
152,Gustavo Puerta,COL,DF,0,1,185
153,Jean Kevin Duverne,HAI,DF,0,1,186
154,Rodrigo De Paul,ARG,MF,0,1,187
155,Facundo Medina,ARG,DF,0,1,187
156,Wilfried Singo,CIV,DF,0,1,190
157,Malik Tillman,USA,MF,0,1,192
158,Nicolas Jackson,SEN,FW,0,1,193
159,Kaishu Sano,JPN,MF,0,1,199
160,Ivan Perisic,CRO,FW,0,1,200
160,Josip Stanisic,CRO,DF,0,1,200
162,Jorge Sanchez,MEX,DF,0,1,200
163,Hannibal Mejbri,TUN,MF,0,1,200
164,Ivan Basic,BIH,MF,0,1,200
165,Adrien Rabiot,FRA,MF,0,1,201
166,Bruno Fernandes,POR,MF,0,1,201
167,Aymeric Laporte,ESP,DF,0,1,202
168,Mohamed Hany,EGY,DF,0,1,203
169,Florian Wirtz,GER,MF,0,1,204
170,Lucas Paqueta,BRA,MF,0,1,206
171,Noor Alrawabdeh,JOR,MF,0,1,209
172,Sadio Mane,SEN,FW,0,1,210
173,Edmilson Junior,QAT,FW,0,1,228
174,Sead Kolasinac,BIH,DF,0,1,289
175,Lee Kangin,KOR,MF,0,1,300
176,Vladimir Coufal,CZE,DF,0,1,301
177,Chadi Riad,MAR,DF,0,1,308
178,Aaron Tshibola,COD,MF,0,0,0
178,Brenden Aaronson,USA,FW,0,0,0
178,Thelo Aasgaard,NOR,MF,0,0,0
178,Achref Abada,ALG,DF,0,0,0
178,Mahmoud Saber,EGY,MF,0,0,0
178,David Affengruber,AUT,DF,0,0,0
178,Aiman Yahya,KSA,FW,0,0,0
178,Mohamed Alaa,EGY,GK,0,0,0
178,Samet Akaydin,TUR,DF,0,0,0
178,Ahmed Maknazi,IRQ,DF,0,0,0
178,Munaf Younus,IRQ,DF,0,0,0
178,Nawaf Alaqidi,KSA,GK,0,0,0
178,Abdallah Alfakhori,JOR,GK,0,0,0
178,Ziyad Aljohani,KSA,MF,0,0,0
178,Ahmed Alkassar,KSA,GK,0,0,0
178,Saleh Alshehri,KSA,FW,0,0,0
178,Nabil Donga,EGY,MF,0,0,0
178,Aurele Amenda,SUI,DF,0,0,0
178,Joseph Anang,GHA,GK,0,0,0
178,Ronald Araujo,URU,DF,0,0,0
178,Jeremy Arevalo,ECU,FW,0,0,0
178,Max Arfsten,USA,DF,0,0,0
178,Santiago Arias,COL,DF,0,0,0
178,Adam Arous,TUN,DF,0,0,0
178,Khalil Ayari,TUN,MF,0,0,0
178,Oguz Aydin,TUR,FW,0,0,0
178,Kaan Ayhan,TUR,MF,0,0,0
178,Christopher Bonsu Baah,GHA,FW,0,0,0
178,Anas Badawi,JOR,DF,0,0,0
178,Bae Junho,KOR,MF,0,0,0
178,Fabian Balbuena,PAR,DF,0,0,0
178,Nour Baniateyah,JOR,GK,0,0,0
178,Kosta Barbarouses,NZL,FW,0,0,0
178,Valentin Barco,ARG,MF,0,0,0
178,Meshaal Barsham,QAT,GK,0,0,0
178,Dylan Batubinsika,COD,DF,0,0,0
178,Oliver Baumann,GER,GK,0,0,0
178,Altay Bayindir,TUR,GK,0,0,0
178,Lachlan Bayliss,NZL,MF,0,0,0
178,Maximilian Beier,GER,FW,0,0,0
178,Youssef Belammari,MAR,DF,0,0,0
178,Sabri Ben Hessen,TUN,GK,0,0,0
178,Mortadha Ben Ouanes,TUN,DF,0,0,0
178,Oussama Benbot,ALG,GK,0,0,0
178,Goncalo Inacio,POR,DF,0,0,0
178,Fredrik Andre Bjorkan,NOR,DF,0,0,0
178,Augustine Boakye,GHA,MF,0,0,0
178,Tyrick Bodak,CUW,GK,0,0,0
178,Theo Bongonda,COD,MF,0,0,0
178,Chris Brady,USA,GK,0,0,0
178,Marcio Rosa,CPV,GK,0,0,0
178,Santiago Bueno,URU,DF,0,0,0
178,Dan Burn,ENG,DF,0,0,0
178,Gustavo Caballero,PAR,MF,0,0,0
178,Duje Caleta Car,CRO,DF,0,0,0
178,Wagner Pina,CPV,DF,0,0,0
178,Jorge Carrascal,COL,MF,0,0,0
178,Adalberto Carrasquilla,PAN,MF,0,0,0
178,Denil Castillo,ECU,MF,0,0,0
178,Sipho Chaine,RSA,GK,0,0,0
178,Trevoh Chalobah,ENG,DF,0,0,0
178,Samir Chergui,ALG,DF,0,0,0
178,Roozbeh Cheshmi,IRN,MF,0,0,0
178,Raed Chikhaoui,TUN,DF,0,0,0
178,Cho Wije,KOR,DF,0,0,0
178,Brian Cipenga,COD,FW,0,0,0
178,Eray Coemert,SUI,DF,0,0,0
178,Logan Costa,CPV,DF,0,0,0
178,Bradley Cross,RSA,DF,0,0,0
178,Diego Moreira,BEL,MF,0,0,0
178,Ruben Neves,POR,MF,0,0,0
178,Diogo Dalot,POR,DF,0,0,0
178,Rui Silva,POR,GK,0,0,0
178,Dennis Dargahi,IRN,FW,0,0,0
178,Alphonso Davies,CAN,DF,0,0,0
178,Samu Costa,POR,DF,0,0,0
178,Giorgian De Arrascaeta,URU,MF,0,0,0
178,Marten De Roon,NED,MF,0,0,0
178,Koni De Winter,BEL,DF,0,0,0
178,Zeno Debast,BEL,DF,0,0,0
178,Milos Degenek,AUS,DF,0,0,0
178,Cameron Devlin,AUS,MF,0,0,0
178,Oumar Diakite,CIV,FW,0,0,0
178,Assane Diao,SEN,FW,0,0,0
178,Ousmane Diomande,CIV,DF,0,0,0
178,Yehvann Diouf,SEN,GK,0,0,0
178,Willer Ditta,COL,DF,0,0,0
178,Trevor Doornbusch,CUW,GK,0,0,0
178,Stopira,CPV,DF,0,0,0
178,Josue Duverger,HAI,GK,0,0,0
178,Hjalmar Ekdal,SWE,DF,0,0,0
178,Munir El Kajoui,MAR,GK,0,0,0
178,Zakaria El Ouahdi,MAR,DF,0,0,0
178,Tarek Alaa,EGY,DF,0,0,0
178,Meschack Elia,COD,FW,0,0,0
178,Rayan Elloumi,TUN,FW,0,0,0
178,Matthieu Epolo,COD,GK,0,0,0
178,Botirali Ergashev,UZB,GK,0,0,0
178,Martin Erlic,CRO,DF,0,0,0
178,Fidel Escobar,PAN,DF,0,0,0
178,Umar Eshmurodov,UZB,DF,0,0,0
178,Henrik Falchener,NOR,DF,0,0,0
178,Edgardo Farina,PAN,DF,0,0,0
178,Timothy Fayulu,COD,GK,0,0,0
178,Kevin Felida,CUW,MF,0,0,0
178,Gatito Fernandez,PAR,GK,0,0,0
178,Mark Flekken,NED,GK,0,0,0
178,Tyler Fletcher,SCO,MF,0,0,0
178,Toni Fruk,CRO,MF,0,0,0
178,Goncalo Guedes,POR,FW,0,0,0
178,Eric Garcia,ESP,DF,0,0,0
178,Joan Garcia,ESP,GK,0,0,0
178,Lutsharel Geertruida,NED,DF,0,0,0
178,Fares Ghedjemis,ALG,FW,0,0,0
178,Mohammad Ghorbani,IRN,MF,0,0,0
178,Jose Maria Gimenez,URU,DF,0,0,0
178,Owen Goodman,CAN,GK,0,0,0
178,Craig Gordon,SCO,GK,0,0,0
178,Ricardo Goss,RSA,GK,0,0,0
178,Florian Grillitsch,AUT,MF,0,0,0
178,Alex Grimaldo,ESP,DF,0,0,0
178,Pascal Gross,GER,MF,0,0,0
178,Parfait Guiagon,CIV,MF,0,0,0
178,Mert Gunok,TUR,GK,0,0,0
178,Jorge Gutierrez,PAN,DF,0,0,0
178,Frans Putros,IRQ,DF,0,0,0
178,Rajaei Ayed,JOR,MF,0,0,0
178,Salah Zakaria,QAT,GK,0,0,0
178,Haissem Hassan,EGY,FW,0,0,0
178,Jorrel Hato,NED,DF,0,0,0
178,Jens Petter Hauge,NOR,MF,0,0,0
178,Jordan Henderson,ENG,MF,0,0,0
178,Dean Henderson,ENG,GK,0,0,0
178,Lucas Hernandez,FRA,DF,0,0,0
178,Lucas Herrington,AUS,DF,0,0,0
178,George Hirst,SCO,FW,0,0,0
178,Lukas Hornicek,CZE,GK,0,0,0
178,Hossein Hosseini,IRN,GK,0,0,0
178,Ajdin Hrustic,AUS,FW,0,0,0
178,Dominic Hyam,SCO,DF,0,0,0
178,Mahdy Soliman,EGY,GK,0,0,0
178,Borja Iglesias,ESP,FW,0,0,0
178,Danial Iri,IRN,DF,0,0,0
178,Jamshid Iskanderov,UZB,MF,0,0,0
178,Paul Izzo,AUS,GK,0,0,0
178,Kristijan Jakic,CRO,DF,0,0,0
178,Amer Jamous,JOR,MF,0,0,0
178,Tahsin Mohammed,QAT,FW,0,0,0
178,Jo Hyeonwoo,KOR,GK,0,0,0
178,Viktor Johansson,SWE,GK,0,0,0
178,Herman Johansson,SWE,DF,0,0,0
178,Alfie Jones,CAN,DF,0,0,0
178,David Jurasek,CZE,DF,0,0,0
178,Mladen Jurkas,BIH,GK,0,0,0
178,Ozan Kabak,TUR,DF,0,0,0
178,Samukele Kabini,RSA,DF,0,0,0
178,Irfan Can Kahveci,TUR,FW,0,0,0
178,Gael Kakuta,COD,FW,0,0,0
178,Fiston Mayele,COD,FW,0,0,0
178,Ngolo Kante,FRA,MF,0,0,0
178,Marvin Keller,SUI,GK,0,0,0
178,Liam Kelly,SCO,GK,0,0,0
178,Kim Taehyeon,KOR,DF,0,0,0
178,Justin Kluivert,NED,MF,0,0,0
178,Ibrahima Konate,FRA,DF,0,0,0
178,Mohamed Kone,CIV,GK,0,0,0
178,Dominik Kotarski,CRO,GK,0,0,0
178,Jan Kuchta,CZE,FW,0,0,0
178,Brandley Kuwas,CUW,FW,0,0,0
178,Maxence Lacroix,FRA,DF,0,0,0
178,Markhus Lacroix,HAI,DF,0,0,0
178,Alban Lafont,CIV,GK,0,0,0
178,Senne Lammens,BEL,GK,0,0,0
178,Sondre Langas,NOR,DF,0,0,0
178,Jorgen Strand Larsen,NOR,FW,0,0,0
178,Lee Donggyeong,KOR,MF,0,0,0
178,Dejan Ljubicic,AUT,MF,0,0,0
178,Giovani Lo Celso,ARG,MF,0,0,0
178,Jose Manuel Lopez,ARG,FW,0,0,0
178,Derrick Luckassen,GHA,DF,0,0,0
178,Awer Mabil,AUS,FW,0,0,0
178,Deiver Machado,COL,DF,0,0,0
178,Shuto Machino,JPN,FW,0,0,0
178,Hassan Kadish,KSA,DF,0,0,0
178,Kobbie Mainoo,ENG,MF,0,0,0
178,Ali Majrashi,KSA,DF,0,0,0
178,Olwethu Makhanya,RSA,DF,0,0,0
178,Jose Sa,POR,GK,0,0,0
178,Sultan Mandash,KSA,FW,0,0,0
178,Arjany Martha,CUW,MF,0,0,0
178,Emiliano Martinez,URU,MF,0,0,0
178,Melvin Mastil,ALG,GK,0,0,0
178,Hazem Mastouri,TUN,FW,0,0,0
178,Jean Philippe Mateta,FRA,FW,0,0,0
178,Thabang Matuludi,RSA,DF,0,0,0
178,Mark Mckenzie,USA,DF,0,0,0
178,Yaimar Medina,ECU,DF,0,0,0
178,Luis Mejia,PAN,GK,0,0,0
178,Santiago Mele,URU,GK,0,0,0
178,Antoine Mendy,SEN,DF,0,0,0
178,Garven Metusala,HAI,DF,0,0,0
178,Roderick Miller,PAN,DF,0,0,0
178,Yerry Mina,COL,DF,0,0,0
178,Alvaro Montero,COL,GK,0,0,0
178,Nikola Moro,CRO,MF,0,0,0
178,Nihad Mujakic,BIH,DF,0,0,0
178,Victor Munoz,ESP,FW,0,0,0
178,Mohammed Muntari,QAT,FW,0,0,0
178,Juan Musso,ARG,GK,0,0,0
178,Ali Yousif,IRQ,FW,0,0,0
178,Khulumani Ndamane,RSA,DF,0,0,0
178,Cherif Ndiaye,SEN,FW,0,0,0
178,Bara Sapoko Ndiaye,SEN,MF,0,0,0
178,Evan Ndicka,CIV,DF,0,0,0
178,Moutaz Neffati,TUN,DF,0,0,0
178,Jayden Nelson,CAN,FW,0,0,0
178,Payam Niazmand,IRN,GK,0,0,0
178,Gustaf Nilsson,SWE,FW,0,0,0
178,Tyrese Noslin,CUW,FW,0,0,0
178,Alexander Nuebel,GER,GK,0,0,0
178,Matheus Nunes,POR,MF,0,0,0
178,Braian Ojeda,PAR,MF,0,0,0
178,Noah Okafor,SUI,FW,0,0,0
178,Gaston Olveira,PAR,GK,0,0,0
178,Christopher Operi,CIV,DF,0,0,0
178,Keisuke Osako,JPN,GK,0,0,0
178,David Ospina,COL,GK,0,0,0
178,Assan Ouedraogo,GER,MF,0,0,0
178,Kendry Paez,ECU,MF,0,0,0
178,Exequiel Palacios,ARG,MF,0,0,0
178,Ivor Pandur,CRO,GK,0,0,0
178,Wilguens Paugain,HAI,DF,0,0,0
178,Alex Paulsen,NZL,GK,0,0,0
178,Facundo Pellistri,URU,FW,0,0,0
178,Mike Penders,BEL,GK,0,0,0
178,Patrick Pentz,AUT,GK,0,0,0
178,Leo Pereira,BRA,DF,0,0,0
178,Alexandre Pierre,HAI,GK,0,0,0
178,Woodensky Pierre,HAI,MF,0,0,0
178,Nando Pijnaker,NZL,DF,0,0,0
178,Joaquin Piquerez,URU,MF,0,0,0
178,Juan Portilla,COL,MF,0,0,0
178,Marc Pubill,ESP,DF,0,0,0
178,Jarell Quansah,ENG,DF,0,0,0
178,Alberto Quintero,PAN,MF,0,0,0
178,Fahad Talib,IRQ,GK,0,0,0
178,Moises Ramirez,ECU,GK,0,0,0
178,David Raya,ESP,GK,0,0,0
178,Amirmohammad Razaghinia,IRN,MF,0,0,0
178,Robin Risser,FRA,GK,0,0,0
178,Miles Robinson,USA,DF,0,0,0
178,Sergio Rochet,URU,GK,0,0,0
178,Robin Roefs,NED,GK,0,0,0
178,Logan Rogerson,NZL,FW,0,0,0
178,Cristian Roldan,USA,MF,0,0,0
178,Alex Rufer,NZL,MF,0,0,0
178,Geronimo Rulli,ARG,GK,0,0,0
178,Mathew Ryan,AUS,GK,0,0,0
178,Ibrahim Sadeh,JOR,MF,0,0,0
178,Carl Sainte,HAI,MF,0,0,0
178,Brice Samba,FRA,GK,0,0,0
178,Shurandy Sambo,CUW,DF,0,0,0
178,Cesar Samudio,PAN,GK,0,0,0
178,Ederson,BRA,GK,0,0,0
178,Mamadou Sarr,SEN,DF,0,0,0
178,Alessandro Schoepf,AUT,MF,0,0,0
178,Abdoulaye Seck,SEN,DF,0,0,0
178,Alidu Seidu,GHA,DF,0,0,0
178,Egil Selvik,NOR,GK,0,0,0
178,Ken Sema,SWE,MF,0,0,0
178,Marcos Senesi,ARG,DF,0,0,0
178,Jean Michael Seri,CIV,MF,0,0,0
178,Joaquin Seys,BEL,DF,0,0,0
178,Bremer,BRA,DF,0,0,0
178,Giuliano Simeone,ARG,FW,0,0,0
178,Eric Smith,SWE,DF,0,0,0
178,Hugo Sochurek,CZE,MF,0,0,0
178,Song Bumkeun,KOR,GK,0,0,0
178,John Souttar,SCO,DF,0,0,0
178,Caglar Soyuncu,TUR,DF,0,0,0
178,Kelvin Pires,CPV,DF,0,0,0
178,Dayne St Clair,CAN,GK,0,0,0
178,Jindrich Stanek,CZE,GK,0,0,0
178,Carl Starfelt,SWE,DF,0,0,0
178,Angelo Stiller,GER,MF,0,0,0
178,Abdul Mumin,GHA,DF,0,0,0
178,Michael Svoboda,AUT,DF,0,0,0
178,Haris Tabakovic,BIH,FW,0,0,0
178,Ahmed Reda Tagnaouti,MAR,GK,0,0,0
178,Mohammad Abughoush,JOR,MF,0,0,0
178,Sander Tangvik,NOR,GK,0,0,0
178,Keeto Thermoncy,HAI,DF,0,0,0
178,Malick Thiaw,GER,DF,0,0,0
178,Jehad Thikri,KSA,DF,0,0,0
178,Morten Thorsby,NOR,MF,0,0,0
178,Yassine Titraoui,ALG,MF,0,0,0
178,Ivan Toney,ENG,FW,0,0,0
178,Felix Torres,ECU,DF,0,0,0
178,Mohamed Amine Tougai,ALG,DF,0,0,0
178,James Trafford,ENG,GK,0,0,0
178,Kai Trewin,AUS,DF,0,0,0
178,Matt Turner,USA,GK,0,0,0
178,Avazbek Ulmasaliyev,UZB,DF,0,0,0
178,Anthony Valencia,ECU,MF,0,0,0
178,Gonzalo Valle,ECU,GK,0,0,0
178,Ben Waine,NZL,FW,0,0,0
178,Joel Waterman,CAN,DF,0,0,0
178,Ollie Watkins,ENG,FW,0,0,0
178,Wout Weghorst,NED,FW,0,0,0
178,Jacob Widell Zetterstrom,SWE,GK,0,0,0
178,Mats Wieffer,NED,DF,0,0,0
178,Florian Wiegele,AUT,GK,0,0,0
178,Kevin Yakob,IRQ,MF,0,0,0
178,Axel Witsel,BEL,MF,0,0,0
178,Nick Woltemade,GER,FW,0,0,0
178,Michael Woud,NZL,GK,0,0,0
178,Cesar Yanis,PAN,MF,0,0,0
178,Warren Zaire Emery,FRA,MF,0,0,0
178,Rodrigo Zalazar,URU,MF,0,0,0
178,Alex Zendejas,USA,FW,0,0,0
178,Martin Zlomislic,BIH,GK,0,0,0
178,Martin Zubimendi,ESP,MF,0,0,0
500,Baba Rahman,GHA,DF,0,0,1
501,Mohamed Abdelmoneim,EGY,DF,0,0,1
502,Marcus Thuram,FRA,FW,0,0,2
503,Haji Wright,USA,FW,0,0,2
504,Sherzod Esanov,UZB,MF,0,0,3
505,Jonathan Osorio,CAN,MF,0,0,5
506,Noa Lang,NED,FW,0,0,5
507,Tomas Rodriguez,PAN,FW,0,0,5
508,Eric Davis,PAN,DF,0,0,5
509,Mohammad Abuzraiq,JOR,FW,0,0,6
510,Daniel Svensson,SWE,DF,0,0,6
511,Jordy Caicedo,ECU,FW,0,0,6
512,Jose Canale,PAR,DF,0,0,7
513,Ibrahim Adel,EGY,FW,0,0,7
514,Karim Hafez,EGY,DF,0,0,7
515,Ross Stewart,SCO,FW,0,0,7
516,Kevin Castano,COL,MF,0,0,7
517,Andres Gomez,COL,FW,0,0,7
518,Gabriel Avalos,PAR,FW,0,0,8
519,Rodrigo Aguirre,URU,FW,0,0,8
520,Khalid Alghannam,KSA,FW,0,0,8
521,Miro Muheim,SUI,DF,0,0,9
522,Ardon Jashari,SUI,MF,0,0,9
523,Kojo Peprah Oppong,GHA,DF,0,0,9
524,Malo Gusto,FRA,DF,0,0,9
525,Maghnes Akliouche,FRA,MF,0,0,10
526,Gedeon Kalulu,COD,DF,0,0,10
527,Anibal Godoy,PAN,MF,0,0,11
528,Goncalo Ramos,POR,FW,0,0,11
529,Keisuke Goto,JPN,FW,0,0,11
530,Godfried Roemeratoe,CUW,MF,0,0,12
531,Christian Fassnacht,SUI,FW,0,0,12
532,Amir Hadziahmetovic,BIH,MF,0,0,12
533,Zineddine Belaid,ALG,DF,0,0,12
534,Mojmir Chytil,CZE,FW,0,0,12
535,Cesar Huerta,MEX,FW,0,0,12
536,Jaouen Hadjam,ALG,DF,0,0,12
537,Aziz Behich,AUS,DF,0,0,12
538,Kento Shiogai,JPN,FW,0,0,12
539,Waldemar Anton,GER,DF,0,0,12
540,Lucas Mendes,QAT,DF,0,0,13
541,Mohammad Abuhasheesh,JOR,DF,0,0,13
542,Kamogelo Sebelebele,RSA,FW,0,0,13
543,Yassin Fortune,HAI,FW,0,0,13
544,Adil Boulbina,ALG,FW,0,0,13
545,Hossam Abdelmaguid,EGY,DF,0,0,14
546,Derrick Etienne,HAI,FW,0,0,14
547,Nathanael Mbuku,COD,MF,0,0,14
548,Ederson Silva,BRA,MF,0,0,14
549,Francis De Vries,NZL,DF,0,0,15
550,Alex Sandro,BRA,DF,0,0,15
551,Nathan Ake,NED,DF,0,0,15
552,Mohammad Aldaoud,JOR,MF,0,0,15
553,Salih Ozcan,TUR,MF,0,0,15
554,Nico Paz,ARG,FW,0,0,16
555,Nicolas Tagliafico,ARG,DF,0,0,16
556,Leandro Paredes,ARG,MF,0,0,16
557,Niko Sigur,CAN,DF,0,0,16
558,Bamba Dieng,SEN,FW,0,0,16
559,Nawaf Bu Washl,KSA,DF,0,0,17
560,Taha Ali,SWE,FW,0,0,17
561,Ayumu Seko,JPN,DF,0,0,17
562,Yuito Suzuki,JPN,MF,0,0,17
563,Callan Elliot,NZL,DF,0,0,18
564,Auston Trusty,USA,DF,0,0,18
565,Nikola Vlasic,CRO,MF,0,0,18
566,Joe Scally,USA,DF,0,0,18
567,Alexandro Maidana,PAR,DF,0,0,18
568,Matias Fernandez Pardo,BEL,FW,0,0,18
569,Alejandro Romero Gamarra,PAR,FW,0,0,18
570,Guillermo Ochoa,MEX,GK,0,0,18
571,Alexis Vega,MEX,FW,0,0,18
572,Zeki Amdouni,SUI,FW,0,0,18
573,Yannick Semedo,CPV,MF,0,0,19
574,Themba Zwane,RSA,MF,0,0,19
575,Tyler Bindon,NZL,DF,0,0,19
576,David Zima,CZE,DF,0,0,19
577,Ramon Sosa,PAR,MF,0,0,19
578,Joao Paulo,CPV,MF,0,0,19
579,Mohanad Ali,IRQ,FW,0,0,20
580,Roshon Van Eijma,CUW,DF,0,0,20
581,Kenji Gorre,CUW,FW,0,0,20
582,Neymar Jr,BRA,FW,0,0,20
583,Cedric Itten,SUI,FW,0,0,21
584,Findlay Curtis,SCO,FW,0,0,21
585,Armando Gonzalez,MEX,FW,0,0,21
586,Saed Alrosan,JOR,DF,0,0,22
587,Tete Yengi,AUS,FW,0,0,22
588,David Raum,GER,DF,0,0,22
589,Simon Adingra,CIV,FW,0,0,22
590,Evann Guessand,CIV,FW,0,0,22
591,Arthur Theate,BEL,DF,0,0,22
592,Junnosuke Suzuki,JPN,DF,0,0,23
593,Eberechi Eze,ENG,MF,0,0,23
594,Luka Sucic,CRO,MF,0,0,23
595,Anthony Ralston,SCO,DF,0,0,23
596,Azizbek Amonov,UZB,FW,0,0,23
597,Jakhongir Urozov,UZB,DF,0,0,23
598,Habib Diarra,SEN,MF,0,0,24
599,Aimar Sher,IRQ,MF,0,0,24
600,Mustafa Saadoon,IRQ,DF,0,0,24
601,Mohamed Hadj Mahmoud,TUN,MF,0,0,24
602,Almoez Ali,QAT,FW,0,0,24
603,Kristian Thorstvedt,NOR,MF,0,0,25
604,Gervane Kastaneer,CUW,FW,0,0,25
605,Yang Hyunjun,KOR,MF,0,0,25
606,Orbelin Pineda,MEX,MF,0,0,25
607,Quinten Timber,NED,MF,0,0,25
608,Amirhossein Hosseinzadeh,IRN,FW,0,0,26
609,Timothy Weah,USA,FW,0,0,26
610,Ismael Diaz,PAN,MF,0,0,27
611,Dzenis Burnic,BIH,MF,0,0,27
612,Ali Azaizeh,JOR,FW,0,0,28
613,Pape Matar Sarr,SEN,MF,0,0,28
614,Jesse Randall,NZL,FW,0,0,29
615,Eren Elmali,TUR,DF,0,0,29
616,Mehdi Torabi,IRN,MF,0,0,29
617,Igor Sergeev,UZB,FW,0,0,29
618,Marco Friedl,AUT,DF,0,0,30
619,Alexander Prass,AUT,MF,0,0,30
620,Igor Matanovic,CRO,FW,0,0,30
621,Elias Achouri,TUN,FW,0,0,30
622,Luis Chavez,MEX,MF,0,0,31
623,Mohamed Amoura,ALG,FW,0,0,31
624,Duckens Nazon,HAI,FW,0,0,31
625,Houssem Aouar,ALG,MF,0,0,31
626,Francisco Trincao,POR,FW,0,0,32
627,Youssef Amyn,IRQ,MF,0,0,32
628,Rebin Sulaka,IRQ,DF,0,0,33
629,Jackson Irvine,AUS,MF,0,0,33
630,Ayoube Amaimouni,MAR,FW,0,0,33
631,Willy Semedo,CPV,MF,0,0,34
632,Brian Rodriguez,URU,FW,0,0,35
633,Samed Bazdar,BIH,FW,0,0,35
634,Armin Gigovic,BIH,MF,0,0,35
635,Leon Goretzka,GER,MF,0,0,35
636,Elliot Stroud,SWE,DF,0,0,35
637,Danilo Santos,BRA,MF,0,0,35
638,Zizo,EGY,FW,0,0,35
639,Guus Til,NED,MF,0,0,36
640,Alex Arce,PAR,FW,0,0,36
641,Jackson Porozo,ECU,DF,0,0,36
642,Jamie Leweling,GER,MF,0,0,37
643,Mory Diaw,SEN,GK,0,0,37
644,Dodi Lukebakio,BEL,FW,0,0,37
645,Cristian Volpato,AUS,FW,0,0,38
646,Saleem Obaid,JOR,DF,0,0,38
647,Rayan Cherki,FRA,MF,0,0,38
648,Jhon Cordoba,COL,FW,0,0,38
649,Luiz Henrique,BRA,FW,0,0,38
650,Can Uzun,TUR,FW,0,0,39
651,Patrick Wimmer,AUT,FW,0,0,39
652,Besfort Zeneli,SWE,MF,0,0,40
653,Richard Rios,COL,MF,0,0,40
654,Ahmed Alganehi,QAT,MF,0,0,41
655,Alhashmi Alhussein,QAT,DF,0,0,41
656,Oscar Bobb,NOR,MF,0,0,41
657,Cho Guesung,KOR,FW,0,0,41
658,Ali Alipour,IRN,FW,0,0,42
659,Tomas Chory,CZE,FW,0,0,43
660,Prince Adu,GHA,FW,0,0,43
661,Hamza Abdelkarim,EGY,FW,0,0,43
662,Ala Alhajji,KSA,MF,0,0,43
663,Park Jinseob,KOR,DF,0,0,44
664,Yukinari Sugawara,JPN,DF,0,0,44
665,Charles Pickel,COD,MF,0,0,45
666,Nico Williams,ESP,FW,0,0,45
667,Firas Chaouat,TUN,FW,0,0,45
668,Joris Kayembe,COD,DF,0,0,45
669,Ismail Jakobs,SEN,DF,0,0,46
670,Endrick,BRA,FW,0,0,46
671,Morgan Rogers,ENG,MF,0,0,47
672,Hans Vanaken,BEL,MF,0,0,47
673,Chemsdine Talbi,MAR,MF,0,0,48
674,Sasa Kalajdzic,AUT,FW,0,0,48
675,Roger Ibanez,BRA,DF,0,0,49
676,Dylan Bronn,TUN,DF,0,0,49
677,Simon Banza,COD,FW,0,0,49
678,Lyndon Dykes,SCO,FW,0,0,49
679,Matias Vina,URU,DF,0,0,49
680,Pathe Ciss,SEN,MF,0,0,49
681,Jordy Alcivar,ECU,MF,0,0,49
682,Gonzalo Montiel,ARG,DF,0,0,49
683,Angelo Preciado,ECU,DF,0,0,49
684,Oston Urunov,UZB,MF,0,0,50
685,Khojiakbar Alijonov,UZB,DF,0,0,50
686,Alireza Jahanbakhsh,IRN,MF,0,0,50
687,Santiago Gimenez,MEX,FW,0,0,50
688,Jeremy Antonisse,CUW,FW,0,0,50
689,Sontje Hansen,CUW,FW,0,0,50
690,Mehdi Ghayedi,IRN,FW,0,0,50
691,Lawrence Ati Zigi,GHA,GK,0,0,50
692,Deniz Gul,TUR,FW,0,0,50
693,Jearl Margaritha,CUW,FW,0,0,50
694,Castrop Jens,KOR,DF,0,0,51
695,Abdulaziz Hatem,QAT,MF,0,0,51
696,Odiljon Xamrobekov,UZB,MF,0,0,51
697,Azarias Londono,PAN,FW,0,0,51
698,Arya Yousefi,IRN,DF,0,0,51
699,Gustavo Velazquez,PAR,DF,0,0,51
700,Ryan Thomas,NZL,MF,0,0,52
701,Yeremy Pino,ESP,FW,0,0,53
702,Saleh Hardani,IRN,DF,0,0,53
703,Eom Jisung,KOR,MF,0,0,53
704,Andreas Schjelderup,NOR,MF,0,0,54
705,Moise Bombito,CAN,DF,0,0,54
706,Isidro Pitta,PAR,FW,0,0,55
707,Ahmed Alaaeldin,QAT,FW,0,0,55
708,Dostonbek Khamdamov,UZB,MF,0,0,55
708,Farrukh Sayfiev,UZB,DF,0,0,55
710,Nicolas De La Cruz,URU,MF,0,0,55
711,Nicolas Otamendi,ARG,DF,0,0,56
712,Carney Chukwuemeka,AUT,MF,0,0,57
713,Vladimir Darida,CZE,MF,0,0,58
714,Samir El Mourabet,MAR,MF,0,0,58
715,Abdullah Alhamddan,KSA,FW,0,0,58
716,Obed Vargas,MEX,MF,0,0,59
717,Denis Visinsky,CZE,FW,0,0,59
718,Alan Minda,ECU,MF,0,0,59
719,Lyle Foster,RSA,FW,0,0,59
720,Bazoumana Toure,CIV,FW,0,0,59
721,Elye Wahi,CIV,FW,0,0,59
722,Amadou Onana,BEL,MF,0,0,60
723,Mathieu Choiniere,CAN,MF,0,0,61
724,Mikel Merino,ESP,MF,0,0,61
725,Phillip Mwene,AUT,DF,0,0,62
726,Ben Old,NZL,MF,0,0,62
727,Marko Farji,IRQ,FW,0,0,62
728,Teun Koopmeiners,NED,MF,0,0,62
729,Ernest Nuamah,GHA,FW,0,0,62
730,Kamaldeen Sulemana,GHA,FW,0,0,62
731,Gabriel Martinelli,BRA,FW,0,0,63
732,Kim Jingyu,KOR,MF,0,0,64
733,Ramiz Zerrouki,ALG,MF,0,0,64
734,Jovane Cabral,CPV,MF,0,0,64
735,Ismael Gharbi,TUN,MF,0,0,64
736,Dailon Livramento,CPV,FW,0,0,64
737,Igor Thiago,BRA,FW,0,0,65
738,Alexis Saelemaekers,BEL,MF,0,0,65
739,Gilson Benchimol,CPV,FW,0,0,66
740,Alex Baena,ESP,MF,0,0,66
741,Garry Rodrigues,CPV,MF,0,0,66
742,Guillermo Martinez,MEX,FW,0,0,66
743,Antonio Sanabria,PAR,FW,0,0,66
744,Mathew Leckie,AUS,FW,0,0,67
745,Nilson Angulo,ECU,FW,0,0,68
746,Andrej Kramaric,CRO,FW,0,0,68
747,Dominique Simon,HAI,MF,0,0,68
748,Daizen Maeda,JPN,MF,0,0,68
749,Joao Felix,POR,FW,0,0,69
750,Charles De Ketelaere,BEL,FW,0,0,69
751,Telmo Arcanjo,CPV,MF,0,0,69
752,Bernardo Silva,POR,MF,0,0,70
753,Luka Vuskovic,CRO,DF,0,0,71
754,Inaki Williams,GHA,FW,0,0,71
755,Kevin Rodriguez,ECU,FW,0,0,71
756,Nelson Semedo,POR,DF,0,0,73
757,Julian Alvarez,ARG,FW,0,0,73
758,Pervis Estupinan,ECU,DF,0,0,74
759,Abdul Fatawu,GHA,FW,0,0,74
760,Gavi,ESP,MF,0,0,74
761,Kim Moonhwan,KOR,DF,0,0,74
762,Ayoub El Kaabi,MAR,FW,0,0,74
763,Nuno Da Costa,CPV,MF,0,0,74
764,Antonio Ruediger,GER,DF,0,0,75
765,Mohammad Abualnadi,JOR,DF,0,0,75
766,Jason Geria,AUS,DF,0,0,75
767,Shahriyar Moghanloo,IRN,FW,0,0,76
768,Tsuyoshi Watanabe,JPN,DF,0,0,77
769,Sebastian Berhalter,USA,MF,0,0,77
770,Darwin Nunez,URU,FW,0,0,78
771,Jacob Shaffelburg,CAN,MF,0,0,78
772,Ali Jasim,IRQ,FW,0,0,78
773,Aaron Hickey,SCO,DF,0,0,79
774,Orkun Kokcu,TUR,MF,0,0,79
775,Elisha Owusu,GHA,MF,0,0,82
776,Zeki Celik,TUR,DF,0,0,84
777,Cecilio Waterman,PAN,FW,0,0,85
778,Fabinho,BRA,MF,0,0,86
779,Nishan Velupillay,AUS,FW,0,0,88
780,Deroy Duarte,CPV,MF,0,0,88
781,Ramy Rabia,EGY,DF,0,0,88
782,Djed Spence,ENG,DF,0,0,88
783,Noah Sadiki,COD,MF,0,0,89
784,Luca Jaquez,SUI,DF,0,0,89
785,Jeremy Doku,BEL,FW,0,0,89
786,Anis Hadj Moussa,ALG,FW,0,0,89
787,Mohamed Manai,QAT,FW,0,0,91
788,Michael Gregoritsch,AUT,FW,0,0,91
789,John Stones,ENG,DF,0,0,92
790,Laros Duarte,CPV,MF,0,0,92
791,Rani Khedira,TUN,MF,0,0,92
792,Sebastian Tounekti,TUN,MF,0,0,92
793,Nicolas Pepe,CIV,FW,0,0,93
794,Ahmed Basil,IRQ,GK,0,0,95
794,Lucas Digne,FRA,DF,0,0,95
794,Manu Kone,FRA,MF,0,0,95
797,Husam Abudahab,JOR,DF,0,0,95
798,Mario Pasalic,CRO,MF,0,0,97
799,Marin Pongracic,CRO,DF,0,0,98
800,Timothy Castagne,BEL,DF,0,0,98
801,Shogo Taniguchi,JPN,DF,0,0,99
802,Marcos Llorente,ESP,DF,0,0,99
803,Stepan Chaloupek,CZE,DF,0,0,99
804,Joshua Brenet,CUW,DF,0,0,99
804,Jurien Gaari,CUW,DF,0,0,99
806,Francisco Conceicao,POR,FW,0,0,99
807,Aymen Dahmen,TUN,GK,0,0,100
807,Ao Tanaka,JPN,MF,0,0,100
809,David Doudera,CZE,DF,0,0,100
810,Riechedly Bazoer,CUW,DF,0,0,100
811,Tomas Araujo,POR,DF,0,0,100
812,Mouhib Chamakh,TUN,GK,0,0,100
813,Nkosinathi Sibisi,RSA,DF,0,0,101
814,Sherzod Nasrullaev,UZB,DF,0,0,101
815,Ruben Dias,POR,DF,0,0,101
815,Azizjon Ganiev,UZB,MF,0,0,101
815,Abduvohid Nematov,UZB,GK,0,0,101
818,Stjepan Radeljic,BIH,DF,0,0,101
819,Thomas Partey,GHA,MF,0,0,102
820,Baris Alper Yilmaz,TUR,FW,0,0,102
821,Joel Ordonez,ECU,DF,0,0,102
822,Fabian Ruiz,ESP,MF,0,0,102
823,Mahmoud Almardi,JOR,FW,0,0,102
824,Scott Mckenna,SCO,DF,0,0,102
825,Pedro Porro,ESP,DF,0,0,103
826,Sofyan Amrabat,MAR,MF,0,0,103
826,Redouane Halhal,MAR,DF,0,0,103
828,Liam Millar,CAN,MF,0,0,103
829,Jalal Hassan,IRQ,GK,0,0,103
830,Ibrahim Sangare,CIV,MF,0,0,103
831,Denis Zakaria,SUI,MF,0,0,103
832,Hossein Kanani,IRN,DF,0,0,103
833,Yunus Akgun,TUR,FW,0,0,103
834,Seko Fofana,CIV,MF,0,0,103
835,Takehiro Tomiyasu,JPN,DF,0,0,103
836,Damian Bobadilla,PAR,MF,0,0,103
837,Djibril Sow,SUI,MF,0,0,104
838,Ehsan Hajisafi,IRN,DF,0,0,104
839,Nicolas Raskin,BEL,MF,0,0,104
840,Marco Pasalic,CRO,FW,0,0,104
841,Utkir Yusupov,UZB,GK,0,0,105
842,Yusuf Abdurisag,QAT,FW,0,0,105
843,Theo Hernandez,FRA,DF,0,0,105
843,Aurelien Tchouameni,FRA,MF,0,0,105
845,Fabian Rieder,SUI,MF,0,0,106
846,Philipp Lienhart,AUT,DF,0,0,106
847,Gilberto Mora,MEX,MF,0,0,107
848,Ricardo Pepi,USA,FW,0,0,107
849,Anass Salah Eddine,MAR,DF,0,0,108
850,Ali Lajami,KSA,DF,0,0,108
851,Guela Doue,CIV,DF,0,0,109
852,Romelu Lukaku,BEL,FW,0,0,110
853,Silvan Widmer,SUI,DF,0,0,110
854,Marc Guehi,ENG,DF,0,0,111
855,Ngalayel Mukau,COD,MF,0,0,112
856,Odeh Fakhoury,JOR,FW,0,0,113
857,Mateo Kovacic,CRO,MF,0,0,113
858,Odilon Kossounou,CIV,DF,0,0,114
859,Karim Boudiaf,QAT,MF,0,0,114
860,Ryan Christie,SCO,MF,0,0,114
861,Julian Ryerson,NOR,FW,0,0,115
862,Kieran Tierney,SCO,DF,0,0,115
863,Musab Aljuwayr,KSA,MF,0,0,117
864,Hicham Boudaoui,ALG,MF,0,0,117
865,Desire Doue,FRA,FW,0,0,118
866,Paul Wanner,AUT,MF,0,0,118
867,Ahmed Qasem,IRQ,FW,0,0,119
868,Lee Taeseok,KOR,DF,0,0,120
869,Donyell Malen,NED,FW,0,0,122
870,Hwang Heechan,KOR,MF,0,0,123
871,Mohammed Abu Alshamat,KSA,DF,0,0,123
872,Ange Yoan Bonny,CIV,FW,0,0,124
873,Mert Muldur,TUR,DF,0,0,124
874,Elias Saad,TUN,FW,0,0,124
875,Jose Fajardo,PAN,FW,0,0,125
876,Lee Jaesung,KOR,MF,0,0,125
877,Christ Inao Oulai,CIV,MF,0,0,126
878,Kwasi Sibo,GHA,MF,0,0,126
879,Zaid Ismael,IRQ,MF,0,0,126
880,Fredrik Aursnes,NOR,MF,0,0,127
881,Benjamin Nygren,SWE,MF,0,0,127
882,Nasser Aldawsari,KSA,MF,0,0,129
883,Mohamed Toure,AUS,FW,0,0,129
884,Louicius Deedson,HAI,FW,0,0,129
885,Thiago Almada,ARG,FW,0,0,130
886,Jayden Adams,RSA,MF,0,0,130
887,Lautaro Martinez,ARG,FW,0,0,130
888,Milad Mohammadi,IRN,DF,0,0,131
889,Miguel Almiron,PAR,MF,0,0,131
890,Nico Oreilly,ENG,DF,0,0,133
891,Hamdy Fathy,EGY,MF,0,0,133
892,Zidane Iqbal,IRQ,MF,0,0,134
893,Homam Ahmed,QAT,DF,0,0,134
894,Ali Alhamadi,IRQ,FW,0,0,134
895,Lenny Joseph,HAI,FW,0,0,134
896,Edin Dzeko,BIH,FW,0,0,135
897,Relebohile Mofokeng,RSA,FW,0,0,135
898,David Alaba,AUT,DF,0,0,136
899,Tijjani Reijnders,NED,MF,0,0,136
900,Lukas Provod,CZE,MF,0,0,137
901,Ferran Torres,ESP,FW,0,0,137
902,Nabil Bentaleb,ALG,MF,0,0,138
903,James Rodriguez,COL,MF,0,0,139
904,Assim Madibo,QAT,MF,0,0,140
905,Jaroslav Zeleny,CZE,DF,0,0,142
906,Maxim De Cuyper,BEL,DF,0,0,142
907,Callum Mccowatt,NZL,MF,0,0,142
908,Brian Gutierrez,MEX,MF,0,0,143
909,Raphinha,BRA,FW,0,0,143
910,Kerem Akturkoglu,TUR,FW,0,0,143
911,Kenny Mclean,SCO,MF,0,0,144
912,Pape Gueye,SEN,MF,0,0,146
913,Luka Modric,CRO,MF,0,0,146
914,Luis Suarez,COL,FW,0,0,147
915,Tani Oluwaseyi,CAN,FW,0,0,147
916,Jesper Karlstrom,SWE,MF,0,0,147
917,Cristian Romero,ARG,DF,0,0,147
918,Lamine Camara,SEN,MF,0,0,148
919,Anthony Gordon,ENG,FW,0,0,148
920,Kevin Danso,AUT,DF,0,0,148
921,Josko Gvardiol,CRO,DF,0,0,150
922,Mohamed Amine Ben Hmida,TUN,DF,0,0,151
923,Abdullah Alkhaibari,KSA,MF,0,0,152
924,Evidence Makgopa,RSA,FW,0,0,152
925,Cameron Burgess,AUS,DF,0,0,152
926,Cedric Bakambu,COD,FW,0,0,152
927,Alan Franco,ECU,MF,0,0,152
928,Tomas Soucek,CZE,MF,0,0,152
929,Sphephelo Sithole,RSA,MF,0,0,152
930,Liberato Cacace,NZL,DF,0,0,153
931,Antonio Nusa,NOR,FW,0,0,153
932,Manuel Ugarte,URU,MF,0,0,153
933,Ismail Yuksek,TUR,MF,0,0,153
934,Alexander Bernhardsson,SWE,DF,0,0,153
935,Ibrahim Bayesh,IRQ,MF,0,0,154
936,Ritsu Doan,JPN,MF,0,0,154
937,Nahuel Molina,ARG,DF,0,0,154
938,Mohamed Kanno,KSA,MF,0,0,155
939,Akmal Mozgovoy,UZB,MF,0,0,155
940,Edo Kayembe,COD,MF,0,0,156
941,Juergen Locadia,CUW,FW,0,0,156
942,Saman Ghoddos,IRN,MF,0,0,157
943,John Yeboah,ECU,FW,0,0,158
944,Benjamin Asare,GHA,GK,0,0,158
945,Juan Manuel Sanabria,URU,MF,0,0,159
946,Kenan Yildiz,TUR,FW,0,0,159
947,Che Adams,SCO,FW,0,0,160
948,Ivan Sunjic,BIH,MF,0,0,160
949,Ismael Kone,CAN,MF,0,0,160
950,Feras Albrikan,KSA,FW,0,0,161
951,Diego Gomez,PAR,MF,0,0,161
952,Dan Ndoye,SUI,FW,0,0,162
953,Frenkie De Jong,NED,MF,0,0,162
954,Ahmed Fathy,QAT,MF,0,0,163
955,El Hadji Malick Diouf,SEN,DF,0,0,163
956,Sergino Dest,USA,DF,0,0,164
957,Jordan Ayew,GHA,FW,0,0,164
958,Thomas Meunier,BEL,DF,0,0,165
959,Zaid Tahseen,IRQ,DF,0,0,165
960,Gabriel Gudmundsson,SWE,DF,0,0,165
961,Cristian Martinez,PAN,MF,0,0,165
962,Alexander Sorloth,NOR,FW,0,0,165
963,Noni Madueke,ENG,FW,0,0,166
964,Leroy Sane,GER,MF,0,0,166
965,Jassem Gaber,QAT,DF,0,0,166
966,Sultan Albrake,QAT,DF,0,0,167
967,Aleksandar Pavlovic,GER,MF,0,0,167
968,Tahith Chong,CUW,MF,0,0,167
969,Michel Aebischer,SUI,MF,0,0,167
970,Frantzdy Pierrot,HAI,FW,0,0,168
971,Tomas Holes,CZE,DF,0,0,169
972,Ellyes Skhiri,TUN,MF,0,0,169
973,Jamiro Monteiro,CPV,MF,0,0,170
974,Ayoub Aloui,QAT,DF,0,0,170
975,Iqraam Rayners,RSA,FW,0,0,171
976,Federico Vinas,URU,FW,0,0,171
977,Carlens Arcus,HAI,DF,0,0,171
978,Adam Hlozek,CZE,FW,0,0,172
979,Lukas Cerv,CZE,MF,0,0,172
980,Edouard Mendy,SEN,GK,0,0,172
981,Nathan Ngoy,BEL,DF,0,0,173
982,Hussein Ali,IRQ,DF,0,0,174
983,Pedri,ESP,MF,0,0,174
984,Ali Ahmed,CAN,FW,0,0,174
985,Juan Jose Caceres,PAR,DF,0,0,174
986,Yan Valery,TUN,DF,0,0,175
987,Sarpreet Singh,NZL,MF,0,0,176
988,Vitinha,POR,MF,0,0,176
989,Jose Luis Rodriguez,PAN,MF,0,0,177
990,Omar Marmoush,EGY,FW,0,0,179
991,Jhon Arias,COL,MF,0,0,179
992,Ferdi Kadioglu,TUR,DF,0,0,179
993,Juninho Bacuna,CUW,MF,0,0,179
994,Deveron Fonville,CUW,DF,0,0,179
995,Enner Valencia,ECU,FW,0,0,180
996,Stefan Posch,AUT,DF,0,0,180
997,Jonathan Tah,GER,DF,0,0,181
998,Kalidou Koulibaly,SEN,DF,0,0,181
999,Tarik Muharemovic,BIH,DF,0,0,182
100,Rustam Ashurmatov,UZB,DF,0,0,182
100,Jacob Italiano,AUS,DF,0,0,183
100,Lawrence Shankland,SCO,FW,0,0,183
100,Son Heungmin,KOR,FW,0,0,183
100,Kevin De Bruyne,BEL,MF,0,0,184
100,Sidny Lopes Cabral,CPV,DF,0,0,185
100,Jiovany Ramos,PAN,DF,0,0,186
100,Samuel Moutoussamy,COD,MF,0,0,186
100,Abdallah Nasib,JOR,DF,0,0,186
100,Anis Slimane,TUN,MF,0,0,187
101,Cesar Blackman,PAN,DF,0,0,187
101,Ehsan Haddad,JOR,DF,0,0,187
101,Oswin Appollis,RSA,FW,0,0,187
101,Ibrahim Maza,ALG,MF,0,0,188
101,Mehdi Taremi,IRN,FW,0,0,189
101,Rayan Ait Nouri,ALG,DF,0,0,189
101,Antonee Robinson,USA,DF,0,0,190
101,Torbjorn Heggem,NOR,DF,0,0,190
101,Jules Kounde,FRA,DF,0,0,191
101,Azzedine Ounahi,MAR,MF,0,0,191
102,Aaron Wan Bissaka,COD,DF,0,0,191
102,Jordan Bos,AUS,DF,0,0,192
102,Rodri,ESP,MF,0,0,193
102,Saeid Ezatolahi,IRN,MF,0,0,194
102,Yan Diomande,CIV,FW,0,0,194
102,Ali Abdi,TUN,DF,0,0,194
102,Cesar Montes,MEX,DF,0,0,195
102,Abdulkerim Bardakci,TUR,DF,0,0,195
102,Mohannad Abutaha,JOR,MF,0,0,196
102,Ahmed Fatouh,EGY,DF,0,0,196
103,Idrissa Gana Gueye,SEN,MF,0,0,198
103,Akam Hashim,IRQ,DF,0,0,198
103,Merchas Doski,IRQ,DF,0,0,198
103,Hiroki Ito,JPN,DF,0,0,199
103,Zion Suzuki,JPN,GK,0,0,199
103,Edgar Yoel Barcenas,PAN,MF,0,0,199
103,Eldor Shomurodov,UZB,FW,0,0,199
103,Micky Van De Ven,NED,DF,0,0,199
103,Jan Paul Van Hecke,NED,DF,0,0,199
103,Bart Verbruggen,NED,GK,0,0,199
104,Saud Abdulhamid,KSA,DF,0,0,199
104,Moteb Alharbi,KSA,DF,0,0,199
104,Patrik Schick,CZE,FW,0,0,199
104,Marvin Senaya,GHA,DF,0,0,199
104,Leandro Bacuna,CUW,MF,0,0,199
104,Sherel Floranus,CUW,DF,0,0,199
104,Armando Obispo,CUW,DF,0,0,199
104,Eloy Room,CUW,GK,0,0,199
104,Dominik Livakovic,CRO,GK,0,0,200
104,Josip Sutalo,CRO,DF,0,0,200
105,Amar Dedic,BIH,DF,0,0,200
105,Montassar Talbi,TUN,DF,0,0,200
105,Noussair Mazraoui,MAR,DF,0,0,200
105,Isak Hien,SWE,DF,0,0,200
105,Gustaf Lagerbielke,SWE,DF,0,0,200
105,Victor Lindelof,SWE,DF,0,0,200
105,Kristoffer Nordfeldt,SWE,GK,0,0,200
105,Mike Maignan,FRA,GK,0,0,201
105,William Saliba,FRA,DF,0,0,201
105,Dayot Upamecano,FRA,DF,0,0,201
106,Johan Vasquez,MEX,DF,0,0,201
106,Steve Kapuadi,COD,DF,0,0,201
106,Chancel Mbemba,COD,DF,0,0,201
106,Lionel Mpasi,COD,GK,0,0,201
106,Axel Tuanzebe,COD,DF,0,0,201
106,Renato Veiga,POR,DF,0,0,201
106,Diogo Costa,POR,GK,0,0,201
106,Marko Stamenic,NZL,MF,0,0,201
106,Pau Cubarsi,ESP,DF,0,0,202
106,Marc Cucurella,ESP,DF,0,0,202
106,Unai Simon,ESP,GK,0,0,202
107,Rafik Belghali,ALG,DF,0,0,202
107,Ramy Bensebaini,ALG,DF,0,0,202
107,Fares Chaibi,ALG,MF,0,0,202
107,Aissa Mandi,ALG,DF,0,0,202
107,Luca Zidane,ALG,GK,0,0,202
107,Moises Caicedo,ECU,MF,0,0,202
107,Hernan Galindez,ECU,GK,0,0,202
107,Piero Hincapie,ECU,DF,0,0,202
107,Willian Pacho,ECU,DF,0,0,202
107,Gonzalo Plata,ECU,FW,0,0,202
107,Pedro Vite,ECU,MF,0,0,202
108,Thibaut Courtois,BEL,GK,0,0,202
108,Brandon Mechele,BEL,DF,0,0,202
108,Youri Tielemans,BEL,MF,0,0,202
108,Leandro Trossard,BEL,FW,0,0,202
108,Behruzjon Karimov,UZB,DF,0,0,203
108,Otabek Shukurov,UZB,MF,0,0,203
108,Yasser Ibrahim,EGY,DF,0,0,203
108,Marawan Attia,EGY,MF,0,0,203
108,Mohanad Lashin,EGY,MF,0,0,203
108,Mostafa Shoubir,EGY,GK,0,0,203
109,Grant Hanley,SCO,DF,0,0,203
109,Nathan Patterson,SCO,DF,0,0,204
109,Ben Gannon Doak,SCO,FW,0,0,204
109,Enzo Fernandez,ARG,MF,0,0,204
109,Alexis Mac Allister,ARG,MF,0,0,204
109,Emiliano Martinez,ARG,GK,0,0,204
109,Lisandro Martinez,ARG,DF,0,0,204
109,Reece James,ENG,DF,0,0,204
109,Ezri Konsa,ENG,DF,0,0,204
109,Jordan Pickford,ENG,GK,0,0,204
110,Manuel Neuer,GER,GK,0,0,204
110,Shoja Khalilzadeh,IRN,DF,0,0,204
110,Ali Nemati,IRN,DF,0,0,204
110,Alireza Beiranvand,IRN,GK,0,0,204
110,Andres Andrade,PAN,DF,0,0,204
110,Jose Cordoba,PAN,DF,0,0,204
110,Carlos Harvey,PAN,DF,0,0,204
110,Orlando Mosquera,PAN,GK,0,0,204
110,Amir Murillo,PAN,DF,0,0,204
111,Salem Aldawsari,KSA,FW,0,0,205
111,Mohammed Alowais,KSA,GK,0,0,205
111,Hassan Altambakti,KSA,DF,0,0,205
111,Patrick Beach,AUS,GK,0,0,205
111,Alessandro Circati,AUS,DF,0,0,205
111,Aiden Oneill,AUS,MF,0,0,205
111,Harry Souttar,AUS,DF,0,0,205
111,Ryan Mendes,CPV,FW,0,0,205
111,Vozinha,CPV,GK,0,0,205
111,Pico Lopes,CPV,DF,0,0,205
111,Diney Borges,CPV,DF,0,0,205
111,Steven Moreira,CPV,DF,0,0,205
112,Joe Bell,NZL,MF,0,0,205
112,Michael Boxall,NZL,DF,0,0,205
112,Max Crocombe,NZL,GK,0,0,205
112,Ayyoub Bouaddi,MAR,MF,0,0,205
112,Issa Diop,MAR,DF,0,0,205
112,Jefferson Lerma,COL,MF,0,0,206
112,Jhon Lucumi,COL,DF,0,0,206
112,Johan Mojica,COL,DF,0,0,206
112,Davinson Sanchez,COL,DF,0,0,206
112,Camilo Vargas,COL,GK,0,0,206
113,Weston Mckennie,USA,MF,0,0,206
113,Abdulla Abdullaev,UZB,DF,0,0,206
113,Abdukodir Khusanov,UZB,DF,0,0,206
113,Emmanuel Agbadou,CIV,DF,0,0,206
113,Yahia Fofana,CIV,GK,0,0,206
113,Ghislain Konan,CIV,DF,0,0,206
113,Kristoffer Ajer,NOR,DF,0,0,207
113,Sander Berge,NOR,MF,0,0,207
113,Orjan Nyland,NOR,GK,0,0,207
114,Josue Casimir,HAI,FW,0,0,208
114,Rodrigo Bentancur,URU,MF,0,0,208
114,Sebastian Caceres,URU,DF,0,0,208
114,Fernando Muslera,URU,GK,0,0,208
114,Mathias Olivera,URU,DF,0,0,208
114,Federico Valverde,URU,MF,0,0,208
114,Guillermo Varela,URU,DF,0,0,208
114,Ugurcan Cakir,TUR,GK,0,0,208
114,Hakan Calhanoglu,TUR,MF,0,0,208
114,Merih Demiral,TUR,DF,0,0,208
114,Arda Guler,TUR,FW,0,0,208
115,Tyler Adams,USA,MF,0,0,209
115,Matt Freese,USA,GK,0,0,209
115,Tim Ream,USA,DF,0,0,209
115,Chris Richards,USA,DF,0,0,209
115,Pavel Sulc,CZE,FW,0,0,209
115,Jonas Adjetey,GHA,DF,0,0,209
115,Gideon Mensah,GHA,DF,0,0,209
115,Jerome Opoku,GHA,DF,0,0,209
115,Antoine Semenyo,GHA,MF,0,0,209
116,Yazeed Abulaila,JOR,GK,0,0,209
116,Yazan Alarab,JOR,DF,0,0,209
116,Krepin Diatta,SEN,DF,0,0,210
116,Moussa Niakhate,SEN,DF,0,0,210
116,Konrad Laimer,AUT,MF,0,0,211
116,Marcel Sabitzer,AUT,MF,0,0,211
116,Alexander Schlager,AUT,GK,0,0,211
116,Nicolas Seiwald,AUT,MF,0,0,211
117,Omar Alderete,PAR,DF,0,0,212
117,Junior Alonso,PAR,DF,0,0,212
117,Andres Cubas,PAR,MF,0,0,212
117,Orlando Gill,PAR,GK,0,0,212
117,Gustavo Gomez,PAR,DF,0,0,212
117,Esmir Bajraktarevic,BIH,FW,0,0,213
117,Paik Seungho,KOR,MF,0,0,216
117,Benjamin Tahirovic,BIH,MF,0,0,217
117,Israel Reyes,MEX,DF,0,0,217
117,Jesus Gallardo,MEX,DF,0,0,219
118,Edson Alvarez,MEX,DF,0,0,221
118,Casemiro,BRA,MF,0,0,221
118,Amar Memic,BIH,MF,0,0,228
118,Tajon Buchanan,CAN,FW,0,0,231
118,Ruben Providence,HAI,FW,0,0,237
118,Stephen Eustaquio,CAN,MF,0,0,239
118,Thalente Mbatha,RSA,MF,0,0,242
118,Derek Cornelius,CAN,DF,0,0,251
118,Andy Robertson,SCO,DF,0,0,255
118,Danilo,BRA,DF,0,0,259
119,Nikola Katic,BIH,DF,0,0,268
119,Kim Minjae,KOR,DF,0,0,268
119,Akram Afif,QAT,FW,0,0,269
119,Seol Youngwoo,KOR,DF,0,0,274
119,Bilal El Khannouss,MAR,MF,0,0,274
119,Luc De Fougerolles,CAN,DF,0,0,277
119,Aubrey Modiba,RSA,DF,0,0,281
119,Raul Rangel,MEX,GK,0,0,282
119,Danley Jean Jacques,HAI,MF,0,0,288
119,Ermedin Demirovic,BIH,FW,0,0,289
120,Richie Laryea,CAN,DF,0,0,292
120,Jean Ricner Bellegarde,HAI,MF,0,0,292
120,Neil El Aynaoui,MAR,MF,0,0,293
120,Douglas Santos,BRA,DF,0,0,293
120,Remo Freuler,SUI,MF,0,0,294
120,Ricardo Rodriguez,SUI,DF,0,0,294
120,Kim Seunggyu,KOR,GK,0,0,300
120,Lee Hanbeom,KOR,DF,0,0,300
120,Lee Gihyuk,KOR,MF,0,0,300
120,Robin Hranac,CZE,DF,0,0,301
120,Matej Kovar,CZE,GK,0,0,301
121,Nikola Vasilj,BIH,GK,0,0,301
121,Mbekezeli Mbokazi,RSA,DF,0,0,302
121,Khuliso Mudau,RSA,DF,0,0,302
121,Ime Okon,RSA,DF,0,0,302
121,Ronwen Williams,RSA,GK,0,0,302
121,Manuel Akanji,SUI,DF,0,0,303
121,Nico Elvedi,SUI,DF,0,0,303
121,Gregor Kobel,SUI,GK,0,0,303
121,Maxime Crepeau,CAN,GK,0,0,306
122,Alistair Johnston,CAN,DF,0,0,306
122,Lewis Ferguson,SCO,MF,0,0,306
122,Angus Gunn,SCO,GK,0,0,306
122,Jack Hendry,SCO,DF,0,0,306
122,Scott Mctominay,SCO,MF,0,0,306
122,Ricardo Ade,HAI,DF,0,0,306
122,Hannes Delcroix,HAI,DF,0,0,306
122,Martin Experience,HAI,DF,0,0,306
122,Johny Placide,HAI,GK,0,0,306
122,Marquinhos,BRA,DF,0,0,308
122,Alisson,BRA,GK,0,0,308
122,Gabriel Magalhaes,BRA,DF,0,0,308
123,Yassine Bounou,MAR,GK,0,0,308
123,Mahmoud Abunada,QAT,GK,0,0,310
123,Pedro Miguel,QAT,DF,0,0,310
123,Boualem Khoukhi,QAT,DF,0,0,310
123,Issa Laye,QAT,DF,0,0,310
