Posição,Jogador,País,Posição Campo,Pedidos de bola,Pedidos atrás,Pedidos entre,Pedidos na frente,Pedidos dentro da forma coletiva,Pedidos fora da forma coletiva,Recepções atrás,Recepções entre as linhas defensiva e de meio-campo,Recepções sob pressão,Participações do jogador
1,Neil El Aynaoui,MAR,MF,216,27,66,123,152,64,1,16,88,404
2,Lewis Ferguson,SCO,MF,210,1,73,136,146,64,0,1,44,427
3,Arda Guler,TUR,FW,189,19,80,90,107,82,4,27,75,348
3,Pedro Vite,ECU,MF,189,9,82,98,115,74,1,17,50,352
5,Daniel Munoz,COL,DF,188,65,62,61,22,166,4,20,29,221
5,Ismael Saibari,MAR,MF,188,95,78,15,111,77,8,44,62,187
7,Bruno Guimaraes,BRA,MF,183,28,99,56,138,45,4,30,53,278
7,Julian Quinones,MEX,FW,183,76,88,19,88,95,3,58,100,226
9,Hwang Inbeom,KOR,MF,177,12,64,101,135,42,3,11,68,459
10,Lee Kangin,KOR,MF,161,12,71,78,62,99,0,42,108,376
11,Vinicius Junior,BRA,FW,160,73,68,19,72,88,13,49,77,228
12,Oswin Appollis,RSA,FW,155,59,79,17,71,84,0,30,48,158
13,Achraf Hakimi,MAR,DF,154,37,80,37,60,94,7,53,92,482
14,Lucas Paqueta,BRA,MF,150,12,78,60,86,64,0,13,57,313
14,Remo Freuler,SUI,MF,150,28,59,63,114,36,3,16,63,368
16,Anis Slimane,TUN,MF,148,33,77,38,124,24,0,18,29,131
17,Granit Xhaka,SUI,MF,147,1,51,95,103,44,0,18,49,508
18,Bruno Fernandes,POR,MF,144,32,75,37,87,57,3,41,55,341
19,Pedri,ESP,MF,143,20,46,77,107,36,4,28,59,377
20,Elliot Anderson,ENG,MF,140,5,35,100,105,35,1,4,66,282
21,Azzedine Ounahi,MAR,MF,139,34,57,48,78,61,1,34,49,247
22,Luis Diaz,COL,FW,135,64,61,10,62,73,5,41,44,169
23,Paik Seungho,KOR,MF,134,4,43,87,92,42,1,10,67,317
24,Kevin De Bruyne,BEL,MF,133,53,46,34,68,65,4,35,43,220
24,Stephen Eustaquio,CAN,MF,133,18,36,79,71,62,1,21,54,367
26,Amine Gouiri,ALG,FW,127,37,80,10,99,28,2,21,28,90
26,Roberto Alvarado,MEX,FW,127,43,60,24,49,78,3,45,59,267
28,Weston Mckennie,USA,MF,126,40,67,19,63,63,10,37,66,199
29,Ibrahim Maza,ALG,MF,125,22,70,33,81,44,4,30,70,194
29,Marc Cucurella,ESP,DF,125,67,29,29,37,88,11,50,33,277
31,Fares Chaibi,ALG,MF,123,28,61,34,70,53,4,33,62,244
32,Gonzalo Plata,ECU,FW,122,21,86,15,84,38,3,58,48,222
33,Jude Bellingham,ENG,MF,119,28,64,27,93,26,2,21,47,126
34,Daichi Kamada,JPN,MF,118,14,48,56,63,55,0,20,26,196
34,Alistair Johnston,CAN,DF,118,36,35,47,28,90,7,34,43,323
36,Scott Mctominay,SCO,MF,117,37,45,35,71,46,0,32,64,226
37,Martin Experience,HAI,DF,116,41,45,30,32,84,1,25,47,243
38,Hannibal Mejbri,TUN,MF,114,18,71,25,63,51,1,22,47,205
38,Martin Odegaard,NOR,MF,114,13,68,33,75,39,4,31,42,206
38,Elijah Just,NZL,MF,114,28,74,12,70,44,1,26,39,139
41,Jonathan David,CAN,FW,113,41,51,21,72,41,9,54,59,183
41,Kai Havertz,GER,FW,113,56,46,11,68,45,4,42,48,163
43,Fabian Ruiz,ESP,MF,112,15,40,57,72,40,2,12,30,227
44,Kylian Mbappe,FRA,FW,111,56,31,24,75,36,7,49,43,159
45,Konrad Laimer,AUT,MF,110,38,50,22,56,54,5,26,64,202
45,Teboho Mokoena,RSA,MF,110,7,37,66,65,45,0,5,55,308
47,Jean Ricner Bellegarde,HAI,MF,109,8,53,48,82,27,0,17,58,299
47,Sarpreet Singh,NZL,MF,109,31,60,18,49,60,1,48,54,165
47,Youri Tielemans,BEL,MF,109,37,36,36,80,29,2,24,38,228
50,Joao Neves,POR,MF,108,35,34,39,81,27,2,22,57,311
50,Rodrigo De Paul,ARG,MF,108,11,54,43,53,55,2,13,41,225
52,Rodrigo Bentancur,URU,MF,107,19,39,49,87,20,0,12,48,294
53,Vitinha,POR,MF,106,4,38,64,80,26,0,3,50,464
54,Reece James,ENG,DF,104,20,34,50,46,58,3,12,25,256
54,Nicolas Seiwald,AUT,MF,104,11,30,63,72,32,1,4,42,239
54,Agustin Canobbio,URU,MF,104,50,39,15,30,74,5,37,44,147
54,Ferran Torres,ESP,FW,104,48,35,21,85,19,5,37,20,112
58,Matheus Cunha,BRA,FW,103,28,55,20,81,22,1,28,44,154
59,Maxi Araujo,URU,MF,102,62,32,8,56,46,7,26,39,113
59,Bilal El Khannouss,MAR,MF,102,21,66,15,32,70,5,49,68,329
59,Josip Stanisic,CRO,DF,102,26,32,44,20,82,2,13,28,165
59,Nathaniel Brown,GER,DF,102,40,32,30,43,59,5,29,49,184
63,Thiago Almada,ARG,FW,100,26,52,22,75,25,0,18,42,155
63,Ruben Providence,HAI,FW,100,31,61,8,44,56,4,27,47,144
63,Pavel Sulc,CZE,FW,100,39,59,2,55,45,4,36,47,129
63,Otabek Shukurov,UZB,MF,100,2,51,47,67,33,0,5,41,195
67,Michel Aebischer,SUI,MF,98,24,51,23,59,39,2,25,26,166
67,Gustavo Puerta,COL,DF,98,22,42,34,42,56,2,15,30,235
69,Danilo,BRA,DF,97,27,24,46,22,75,3,9,34,344
69,Moises Caicedo,ECU,MF,97,5,47,45,78,19,0,17,32,367
69,Tijjani Reijnders,NED,MF,97,31,36,30,64,33,0,16,22,91
69,Son Heungmin,KOR,FW,97,51,34,12,70,27,6,35,50,142
69,Lawrence Shankland,SCO,FW,97,46,45,6,80,17,1,29,30,83
69,Ferdi Kadioglu,TUR,DF,97,30,33,34,36,61,2,32,41,353
69,Marawan Attia,EGY,MF,97,3,28,66,47,50,0,14,55,292
69,Ayyoub Bouaddi,MAR,MF,97,7,27,63,58,39,0,11,67,284
77,Noni Madueke,ENG,FW,96,42,41,13,21,75,5,32,30,129
77,Tyler Adams,USA,MF,96,1,18,77,70,26,0,7,35,260
77,Folarin Balogun,USA,FW,96,44,50,2,72,24,11,33,39,90
77,Ayase Ueda,JPN,FW,96,50,44,2,85,11,2,21,31,60
81,Keito Nakamura,JPN,MF,95,35,46,14,17,78,1,32,44,153
81,Aleksandar Pavlovic,GER,MF,95,3,36,56,68,27,0,13,36,298
81,Frenkie De Jong,NED,MF,95,1,23,71,67,28,0,2,35,264
81,Callum Mccowatt,NZL,MF,95,29,48,18,46,49,3,21,41,153
85,Rodri,ESP,MF,94,3,19,72,66,28,1,16,88,505
85,Ali Ahmed,CAN,FW,94,42,39,13,31,63,4,40,33,153
85,Federico Vinas,URU,FW,94,51,38,5,71,23,4,16,19,63
85,Facundo Medina,ARG,DF,94,19,29,46,13,81,1,11,26,180
85,Sergino Dest,USA,DF,94,46,36,12,41,53,2,35,30,143
90,Edson Alvarez,MEX,DF,93,2,27,64,66,27,0,2,35,265
90,Guillermo Varela,URU,DF,93,30,32,31,18,75,4,23,28,228
90,Ramin Rezaeian,IRN,DF,93,11,36,46,14,79,2,9,26,159
90,Lamine Camara,SEN,MF,93,24,46,23,66,27,1,19,51,145
94,Brahim Diaz,MAR,FW,92,32,47,13,49,43,3,48,70,223
94,Edgar Yoel Barcenas,PAN,MF,92,4,52,36,64,28,1,9,39,208
94,Amir Murillo,PAN,DF,92,33,40,19,13,79,5,19,43,193
94,Jamal Musiala,GER,MF,92,14,55,23,71,21,5,32,56,133
98,Cedric Bakambu,COD,FW,91,52,39,0,69,22,2,22,21,47
98,Kaishu Sano,JPN,MF,91,4,22,65,72,19,1,4,27,220
100,Brian Gutierrez,MEX,MF,90,20,53,17,62,28,1,20,27,100
101,Breel Embolo,SUI,FW,89,60,29,0,80,9,8,38,49,100
101,Anthony Gordon,ENG,FW,89,32,40,17,38,51,3,30,41,93
103,Enzo Fernandez,ARG,MF,88,11,38,39,54,34,1,26,27,298
103,Omar Marmoush,EGY,FW,88,44,42,2,55,33,3,34,39,102
103,Riyad Mahrez,ALG,FW,88,45,30,13,34,54,3,18,41,130
106,Sadio Mane,SEN,FW,87,47,32,8,40,47,5,39,52,159
107,Nicolas Jackson,SEN,FW,86,49,28,9,66,20,4,24,29,85
107,Raphinha,BRA,FW,86,39,41,6,40,46,5,28,37,120
107,Seol Youngwoo,KOR,DF,86,42,38,6,42,44,9,39,58,258
107,Vladimir Coufal,CZE,DF,86,42,29,15,11,75,3,27,44,252
111,Gavi,ESP,MF,85,26,42,17,60,25,1,20,20,68
111,Kerim Alajbegovic,BIH,FW,85,23,48,14,21,64,2,36,54,159
111,Cristiano Ronaldo,POR,FW,85,48,32,5,66,19,4,27,30,99
111,Romano Schmid,AUT,MF,85,27,47,11,44,41,3,25,45,119
111,Erik Lira,MEX,MF,85,0,45,40,65,20,0,8,30,193
111,Jefferson Lerma,COL,MF,85,0,20,65,73,12,0,5,28,225
117,Gilberto Mora,MEX,MF,84,15,48,21,55,29,0,16,20,89
117,Manuel Ugarte,URU,MF,84,1,17,66,64,20,0,3,53,263
117,Malik Tillman,USA,MF,84,15,49,20,53,31,6,41,61,228
117,Richie Laryea,CAN,DF,84,32,28,24,35,49,6,18,36,315
117,Ermedin Demirovic,BIH,FW,84,51,26,7,67,17,3,32,47,97
122,Chris Wood,NZL,FW,83,33,49,1,58,25,0,47,45,100
122,Aubrey Modiba,RSA,DF,83,21,43,19,17,66,1,20,33,218
122,Juan Manuel Sanabria,URU,MF,83,51,24,8,21,62,5,26,41,201
122,Akram Afif,QAT,FW,83,23,54,6,42,41,2,40,69,217
126,Emam Ashour,EGY,MF,82,26,46,10,37,45,4,27,28,190
126,Tani Oluwaseyi,CAN,FW,82,64,17,1,66,16,1,27,32,67
128,Luis Suarez,COL,FW,81,36,45,0,76,5,1,17,19,46
128,Xaver Schlager,AUT,MF,81,2,30,49,63,18,0,7,41,226
130,Pedro Neto,POR,FW,80,37,32,11,19,61,6,36,24,144
130,Fredrik Aursnes,NOR,MF,80,19,38,23,56,24,1,7,27,97
130,Leandro Trossard,BEL,FW,80,27,36,17,40,40,2,48,50,225
130,Florian Wirtz,GER,MF,80,28,34,18,40,40,3,62,58,315
130,Rayan Ait Nouri,ALG,DF,80,21,32,27,21,59,4,29,53,262
130,Junya Ito,JPN,MF,80,26,35,19,39,41,4,29,38,147
130,Andres Andrade,PAN,DF,80,3,23,54,16,64,0,1,64,304
130,Luis Romo,MEX,MF,80,18,36,26,56,24,1,7,46,140
138,Romelu Lukaku,BEL,FW,79,44,33,2,69,10,1,24,23,53
138,Jules Kounde,FRA,DF,79,34,21,24,30,49,2,23,24,234
138,Hakan Calhanoglu,TUR,MF,79,8,27,44,53,26,2,9,54,420
138,Orkun Kokcu,TUR,MF,79,14,35,30,55,24,1,17,25,120
142,Marcel Sabitzer,AUT,MF,78,29,45,4,31,47,4,45,38,197
142,Johan Mojica,COL,DF,78,15,33,30,5,73,1,17,45,226
142,Aymen Hussein,IRQ,FW,78,47,28,3,59,19,1,20,18,43
142,Salem Aldawsari,KSA,FW,78,44,28,6,42,36,1,37,36,137
146,Ali Alhamadi,IRQ,FW,77,39,36,2,61,16,5,18,27,75
146,Ivan Basic,BIH,MF,77,2,22,53,58,19,0,7,37,234
148,Ryan Mendes,CPV,FW,76,23,45,8,30,46,0,13,28,76
148,Zidane Iqbal,IRQ,MF,76,0,43,33,62,14,0,4,18,196
148,Michael Olise,FRA,FW,76,14,45,17,48,28,2,27,54,220
151,Mohamed Hany,EGY,DF,75,19,38,18,12,63,3,23,43,231
151,Chadi Riad,MAR,DF,75,0,3,72,46,29,0,2,19,357
153,Tahith Chong,CUW,MF,74,22,48,4,48,26,1,25,53,111
153,Ben Gannon Doak,SCO,FW,74,39,24,11,21,53,5,30,44,142
153,Joao Felix,POR,FW,74,25,31,18,51,23,2,17,31,64
156,Zaid Ismael,IRQ,MF,73,2,28,43,60,13,0,7,32,150
156,Danley Jean Jacques,HAI,MF,73,2,27,44,36,37,0,11,30,243
156,Yasin Ayari,SWE,MF,73,9,34,30,53,20,2,19,53,141
156,Antonee Robinson,USA,DF,73,23,22,28,9,64,4,27,39,247
156,Federico Valverde,URU,MF,73,22,27,24,34,39,1,31,50,244
161,Nahuel Molina,ARG,DF,72,23,32,17,16,56,0,14,43,139
161,Johan Manzambi,SUI,MF,72,27,37,8,49,23,5,23,41,110
161,Abbosbek Fayzullaev,UZB,MF,72,27,38,7,47,25,0,22,26,76
161,Akmal Mozgovoy,UZB,MF,72,7,45,20,51,21,1,11,29,115
161,Baris Alper Yilmaz,TUR,FW,72,45,23,4,26,46,6,28,37,86
161,Marko Stamenic,NZL,MF,72,4,23,45,52,20,0,9,35,236
161,Ali Abdi,TUN,DF,72,36,33,3,16,56,4,12,31,101
168,Cyle Larin,CAN,FW,71,41,19,11,46,25,1,23,30,63
168,Merchas Doski,IRQ,DF,71,12,32,27,17,54,0,8,43,225
168,Desire Doue,FRA,FW,71,22,31,18,24,47,1,15,12,114
168,Yunus Akgun,TUR,FW,71,35,29,7,36,35,0,24,24,117
168,Kerem Akturkoglu,TUR,FW,71,57,12,2,66,5,2,18,20,45
168,Carlos Harvey,PAN,DF,71,7,30,34,48,23,1,18,36,202
168,John Yeboah,ECU,FW,71,25,36,10,24,47,1,38,61,165
168,Josue Casimir,HAI,FW,71,39,29,3,35,36,2,20,46,121
176,Ibrahim Bayesh,IRQ,MF,70,36,30,4,31,39,2,17,26,92
176,Lee Gihyuk,KOR,MF,70,0,7,63,21,49,0,2,71,500
176,Tajon Buchanan,CAN,FW,70,40,25,5,14,56,9,56,62,171
176,Viktor Gyokeres,SWE,FW,70,44,25,1,43,27,8,47,37,113
176,Ryan Gravenberch,NED,MF,70,18,37,15,51,19,2,16,31,127
176,Thomas Meunier,BEL,DF,70,27,20,23,20,50,4,19,30,188
182,Leroy Sane,GER,MF,69,30,32,7,21,48,2,43,53,194
182,Martin Baturina,CRO,MF,69,25,33,11,33,36,2,28,47,133
182,Raul Jimenez,MEX,FW,69,38,31,0,48,21,5,35,39,96
182,James Rodriguez,COL,MF,69,10,33,26,34,35,2,21,23,226
182,Esmir Bajraktarevic,BIH,FW,69,29,33,7,27,42,4,28,45,128
187,Joe Bell,NZL,MF,68,0,39,29,47,21,0,5,27,225
187,Edmilson Junior,QAT,FW,68,40,25,3,21,47,8,16,38,106
187,Mohammad Mohebbi,IRN,MF,68,35,25,8,25,43,2,24,32,92
187,Jorge Sanchez,MEX,DF,68,22,23,23,16,52,1,14,17,159
187,Jesus Gallardo,MEX,DF,68,14,26,28,9,59,2,21,20,212
187,Cesar Blackman,PAN,DF,68,10,47,11,7,61,1,23,51,172
187,Mohamed Salah,EGY,FW,68,27,36,5,44,24,2,44,45,140
194,Franck Kessie,CIV,MF,67,13,39,15,47,20,0,11,25,197
194,Michal Sadilek,CZE,MF,67,15,26,26,35,32,2,16,36,201
194,Lukas Cerv,CZE,MF,67,2,28,37,54,13,0,4,18,97
194,Alexander Isak,SWE,FW,67,30,35,2,53,14,7,32,43,123
198,Eldor Shomurodov,UZB,FW,66,29,32,5,46,20,0,37,34,101
198,Mikel Oyarzabal,ESP,FW,66,50,13,3,49,17,5,33,35,83
198,Alexandr Sojka,CZE,MF,66,10,36,20,26,40,0,24,44,155
198,Fabian Rieder,SUI,MF,66,26,36,4,42,24,2,19,32,86
198,Iqraam Rayners,RSA,FW,66,48,17,1,42,24,3,24,25,57
198,Yan Diomande,CIV,FW,66,15,44,7,18,48,2,51,66,190
198,Nuno Mendes,POR,DF,66,25,29,12,21,45,7,31,46,308
198,Samuel Moutoussamy,COD,MF,66,2,46,18,52,14,0,10,22,120
198,Lee Jaesung,KOR,MF,66,18,38,10,43,23,4,28,40,137
207,Musab Aljuwayr,KSA,MF,65,15,47,3,36,29,1,19,37,105
207,Oh Hyeongyu,KOR,FW,65,35,27,3,52,13,3,22,26,62
207,Nicolas Pepe,CIV,FW,65,22,38,5,51,14,0,18,26,81
207,Pau Cubarsi,ESP,DF,65,0,0,65,38,27,0,1,34,436
211,Ricardo Rodriguez,SUI,DF,64,30,21,13,10,54,3,23,39,362
211,Thalente Mbatha,RSA,MF,64,10,26,28,46,18,1,8,32,170
211,Amad Diallo,CIV,FW,64,21,33,10,17,47,2,25,27,94
211,Amir Alammari,IRQ,MF,64,4,26,34,43,21,1,5,20,200
211,Paul Wanner,AUT,MF,64,13,28,23,52,12,3,15,38,107
216,Che Adams,SCO,FW,63,34,26,3,56,7,3,9,16,41
216,Ivan Perisic,CRO,FW,63,37,17,9,23,40,8,27,27,159
216,Thapelo Maseko,RSA,FW,63,30,30,3,30,33,1,29,28,98
216,Jesper Karlstrom,SWE,MF,63,2,22,39,41,22,0,4,20,79
216,Benjamin Nygren,SWE,MF,63,15,45,3,40,23,1,11,20,79
216,Enner Valencia,ECU,FW,63,34,24,5,37,26,8,27,26,79
216,Jose Luis Rodriguez,PAN,MF,63,24,33,6,26,37,8,34,33,120
223,Jhon Arias,COL,MF,62,12,30,20,36,26,1,25,41,202
223,Kenan Yildiz,TUR,FW,62,28,18,16,19,43,2,74,109,248
225,Pape Gueye,SEN,MF,61,7,28,26,47,14,1,9,49,179
225,Jassem Gaber,QAT,DF,61,5,41,15,47,14,0,5,18,69
227,Hicham Boudaoui,ALG,MF,60,15,23,22,28,32,1,4,26,160
227,Mousa Altamari,JOR,FW,60,41,17,2,37,23,5,26,36,69
227,Behruzjon Karimov,UZB,DF,60,8,42,10,7,53,1,12,30,125
227,Stefan Posch,AUT,DF,60,20,27,13,12,48,3,8,51,148
227,Alvaro Fidalgo,MEX,MF,60,5,39,16,31,29,0,15,12,104
232,Cristian Martinez,PAN,MF,59,24,26,9,23,36,4,28,18,122
232,Lionel Messi,ARG,FW,59,13,34,12,39,20,1,50,50,207
232,Alex Baena,ESP,MF,59,29,19,11,33,26,5,25,11,101
232,Benjamin Tahirovic,BIH,MF,59,3,39,17,47,12,2,8,39,152
232,Djibril Sow,SUI,MF,59,13,37,9,38,21,0,4,22,75
232,Aaron Wan Bissaka,COD,DF,59,21,28,10,14,45,3,9,30,132
232,Ramy Bensebaini,ALG,DF,59,0,1,58,28,31,0,1,28,367
232,Luka Modric,CRO,MF,59,11,13,35,49,10,1,6,12,218
232,Andy Robertson,SCO,DF,59,17,27,15,8,51,2,24,42,316
232,Sebastian Tounekti,TUN,MF,59,16,41,2,45,14,1,10,13,38
232,Ayoub El Kaabi,MAR,FW,59,45,12,2,39,20,2,10,14,31
243,Mostafa Zico,EGY,MF,58,30,24,4,20,38,3,35,25,125
243,Zeki Celik,TUR,DF,58,22,15,21,12,46,2,6,14,75
243,Dan Ndoye,SUI,FW,58,33,25,0,29,29,7,46,44,128
243,Declan Rice,ENG,MF,58,17,20,21,39,19,2,13,38,199
243,David Moller Wolfe,NOR,DF,58,6,30,22,23,35,1,8,35,140
243,Antonio Nusa,NOR,FW,58,13,40,5,17,41,1,17,29,82
243,Karim Boudiaf,QAT,MF,58,7,34,17,31,27,0,5,19,143
243,Mahmoud Almardi,JOR,FW,58,18,37,3,37,21,3,14,27,83
251,Hwang Heechan,KOR,MF,57,15,28,14,28,29,1,18,29,105
251,Ao Tanaka,JPN,MF,57,2,12,43,51,6,0,3,22,155
251,Gabriel Martinelli,BRA,FW,57,10,27,20,34,23,1,6,13,57
254,Lautaro Martinez,ARG,FW,56,25,24,7,44,12,1,18,21,58
254,Lee Taeseok,KOR,DF,56,32,20,4,18,38,3,14,20,103
254,Francisco Conceicao,POR,FW,56,30,23,3,15,41,5,44,38,130
254,Kenny Mclean,SCO,MF,56,2,24,30,42,14,1,4,21,137
258,Alex Freeman,USA,DF,55,3,17,35,12,43,1,12,45,301
258,Christ Inao Oulai,CIV,MF,55,0,30,25,31,24,0,13,34,136
258,Wilson Isidor,HAI,FW,55,34,18,3,43,12,1,18,22,64
258,Nicolas Raskin,BEL,MF,55,2,14,39,36,19,0,1,13,182
258,Nathan Patterson,SCO,DF,55,10,19,26,10,45,0,10,21,222
258,Nico Oreilly,ENG,DF,55,12,23,20,22,33,1,9,38,128
258,Mehdi Taremi,IRN,FW,55,30,18,7,43,12,2,33,42,124
258,Edo Kayembe,COD,MF,55,6,33,16,35,20,1,15,30,92
266,Odeh Fakhoury,JOR,FW,54,27,24,3,27,27,2,7,13,37
266,Ritsu Doan,JPN,MF,54,27,18,9,24,30,2,23,33,107
266,Connor Metcalfe,AUS,MF,54,15,36,3,39,15,0,19,25,83
266,Aymeric Laporte,ESP,DF,54,4,2,48,27,27,0,2,27,420
266,Ruben Vargas,SUI,FW,54,42,10,2,23,31,5,50,30,159
266,Alexander Sorloth,NOR,FW,54,29,24,1,16,38,2,38,38,103
266,Felix Nmecha,GER,MF,54,19,18,17,37,17,2,22,43,230
266,Sphephelo Sithole,RSA,MF,54,0,24,30,41,13,0,6,23,157
274,Idrissa Gana Gueye,SEN,MF,53,3,20,30,39,14,0,5,60,276
274,Jean Kevin Duverne,HAI,DF,53,5,19,29,10,43,0,6,21,154
274,Lee Hanbeom,KOR,DF,53,6,8,39,3,50,1,10,33,403
274,Ali Olwan,JOR,FW,53,21,28,4,21,32,5,31,29,109
274,Torbjorn Heggem,NOR,DF,53,0,7,46,16,37,0,1,31,250
279,John Mcginn,SCO,MF,52,11,39,2,25,27,2,35,41,161
279,Jeremy Doku,BEL,FW,52,21,22,9,19,33,1,28,32,75
279,Ismaila Sarr,SEN,FW,52,34,18,0,33,19,4,36,49,103
279,Ibrahim Mbaye,SEN,FW,52,17,23,12,12,40,2,14,16,63
279,Ismael Kone,CAN,MF,52,3,24,25,36,16,0,14,38,238
279,Livano Comenencia,CUW,MF,52,4,33,15,34,18,0,9,38,117
279,Douglas Santos,BRA,DF,52,13,19,20,13,39,3,25,52,321
286,Israel Reyes,MEX,DF,51,7,12,32,9,42,1,2,27,200
286,Adrien Rabiot,FRA,MF,51,15,10,26,33,18,3,10,34,267
286,Liam Millar,CAN,MF,51,28,20,3,15,36,2,23,16,103
286,Ellyes Skhiri,TUN,MF,51,2,18,31,42,9,0,7,16,155
286,Mohannad Abutaha,JOR,MF,51,15,25,11,11,40,2,18,43,154
286,Hiroki Ito,JPN,DF,51,2,12,37,9,42,0,6,39,250
286,Dani Olmo,ESP,FW,51,16,24,11,41,10,1,14,21,110
293,Lukas Provod,CZE,MF,50,31,15,4,24,26,2,24,20,109
293,Aiden Oneill,AUS,MF,50,1,25,24,38,12,1,7,38,155
293,Mert Muldur,TUR,DF,50,18,24,8,7,43,2,24,26,159
293,Djed Spence,ENG,DF,50,14,21,15,16,34,3,2,17,110
293,Mateo Chavez,MEX,DF,50,9,27,14,14,36,0,6,5,49
293,Lenny Joseph,HAI,FW,50,31,17,2,39,11,1,28,28,61
299,Ahmed Fatouh,EGY,DF,49,8,21,20,11,38,0,17,38,235
299,Mohanad Lashin,EGY,MF,49,1,11,37,20,29,0,9,20,156
299,Petar Sucic,CRO,MF,49,15,17,17,28,21,3,14,25,123
299,Ahmed Fathy,QAT,MF,49,3,18,28,41,8,0,4,14,146
299,Noor Alrawabdeh,JOR,MF,49,3,20,26,32,17,0,4,44,164
299,Nasser Aldawsari,KSA,MF,49,1,21,27,35,14,0,7,34,110
305,Sofyan Amrabat,MAR,MF,48,1,9,38,42,6,0,2,12,144
305,Ismail Yuksek,TUR,MF,48,7,11,30,35,13,2,4,33,249
305,Ousmane Dembele,FRA,FW,48,15,21,12,26,22,3,39,24,199
305,Sander Berge,NOR,MF,48,1,16,31,41,7,1,13,47,272
305,Alexis Saelemaekers,BEL,MF,48,14,21,13,28,20,0,16,12,58
305,Jack Hendry,SCO,DF,48,0,3,45,20,28,0,2,20,352
305,Alexis Mac Allister,ARG,MF,48,0,15,33,34,14,1,0,53,274
305,Raul Rangel,MEX,GK,48,1,0,47,34,14,0,0,6,191
313,Dominique Simon,HAI,MF,47,2,24,21,34,13,1,2,11,64
313,Ahmed Qasem,IRQ,FW,47,34,12,1,29,18,1,10,18,42
313,Kieran Tierney,SCO,DF,47,14,22,11,8,39,1,17,20,113
316,Ricardo Pepi,USA,FW,46,24,18,4,33,13,1,18,19,47
316,Julio Enciso,PAR,FW,46,22,22,2,27,19,3,23,40,105
316,Diego Gomez,PAR,MF,46,7,25,14,29,17,0,13,32,105
316,Christian Pulisic,USA,FW,46,13,23,10,18,28,1,15,10,55
316,Amar Memic,BIH,MF,46,25,12,9,14,32,0,16,32,96
316,Khuliso Mudau,RSA,DF,46,22,19,5,11,35,4,15,54,288
322,Elias Saad,TUN,FW,45,12,32,1,25,20,2,19,35,76
322,Aurelien Tchouameni,FRA,MF,45,0,7,38,39,6,0,0,7,132
322,Bernardo Silva,POR,MF,45,24,9,12,24,21,1,8,14,77
322,Nicolas De La Cruz,URU,MF,45,11,16,18,25,20,1,7,22,86
322,Anis Hadj Moussa,ALG,FW,45,20,22,3,14,31,1,15,26,75
322,Rafik Belghali,ALG,DF,45,23,15,7,16,29,3,17,42,250
322,Edin Dzeko,BIH,FW,45,15,27,3,34,11,3,17,29,81
329,Jordan Bos,AUS,DF,44,16,21,7,14,30,5,9,30,129
329,Jacob Italiano,AUS,DF,44,19,22,3,17,27,3,25,24,116
329,Patrik Schick,CZE,FW,44,23,21,0,34,10,0,27,32,75
329,Adam Hlozek,CZE,FW,44,20,20,4,32,12,4,26,31,70
329,Ladislav Krejci,CZE,DF,44,4,3,37,18,26,1,9,43,333
329,Paul Okon Engstler,AUS,MF,44,1,22,21,29,15,0,5,41,170
329,Cody Gakpo,NED,FW,44,28,14,2,21,23,4,46,37,137
329,Crysencio Summerville,NED,FW,44,20,14,10,17,27,5,23,38,99
329,Bradley Barcola,FRA,FW,44,21,14,9,16,28,5,25,23,92
329,Hussein Ali,IRQ,DF,44,24,18,2,3,41,2,10,8,82
339,Nizar Alrashdan,JOR,MF,43,7,27,9,28,15,0,12,26,139
339,Ali Jasim,IRQ,FW,43,12,28,3,15,28,2,14,14,42
339,Silvan Widmer,SUI,DF,43,16,17,10,10,33,3,4,14,90
339,Lamine Yamal,ESP,FW,43,18,19,6,12,31,7,37,31,145
339,Juergen Locadia,CUW,FW,43,36,7,0,28,15,2,28,26,67
339,Krepin Diatta,SEN,DF,43,8,14,21,5,38,2,12,56,262
339,Ronwen Williams,RSA,GK,43,0,0,43,31,12,0,0,7,279
339,Petar Musa,CRO,FW,43,33,9,1,38,5,0,10,13,29
339,Donyell Malen,NED,FW,43,27,16,0,30,13,2,19,16,45
339,Andrej Kramaric,CRO,FW,43,18,18,7,31,12,0,9,8,43
339,Jose Fajardo,PAN,FW,43,36,7,0,34,9,1,13,11,33
350,Sidny Lopes Cabral,CPV,DF,42,6,23,13,7,35,0,5,23,111
350,Saeid Ezatolahi,IRN,MF,42,1,12,29,33,9,0,5,30,150
350,Moteb Alharbi,KSA,DF,42,14,16,12,17,25,2,6,22,139
350,Jamiro Monteiro,CPV,MF,42,1,32,9,32,10,0,6,33,113
350,Timothy Castagne,BEL,DF,42,23,8,11,20,22,2,8,13,145
350,Dayot Upamecano,FRA,DF,42,1,1,40,19,23,0,2,31,336
350,Ime Okon,RSA,DF,42,1,2,39,10,32,0,2,34,391
357,Carlens Arcus,HAI,DF,41,11,25,5,10,31,0,11,10,124
357,Relebohile Mofokeng,RSA,FW,41,13,24,4,26,15,2,25,15,106
357,Louicius Deedson,HAI,FW,41,21,16,4,15,26,0,14,14,54
357,Pervis Estupinan,ECU,DF,41,23,8,10,19,22,3,20,17,115
357,Miguel Almiron,PAR,MF,41,8,27,6,13,28,0,13,22,82
357,Liberato Cacace,NZL,DF,41,17,21,3,8,33,0,17,32,120
357,Manuel Akanji,SUI,DF,41,0,1,40,18,23,1,3,48,525
357,Grant Hanley,SCO,DF,41,0,0,41,12,29,0,1,14,206
365,Brandon Mechele,BEL,DF,40,5,2,33,20,20,1,3,22,302
365,Manu Kone,FRA,MF,40,0,9,31,28,12,0,2,26,157
365,Alan Franco,ECU,MF,40,6,10,24,9,31,0,4,22,238
365,Jacob Shaffelburg,CAN,MF,40,14,18,8,8,32,4,16,10,95
365,Antoine Semenyo,GHA,MF,40,23,16,1,25,15,2,24,24,74
365,Ghislain Konan,CIV,DF,40,12,14,14,9,31,2,4,45,200
365,Jayden Adams,RSA,MF,40,10,19,11,31,9,0,11,20,92
365,Finn Surman,NZL,DF,40,0,0,40,12,28,0,3,21,210
365,Sead Kolasinac,BIH,DF,40,17,10,13,11,29,4,17,79,304
365,Diney Borges,CPV,DF,40,1,0,39,22,18,0,1,22,158
365,Marko Farji,IRQ,FW,40,19,19,2,9,31,2,5,17,36
376,Marquinhos,BRA,DF,39,1,0,38,19,20,0,3,21,501
376,Casemiro,BRA,MF,39,0,15,24,31,8,0,3,32,243
376,Joshua Kimmich,GER,DF,39,4,10,25,9,30,1,6,30,326
376,Denzel Dumfries,NED,DF,39,19,15,5,6,33,5,10,16,165
376,Ivan Sunjic,BIH,MF,39,0,11,28,28,11,0,3,30,182
376,El Hadji Malick Diouf,SEN,DF,39,17,15,7,10,29,1,15,16,160
382,Piero Hincapie,ECU,DF,38,19,13,6,13,25,3,22,21,229
382,Kim Seunggyu,KOR,GK,38,0,0,38,27,11,0,0,7,230
382,Sultan Albrake,QAT,DF,38,14,10,14,10,28,4,8,11,89
382,Yoane Wissa,COD,FW,38,17,16,5,28,10,0,17,33,86
382,Kristoffer Ajer,NOR,DF,38,2,1,35,23,15,0,2,18,209
382,Marco Pasalic,CRO,FW,38,20,14,4,8,30,5,29,29,100
382,Mateo Kovacic,CRO,MF,38,1,8,29,25,13,0,4,23,202
389,Teun Koopmeiners,NED,MF,37,8,11,18,23,14,0,3,5,64
389,Ramy Rabia,EGY,DF,37,2,0,35,24,13,0,0,6,120
389,Laros Duarte,CPV,MF,37,2,29,6,23,14,0,8,17,45
392,Nelson Semedo,POR,DF,36,15,15,6,23,13,3,6,16,124
392,Ezri Konsa,ENG,DF,36,1,2,33,15,21,0,1,21,392
392,Ramiz Zerrouki,ALG,MF,36,1,6,29,32,4,1,1,32,156
392,Abdullah Alkhaibari,KSA,MF,36,1,15,20,25,11,0,3,20,97
392,Nabil Bentaleb,ALG,MF,36,0,10,26,31,5,0,3,28,214
392,Besfort Zeneli,SWE,MF,36,9,18,9,23,13,0,6,13,51
392,Merih Demiral,TUR,DF,36,17,4,15,19,17,2,10,26,273
399,Soufiane Rahimi,MAR,FW,35,23,12,0,28,7,5,11,15,31
399,Joao Cancelo,POR,DF,35,13,9,13,12,23,3,24,33,243
401,William Saliba,FRA,DF,34,0,0,34,16,18,1,1,12,275
401,Nico Williams,ESP,FW,34,22,9,3,13,21,1,9,8,36
401,Yeremy Pino,ESP,FW,34,21,10,3,19,15,1,19,10,48
401,Gabriel Magalhaes,BRA,DF,34,0,2,32,16,18,0,1,18,528
401,Alexander Schlager,AUT,GK,34,0,0,34,24,10,0,0,2,118
401,Jose Cordoba,PAN,DF,34,0,2,32,22,12,0,4,22,309
401,Sebastian Berhalter,USA,MF,34,4,15,15,27,7,0,4,19,78
401,Fabinho,BRA,MF,34,0,12,22,29,5,0,1,10,89
409,Johan Vasquez,MEX,DF,33,0,3,30,8,25,0,3,18,276
409,Pedro Porro,ESP,DF,33,18,9,6,11,22,2,16,34,168
409,Leandro Bacuna,CUW,MF,33,2,18,13,22,11,0,16,39,185
409,Renato Veiga,POR,DF,33,1,0,32,8,25,0,0,13,321
409,Chemsdine Talbi,MAR,MF,33,20,11,2,8,25,0,8,6,36
409,Luc De Fougerolles,CAN,DF,33,4,3,26,17,16,1,2,18,280
409,Nathan Saliba,CAN,MF,33,4,9,20,17,16,2,6,27,149
409,Kim Minjae,KOR,DF,33,0,0,33,20,13,0,2,43,459
409,Mohammed Abu Alshamat,KSA,DF,33,8,18,7,13,20,1,21,21,95
409,Pico Lopes,CPV,DF,33,1,5,27,16,17,0,1,23,166
419,Alireza Jahanbakhsh,IRN,MF,32,13,13,6,19,13,0,6,9,28
419,Issa Laye,QAT,DF,32,1,8,23,15,17,0,5,22,202
419,Ehsan Haddad,JOR,DF,32,6,18,8,2,30,0,15,27,111
419,Julian Alvarez,ARG,FW,32,12,14,6,22,10,1,13,15,43
419,Guillermo Martinez,MEX,FW,32,18,14,0,29,3,0,13,14,32
419,Alan Minda,ECU,MF,32,16,16,0,12,20,2,10,14,43
419,Azizjon Ganiev,UZB,MF,32,6,22,4,12,20,2,15,17,89
419,Mikel Merino,ESP,MF,32,12,18,2,21,11,0,15,15,57
419,Ange Yoan Bonny,CIV,FW,32,17,15,0,27,5,5,21,28,53
419,Charles De Ketelaere,BEL,FW,32,19,13,0,22,10,4,14,16,51
419,Ryan Christie,SCO,MF,32,0,21,11,16,16,0,15,24,90
430,Brian Brobbey,NED,FW,31,28,3,0,27,4,4,7,8,18
430,Jonathan Tah,GER,DF,31,1,1,29,22,9,0,0,29,339
430,Rayan,BRA,FW,31,16,13,2,17,14,5,28,40,112
430,Abdulaziz Hatem,QAT,MF,31,5,13,13,26,5,2,5,20,65
430,Elye Wahi,CIV,FW,31,18,13,0,27,4,2,12,13,25
430,Yan Valery,TUN,DF,31,18,12,1,1,30,3,18,20,94
430,Mohamed Amine Ben Hmida,TUN,DF,31,1,0,30,10,21,0,0,13,167
438,Guela Doue,CIV,DF,30,5,17,8,9,21,0,7,33,134
438,Milad Mohammadi,IRN,DF,30,17,6,7,7,23,4,2,14,123
440,Arthur Masuaku,COD,DF,29,5,19,5,1,28,0,9,21,118
440,Harry Kane,ENG,FW,29,5,14,10,25,4,0,18,28,84
440,Carney Chukwuemeka,AUT,MF,29,8,16,5,19,10,1,12,13,41
440,Wilfried Singo,CIV,DF,29,4,7,18,6,23,1,5,43,203
440,Gustaf Lagerbielke,SWE,DF,29,0,5,24,2,27,0,7,14,213
445,Anthony Elanga,SWE,FW,28,17,11,0,15,13,4,7,15,35
445,Steven Moreira,CPV,DF,28,6,17,5,6,22,0,5,27,126
445,Takehiro Tomiyasu,JPN,DF,28,0,5,23,6,22,1,0,6,187
445,Ali Nemati,IRN,DF,28,3,1,24,12,16,0,3,11,171
445,Saman Ghoddos,IRN,MF,28,4,8,16,20,8,0,8,23,117
445,Juninho Bacuna,CUW,MF,28,9,17,2,14,14,2,24,56,133
445,Nico Gonzalez,ARG,MF,28,19,7,2,19,9,7,9,17,55
445,Frantzdy Pierrot,HAI,FW,28,19,8,1,22,6,1,23,25,48
445,Gideon Mensah,GHA,DF,28,9,7,12,3,25,2,4,11,158
445,Kevin Pina,CPV,MF,28,0,11,17,22,6,0,3,34,107
445,Caleb Yirenkyi,GHA,MF,28,12,6,10,18,10,2,11,41,101
445,Samir El Mourabet,MAR,MF,28,8,16,4,19,9,0,11,19,81
457,Marvin Senaya,GHA,DF,27,6,4,17,8,19,3,3,12,110
457,Kamaldeen Sulemana,GHA,FW,27,7,17,3,10,17,1,3,8,33
457,Sherel Floranus,CUW,DF,27,8,9,10,10,17,0,6,29,121
457,Lucas Bergvall,SWE,MF,27,6,11,10,21,6,3,8,19,74
457,Nico Elvedi,SUI,DF,27,1,7,19,10,17,0,2,45,482
457,Gabriel Gudmundsson,SWE,DF,27,9,7,11,3,24,1,11,28,122
457,Tomas Soucek,CZE,MF,27,3,16,8,20,7,0,5,17,99
457,Aimar Sher,IRQ,MF,27,1,8,18,23,4,0,2,2,49
457,Kou Itakura,JPN,DF,27,0,0,27,22,5,0,0,3,175
457,Ngalayel Mukau,COD,MF,27,3,14,10,10,17,0,14,20,83
457,Mohamed Amoura,ALG,FW,27,8,17,2,24,3,0,5,5,16
457,Adil Boulbina,ALG,FW,27,9,14,4,9,18,0,4,13,28
457,Boualem Khoukhi,QAT,DF,27,4,5,18,17,10,0,6,13,236
457,Kim Moonhwan,KOR,DF,27,14,9,4,10,17,0,7,1,49
457,Davinson Sanchez,COL,DF,27,0,1,26,7,20,0,4,25,289
457,Maxim De Cuyper,BEL,DF,27,13,7,7,12,15,3,14,22,167
457,Morgan Rogers,ENG,MF,27,10,12,5,18,9,1,8,11,32
457,Hans Vanaken,BEL,MF,27,3,14,10,17,10,1,10,10,72
457,Lyndon Dykes,SCO,FW,27,11,16,0,24,3,0,13,11,27
476,Andreas Schjelderup,NOR,MF,26,7,16,3,9,17,0,11,10,29
476,Nikola Katic,BIH,DF,26,0,1,25,6,20,0,4,27,262
476,Aaron Hickey,SCO,DF,26,2,9,15,1,25,0,2,5,83
476,Vladimir Darida,CZE,MF,26,9,13,4,16,10,0,5,17,42
476,Camilo Vargas,COL,GK,26,0,0,26,13,13,0,0,1,137
476,Mathias Olivera,URU,DF,26,2,5,19,6,20,0,8,22,388
476,Matias Galarza,PAR,MF,26,8,17,1,10,16,3,14,15,59
476,Youssef Amyn,IRQ,MF,26,15,10,1,18,8,0,5,8,16
476,Noah Sadiki,COD,MF,26,3,18,5,15,11,0,9,12,52
476,Abdullah Alhamddan,KSA,FW,26,7,16,3,19,7,0,9,10,24
476,Pedro Miguel,QAT,DF,26,8,4,14,13,13,3,3,29,172
476,Mohammad Abualnadi,JOR,DF,26,0,2,24,4,22,0,1,10,60
488,Alireza Beiranvand,IRN,GK,25,0,0,25,13,12,0,0,3,117
488,Feras Albrikan,KSA,FW,25,11,13,1,17,8,1,26,27,68
488,Saud Abdulhamid,KSA,DF,25,9,9,7,9,16,4,9,35,157
488,Marcus Rashford,ENG,FW,25,16,8,1,3,22,3,7,5,38
488,Memphis Depay,NED,FW,25,14,9,2,22,3,0,11,13,27
488,Omar Rekik,TUN,DF,25,0,9,16,2,23,0,7,22,205
488,Simon Adingra,CIV,FW,25,11,8,6,5,20,0,5,4,23
488,Moussa Niakhate,SEN,DF,25,1,0,24,17,8,0,2,31,301
488,Fernando Muslera,URU,GK,25,0,0,25,17,8,0,0,0,115
488,Willian Pacho,ECU,DF,25,0,0,25,13,12,0,1,12,303
488,Tim Payne,NZL,DF,25,9,9,7,4,21,2,9,33,129
488,Denis Zakaria,SUI,MF,25,10,8,7,8,17,3,24,15,144
500,Isak Hien,SWE,DF,24,0,0,24,17,7,0,1,15,228
500,Marcos Llorente,ESP,DF,24,15,5,4,9,15,3,21,18,191
500,Gregor Kobel,SUI,GK,24,0,0,24,17,7,0,0,2,211
500,Azizbek Amonov,UZB,FW,24,15,7,2,17,7,1,4,9,17
500,Alexander Bernhardsson,SWE,DF,24,9,10,5,6,18,0,21,25,102
500,Theo Hernandez,FRA,DF,24,8,10,6,12,12,1,3,13,107
500,Francisco Trincao,POR,FW,24,6,18,0,19,5,0,8,15,35
500,Ante Budimir,CRO,FW,24,19,5,0,23,1,0,8,9,18
500,Simon Banza,COD,FW,24,17,7,0,20,4,1,4,7,14
500,Charles Pickel,COD,MF,24,6,10,8,9,15,0,4,11,46
500,Jiovany Ramos,PAN,DF,24,2,3,19,8,16,0,1,16,258
500,Brian Rodriguez,URU,FW,24,8,11,5,1,23,2,11,7,55
500,Seko Fofana,CIV,MF,24,4,16,4,18,6,1,6,29,106
500,Bazoumana Toure,CIV,FW,24,12,12,0,6,18,2,7,15,38
514,Rani Khedira,TUN,MF,23,10,8,5,20,3,1,3,13,46
514,Zizo,EGY,FW,23,6,15,2,11,12,3,11,7,33
514,Kalidou Koulibaly,SEN,DF,23,1,1,21,13,10,0,0,18,189
514,Evidence Makgopa,RSA,FW,23,17,6,0,16,7,2,19,17,47
514,Mario Pasalic,CRO,MF,23,1,12,10,18,5,0,2,6,64
514,Victor Lindelof,SWE,DF,23,0,2,21,8,15,0,3,13,240
514,Michael Boxall,NZL,DF,23,0,0,23,9,14,0,3,17,211
514,David Doudera,CZE,DF,23,10,10,3,7,16,0,10,20,107
514,Ben Old,NZL,MF,23,12,6,5,12,11,0,6,10,46
514,Jeremy Antonisse,CUW,FW,23,8,12,3,16,7,0,7,10,46
514,Endrick,BRA,FW,23,14,6,3,16,7,1,4,5,26
514,Kevin Rodriguez,ECU,FW,23,12,10,1,15,8,1,21,22,49
514,Ayoub Aloui,QAT,DF,23,4,12,7,2,21,1,2,11,57
514,Daizen Maeda,JPN,MF,23,19,3,1,15,8,3,6,7,18
528,Nuno Da Costa,CPV,MF,22,14,7,1,14,8,1,15,14,34
528,Steve Kapuadi,COD,DF,22,3,1,18,7,15,0,2,11,114
528,Ugurcan Cakir,TUR,GK,22,0,1,21,11,11,0,0,1,105
528,Odiljon Xamrobekov,UZB,MF,22,1,12,9,19,3,0,6,12,46
528,Jonas Adjetey,GHA,DF,22,0,0,22,11,11,0,2,8,153
528,Mbekezeli Mbokazi,RSA,DF,22,1,6,15,9,13,0,3,21,278
528,Brandon Thomas Asante,GHA,FW,22,20,2,0,14,8,2,7,7,15
528,Yassine Bounou,MAR,GK,22,0,0,22,10,12,0,0,4,190
528,Erling Haaland,NOR,FW,22,18,4,0,18,4,7,24,27,67
528,Nico Schlotterbeck,GER,DF,22,0,1,21,5,17,0,6,33,272
528,Dodi Lukebakio,BEL,FW,22,13,6,3,14,8,1,7,7,32
528,Chris Richards,USA,DF,22,2,0,20,15,7,0,1,22,354
540,Lisandro Martinez,ARG,DF,21,0,0,21,7,14,0,0,27,283
540,Matias Vina,URU,DF,21,12,2,7,1,20,1,6,15,69
540,Issa Diop,MAR,DF,21,1,0,20,6,15,0,1,7,279
540,Anass Salah Eddine,MAR,DF,21,5,3,13,4,17,2,7,41,143
540,Hassan Alhaydos,QAT,FW,21,10,10,1,11,10,0,7,16,31
540,Garry Rodrigues,CPV,MF,21,12,9,0,14,7,0,6,8,22
540,Unai Simon,ESP,GK,21,0,0,21,15,6,0,0,1,118
540,Jaroslav Zeleny,CZE,DF,21,8,11,2,6,15,2,15,11,105
540,Kristian Thorstvedt,NOR,MF,21,10,7,4,15,6,1,6,10,30
540,Amadou Onana,BEL,MF,21,1,10,10,15,6,0,5,16,81
540,Patrick Berg,NOR,MF,21,5,11,5,11,10,0,4,13,50
540,Phillip Mwene,AUT,DF,21,5,9,7,3,18,3,9,9,63
540,Angus Gunn,SCO,GK,21,0,0,21,15,6,0,0,3,224
540,Lucas Digne,FRA,DF,21,11,3,7,7,14,2,10,7,142
540,Sontje Hansen,CUW,FW,21,15,6,0,13,8,1,7,7,20
555,Homam Ahmed,QAT,DF,20,13,6,1,5,15,1,7,13,75
555,Takefusa Kubo,JPN,MF,20,7,9,4,15,5,1,4,10,36
555,Vozinha,CPV,GK,20,0,0,20,11,9,0,0,3,150
555,Ahmed Alaaeldin,QAT,FW,20,11,8,1,15,5,0,8,11,26
555,Obed Vargas,MEX,MF,20,1,12,7,17,3,0,7,13,41
555,Mauricio,PAR,MF,20,3,13,4,9,11,0,2,11,45
555,Sebastian Caceres,URU,DF,20,1,0,19,13,7,0,4,13,296
555,Azarias Londono,PAN,FW,20,8,12,0,10,10,0,8,5,35
555,Hamdy Fathy,EGY,MF,20,3,3,14,9,11,0,7,12,139
555,Pathe Ciss,SEN,MF,20,0,3,17,15,5,0,0,9,70
555,Yasser Ibrahim,EGY,DF,20,0,1,19,15,5,0,1,8,204
555,Lyle Foster,RSA,FW,20,10,8,2,12,8,0,6,7,15
555,Marcus Holmgren Pedersen,NOR,DF,20,9,4,7,8,12,3,4,10,66
555,Guus Til,NED,MF,20,11,8,1,9,11,0,6,5,19
555,Jordan Pickford,ENG,GK,20,0,0,20,15,5,0,0,4,169
555,Michael Gregoritsch,AUT,FW,20,13,7,0,13,7,0,8,12,28
555,Virgil Van Dijk,NED,DF,20,0,1,19,11,9,0,2,21,365
555,Amar Dedic,BIH,DF,20,7,9,4,4,16,0,0,15,123
555,Luca Jaquez,SUI,DF,20,9,9,2,2,18,1,7,28,88
555,Can Uzun,TUR,FW,20,4,3,13,11,9,0,5,16,46
575,Abdulkerim Bardakci,TUR,DF,19,2,1,16,8,11,1,0,14,412
575,Cecilio Waterman,PAN,FW,19,14,5,0,17,2,1,12,13,26
575,Arya Yousefi,IRN,DF,19,6,12,1,8,11,1,7,21,42
575,Houssem Aouar,ALG,MF,19,7,9,3,12,7,1,8,13,49
575,Chancel Mbemba,COD,DF,19,1,1,17,4,15,0,5,16,133
575,Shoja Khalilzadeh,IRN,DF,19,0,1,18,10,9,0,2,15,170
575,Castrop Jens,KOR,DF,19,4,15,0,3,16,3,13,12,65
575,Bukayo Saka,ENG,FW,19,9,6,4,5,14,2,9,16,38
575,Mathieu Choiniere,CAN,MF,19,0,7,12,12,7,0,5,10,63
575,Emmanuel Agbadou,CIV,DF,19,0,4,15,9,10,0,0,11,232
575,Gilson Benchimol,CPV,FW,19,12,7,0,12,7,1,6,12,24
586,Edouard Mendy,SEN,GK,18,0,0,18,15,3,0,0,2,132
586,Jordan Ayew,GHA,FW,18,8,10,0,13,5,4,24,26,67
586,Jovane Cabral,CPV,MF,18,4,13,1,5,13,0,9,8,33
586,Ernest Nuamah,GHA,FW,18,7,8,3,9,9,2,5,16,37
586,Orlando Mosquera,PAN,GK,18,0,0,18,12,6,0,0,2,110
586,Junior Alonso,PAR,DF,18,0,5,13,1,17,0,4,21,121
586,Nilson Angulo,ECU,FW,18,9,7,2,7,11,2,11,18,59
586,Santiago Gimenez,MEX,FW,18,13,5,0,12,6,2,9,12,23
586,Riechedly Bazoer,CUW,DF,18,0,3,15,9,9,0,1,4,71
586,Joshua Brenet,CUW,DF,18,8,5,5,3,15,0,4,22,64
586,Denis Visinsky,CZE,FW,18,3,10,5,7,11,1,5,5,40
586,Nestory Irankunda,AUS,FW,18,13,5,0,7,11,3,16,14,45
586,Igor Matanovic,CRO,FW,18,5,11,2,16,2,0,2,2,4
586,Orjan Nyland,NOR,GK,18,0,0,18,11,7,0,0,0,151
586,Yukinari Sugawara,JPN,DF,18,5,8,5,5,13,3,6,14,65
586,Aissa Mandi,ALG,DF,18,3,2,13,6,12,0,0,17,391
586,Assim Madibo,QAT,MF,18,0,7,11,12,6,0,3,21,75
586,Yusuf Abdurisag,QAT,FW,18,10,7,1,11,7,1,12,11,33
604,Mohamed Kanno,KSA,MF,17,1,9,7,15,2,0,12,39,141
604,Ali Alipour,IRN,FW,17,10,7,0,13,4,0,5,7,21
604,Ala Alhajji,KSA,MF,17,3,12,2,11,6,0,7,13,37
604,Jearl Margaritha,CUW,FW,17,11,6,0,9,8,2,7,9,19
604,Dailon Livramento,CPV,FW,17,12,5,0,15,2,0,5,6,15
604,Kwasi Sibo,GHA,MF,17,1,3,13,16,1,0,4,10,65
604,Damian Bobadilla,PAR,MF,17,2,6,9,11,6,0,2,5,34
604,Jordy Alcivar,ECU,MF,17,4,3,10,10,7,0,1,19,77
604,Orbelin Pineda,MEX,MF,17,6,8,3,13,4,0,1,4,10
604,Danilo Santos,BRA,MF,17,4,7,6,9,8,0,3,5,21
604,Juan Quintero,COL,MF,17,4,8,5,7,10,0,4,5,60
604,Philipp Lienhart,AUT,DF,17,0,1,16,6,11,0,0,14,179
604,Patrick Wimmer,AUT,FW,17,10,6,1,4,13,0,11,14,32
604,Dostonbek Khamdamov,UZB,MF,17,10,5,2,12,5,1,6,8,33
618,Elias Achouri,TUN,FW,16,8,7,1,8,8,0,2,5,17
618,Nkosinathi Sibisi,RSA,DF,16,0,2,14,4,12,0,0,12,108
618,Firas Chaouat,TUN,FW,16,14,2,0,14,2,1,4,4,13
618,Noussair Mazraoui,MAR,DF,16,4,5,7,4,12,2,5,21,209
618,Hassan Altambakti,KSA,DF,16,0,1,15,7,9,0,1,20,141
618,Cho Guesung,KOR,FW,16,11,5,0,10,6,2,8,7,19
618,Axel Tuanzebe,COD,DF,16,1,2,13,11,5,0,0,14,88
618,Mohamed Manai,QAT,FW,16,2,8,6,9,7,0,5,8,34
618,Alexander Prass,AUT,MF,16,8,6,2,5,11,1,7,5,38
618,Rayan Cherki,FRA,MF,16,1,10,5,13,3,1,7,20,64
618,Luis Chavez,MEX,MF,16,0,6,10,2,14,0,4,4,61
618,Igor Thiago,BRA,FW,16,15,1,0,12,4,0,9,7,21
618,Darwin Nunez,URU,FW,16,15,1,0,12,4,1,9,10,24
618,Angelo Preciado,ECU,DF,16,6,7,3,2,14,2,11,15,48
618,Andres Cubas,PAR,MF,16,0,7,9,12,4,0,6,20,100
633,Marko Arnautovic,AUT,FW,15,9,6,0,10,5,3,11,15,39
633,Juan Jose Caceres,PAR,DF,15,3,4,8,2,13,0,6,18,91
633,Elisha Owusu,GHA,MF,15,1,3,11,10,5,2,3,18,58
633,Max Crocombe,NZL,GK,15,0,0,15,10,5,0,0,0,134
633,Rustam Ashurmatov,UZB,DF,15,0,0,15,1,14,0,0,14,167
633,Quinten Timber,NED,MF,15,6,5,4,5,10,1,3,5,13
633,Ehsan Hajisafi,IRN,DF,15,1,8,6,3,12,1,2,7,47
633,Eom Jisung,KOR,MF,15,7,6,2,4,11,2,5,3,23
633,Akam Hashim,IRQ,DF,15,0,2,13,6,9,1,0,18,264
633,Keisuke Goto,JPN,FW,15,9,6,0,14,1,0,1,1,2
633,Mehdi Torabi,IRN,MF,15,5,6,4,6,9,1,6,11,45
633,Amirhossein Hosseinzadeh,IRN,FW,15,4,9,2,8,7,0,3,8,33
633,Zaid Tahseen,IRQ,DF,15,0,1,14,4,11,0,2,18,134
633,Almoez Ali,QAT,FW,15,3,10,2,10,5,0,2,5,9
647,Kim Jingyu,KOR,MF,14,1,6,7,11,3,0,5,19,122
647,Abdul Fatawu,GHA,FW,14,6,8,0,1,13,0,10,14,40
647,Niko Sigur,CAN,DF,14,3,4,7,4,10,2,7,11,37
647,Pape Matar Sarr,SEN,MF,14,0,3,11,13,1,0,0,5,44
647,Jhon Cordoba,COL,FW,14,11,3,0,11,3,2,3,3,9
647,Alisson,BRA,GK,14,0,0,14,9,5,0,0,0,172
647,David Raum,GER,DF,14,8,4,2,8,6,1,3,4,20
647,Mike Maignan,FRA,GK,14,0,0,14,10,4,0,0,4,113
647,Micky Van De Ven,NED,DF,14,5,1,8,4,10,3,8,15,207
647,Deniz Gul,TUR,FW,14,13,1,0,14,0,1,3,3,7
647,Mohamed Toure,AUS,FW,14,9,5,0,8,6,2,12,13,31
647,Alessandro Circati,AUS,DF,14,0,3,11,2,12,0,4,26,128
647,Jesse Randall,NZL,FW,14,7,7,0,6,8,2,1,3,10
647,Nikola Vasilj,BIH,GK,14,0,0,14,11,3,0,0,10,219
661,Abdulla Abdullaev,UZB,DF,13,1,1,11,6,7,0,0,7,143
661,Tomas Chory,CZE,FW,13,7,6,0,8,5,0,6,4,18
661,Matej Kovar,CZE,GK,13,0,0,13,7,6,0,0,10,181
661,Ismael Gharbi,TUN,MF,13,1,9,3,8,5,0,3,16,34
661,Ricardo Ade,HAI,DF,13,1,0,12,10,3,0,2,22,293
661,Shahriyar Moghanloo,IRN,FW,13,9,4,0,10,3,3,15,13,51
661,Abdallah Nasib,JOR,DF,13,0,2,11,1,12,0,1,9,115
661,Koki Ogawa,JPN,FW,13,5,6,2,12,1,0,2,2,4
661,Ermin Mahmic,BIH,MF,13,6,7,0,10,3,0,3,4,12
661,Josip Sutalo,CRO,DF,13,0,0,13,10,3,0,2,32,315
661,Deniz Undav,GER,FW,13,9,4,0,9,4,4,14,18,54
661,Sasa Kalajdzic,AUT,FW,13,7,6,0,10,3,0,17,8,40
661,Hernan Galindez,ECU,GK,13,0,0,13,9,4,0,0,2,103
661,Giovanni Reyna,USA,MF,13,1,5,7,8,5,1,4,4,23
661,Richard Rios,COL,MF,13,5,7,1,6,7,0,4,4,27
661,Emiliano Martinez,ARG,GK,13,0,0,13,7,6,0,0,0,128
677,Matt Freese,USA,GK,12,0,0,12,8,4,0,0,3,90
677,Alexis Vega,MEX,FW,12,5,4,3,7,5,2,3,6,25
677,Neymar Jr,BRA,FW,12,0,11,1,7,5,0,6,5,39
677,Tsuyoshi Watanabe,JPN,DF,12,5,0,7,4,8,2,2,4,50
677,Yuito Suzuki,JPN,MF,12,5,5,2,7,5,0,3,6,11
677,Nadhir Benbouali,ALG,FW,12,7,3,2,11,1,2,8,13,28
677,Tomas Holes,CZE,DF,12,2,0,10,3,9,0,2,15,146
677,Utkir Yusupov,UZB,GK,12,0,0,12,7,5,0,0,0,50
677,Armin Gigovic,BIH,MF,12,2,5,5,7,5,0,1,10,36
677,Sherzod Nasrullaev,UZB,DF,12,6,6,0,4,8,0,7,10,52
677,Nishan Velupillay,AUS,FW,12,5,6,1,8,4,0,6,10,35
677,Harry Souttar,AUS,DF,12,1,1,10,8,4,0,2,18,103
677,Abdukodir Khusanov,UZB,DF,12,2,1,9,4,8,0,1,18,128
677,Montassar Talbi,TUN,DF,12,0,0,12,8,4,0,1,6,178
677,Thomas Partey,GHA,MF,12,0,1,11,8,4,0,0,9,58
677,Telmo Arcanjo,CPV,MF,12,3,4,5,7,5,0,5,12,31
677,Ayoube Amaimouni,MAR,FW,12,8,3,1,6,6,1,11,12,30
677,Moise Bombito,CAN,DF,12,1,0,11,4,8,1,0,4,81
677,Johny Placide,HAI,GK,12,0,0,12,9,3,0,0,2,187
677,Inaki Williams,GHA,FW,12,10,2,0,7,5,0,6,9,23
677,Nadiem Amiri,GER,MF,12,2,5,5,8,4,0,2,2,33
677,Leon Goretzka,GER,MF,12,5,6,1,9,3,0,7,5,32
699,Jamie Leweling,GER,MF,11,7,4,0,2,9,2,7,8,36
699,Oscar Bobb,NOR,MF,11,2,7,2,4,7,2,8,9,52
699,Tomas Araujo,POR,DF,11,1,0,10,5,6,0,0,9,215
699,Maghnes Akliouche,FRA,MF,11,3,5,3,7,4,0,2,4,20
699,Matias Fernandez Pardo,BEL,FW,11,10,0,1,5,6,0,7,5,15
699,Robin Hranac,CZE,DF,11,2,1,8,6,5,0,1,13,249
699,Ismael Diaz,PAN,MF,11,4,7,0,6,5,0,5,5,21
699,Nicolas Otamendi,ARG,DF,11,0,0,11,6,5,0,0,8,87
699,David Alaba,AUT,DF,11,3,2,6,6,5,0,2,19,213
699,Kento Shiogai,JPN,FW,11,6,5,0,9,2,0,1,0,2
699,Ahmed Basil,IRQ,GK,11,0,0,11,8,3,0,0,1,89
699,Hamza Abdelkarim,EGY,FW,11,10,1,0,10,1,1,2,2,15
699,Redouane Halhal,MAR,DF,11,0,0,11,1,10,0,0,17,116
699,Hannes Delcroix,HAI,DF,11,0,2,9,3,8,0,0,16,302
699,Iliman Ndiaye,SEN,FW,11,3,7,1,10,1,0,8,8,23
714,Yahia Fofana,CIV,GK,10,0,0,10,8,2,0,0,1,130
714,Derrick Etienne,HAI,FW,10,7,1,2,4,6,2,5,1,19
714,Ibrahim Adel,EGY,FW,10,3,6,1,2,8,0,4,1,12
714,Jan Paul Van Hecke,NED,DF,10,2,0,8,3,7,0,2,8,338
714,Nikola Vlasic,CRO,MF,10,6,2,2,9,1,0,2,5,10
714,Julian Ryerson,NOR,FW,10,2,8,0,2,8,1,14,34,146
714,Abduvohid Nematov,UZB,GK,10,0,0,10,8,2,0,0,3,55
714,Ryan Thomas,NZL,MF,10,2,5,3,5,5,0,9,10,34
714,Oston Urunov,UZB,MF,10,5,4,1,6,4,0,4,4,10
714,Cedric Itten,SUI,FW,10,8,2,0,8,2,1,3,3,7
714,Joris Kayembe,COD,DF,10,2,7,1,1,9,0,6,5,32
714,Zion Suzuki,JPN,GK,10,0,0,10,8,2,0,0,0,83
714,Shogo Taniguchi,JPN,DF,10,1,2,7,8,2,1,0,14,97
714,Ali Azaizeh,JOR,FW,10,3,7,0,3,7,0,6,7,15
714,Yazan Alarab,JOR,DF,10,0,2,8,4,6,0,0,18,128
714,Husam Abudahab,JOR,DF,10,0,0,10,5,5,0,0,11,47
714,Jurien Gaari,CUW,DF,10,0,1,9,4,6,0,1,11,39
731,Deveron Fonville,CUW,DF,9,4,5,0,0,9,0,7,37,89
731,Jovo Lukic,BIH,FW,9,2,7,0,7,2,0,14,14,35
731,Manuel Neuer,GER,GK,9,0,0,9,6,3,0,0,4,85
731,Nathan Ngoy,BEL,DF,9,0,0,9,7,2,0,0,21,316
731,Diogo Costa,POR,GK,9,0,0,9,3,6,0,0,3,95
731,Marc Guehi,ENG,DF,9,1,0,8,6,3,0,1,8,270
731,Leo Ostigard,NOR,DF,9,1,1,7,6,3,0,2,7,51
731,Gonzalo Montiel,ARG,DF,9,3,4,2,0,9,0,1,6,46
731,Timothy Weah,USA,FW,9,2,4,3,2,7,0,8,4,33
731,Jaminton Campaz,COL,FW,9,5,4,0,4,5,0,3,4,13
731,Omar Alderete,PAR,DF,9,1,0,8,4,5,0,1,7,75
731,Maxime Crepeau,CAN,GK,9,0,0,9,5,4,0,0,4,132
731,Promise David,CAN,FW,9,7,2,0,9,0,1,9,11,23
731,Mohamed Hadj Mahmoud,TUN,MF,9,2,5,2,2,7,0,1,5,17
731,Aymen Dahmen,TUN,GK,9,0,0,9,5,4,0,0,1,44
731,Tshepang Moremi,RSA,FW,9,5,4,0,1,8,1,2,5,14
731,Deroy Duarte,CPV,MF,9,2,3,4,5,4,1,4,12,44
731,Yang Hyunjun,KOR,MF,9,1,6,2,2,7,1,1,10,28
731,Willy Semedo,CPV,MF,9,6,2,1,4,5,0,4,9,20
731,Helio Varela,CPV,MF,9,5,2,2,2,7,0,3,3,9
731,Cameron Burgess,AUS,DF,9,0,1,8,3,6,0,0,20,113
731,Tyler Bindon,NZL,DF,9,6,3,0,2,7,0,3,8,28
731,Jackson Irvine,AUS,MF,9,3,4,2,6,3,2,5,7,21
754,Taha Ali,SWE,FW,8,1,6,1,0,8,0,4,6,18
754,Kristoffer Nordfeldt,SWE,GK,8,0,0,8,5,3,0,0,1,115
754,Tarik Muharemovic,BIH,DF,8,0,1,7,5,3,0,2,22,159
754,Findlay Curtis,SCO,FW,8,5,3,0,2,6,0,2,3,9
754,Eren Elmali,TUR,DF,8,5,2,1,4,4,1,3,7,29
754,Cesar Montes,MEX,DF,8,1,0,7,3,5,0,1,9,222
754,Cristian Romero,ARG,DF,8,0,0,8,6,2,0,0,13,227
754,Eberechi Eze,ENG,MF,8,5,1,2,4,4,0,6,11,24
754,Rafael Leao,POR,FW,8,2,6,0,1,7,1,12,8,38
754,Luka Vuskovic,CRO,DF,8,0,1,7,5,3,0,0,2,94
754,Park Jinseob,KOR,DF,8,2,2,4,4,4,1,1,6,108
754,Lionel Mpasi,COD,GK,8,0,0,8,4,4,0,0,3,108
754,Ismail Jakobs,SEN,DF,8,5,3,0,1,7,1,7,2,35
754,Habib Diarra,SEN,MF,8,1,3,4,7,1,0,1,5,22
754,Mostafa Shoubir,EGY,GK,8,0,0,8,4,4,0,0,1,92
769,Gessime Yassine,MAR,MF,7,4,3,0,2,5,0,6,4,17
769,Prince Adu,GHA,FW,7,5,2,0,6,1,1,7,8,15
769,Ibrahim Sangare,CIV,MF,7,0,4,3,4,3,0,1,22,98
769,Yannick Semedo,CPV,MF,7,0,6,1,7,0,0,1,3,28
769,Jerome Opoku,GHA,DF,7,0,1,6,4,3,0,0,8,136
769,Dylan Bronn,TUN,DF,7,0,0,7,2,5,0,0,1,40
769,Tim Ream,USA,DF,7,0,0,7,1,6,0,1,16,338
769,Jhon Lucumi,COL,DF,7,0,0,7,2,5,0,2,15,261
769,Armando Gonzalez,MEX,FW,7,4,3,0,5,2,0,4,4,5
769,Orlando Gill,PAR,GK,7,0,0,7,5,2,0,0,7,101
769,Joel Ordonez,ECU,DF,7,0,1,6,5,2,0,1,9,132
769,Armando Obispo,CUW,DF,7,0,0,7,3,4,0,1,15,118
769,Eloy Room,CUW,GK,7,0,0,7,1,6,0,0,0,124
769,Elliot Stroud,SWE,DF,7,1,1,5,1,6,0,1,4,25
769,Dzenis Burnic,BIH,MF,7,4,2,1,0,7,0,2,7,21
769,Francis De Vries,NZL,DF,7,2,2,3,2,5,0,3,2,18
769,Stjepan Radeljic,BIH,DF,7,0,0,7,3,4,0,1,7,184
769,Cristian Volpato,AUS,FW,7,3,1,3,4,3,1,9,14,43
769,Mathew Leckie,AUS,FW,7,3,3,1,6,1,1,9,14,33
769,Tete Yengi,AUS,FW,7,5,2,0,3,4,2,5,5,12
769,Luca Zidane,ALG,GK,7,0,0,7,5,2,0,1,2,129
769,Mohammad Aldaoud,JOR,MF,7,3,2,2,0,7,0,1,4,9
769,Ahmed Alganehi,QAT,MF,7,2,4,1,3,4,0,2,8,27
769,Yazeed Abulaila,JOR,GK,7,0,0,7,5,2,0,0,0,92
769,Mahmoud Abunada,QAT,GK,7,0,0,7,4,3,0,0,3,162
769,Thibaut Courtois,BEL,GK,7,0,0,7,6,1,0,0,0,91
769,Josko Gvardiol,CRO,DF,7,1,1,5,0,7,0,4,19,164
796,Arthur Theate,BEL,DF,6,0,0,6,4,2,0,0,2,17
796,Bart Verbruggen,NED,GK,6,0,0,6,5,1,0,0,0,128
796,Marin Pongracic,CRO,DF,6,1,0,5,4,2,0,1,12,147
796,Themba Zwane,RSA,MF,6,0,5,1,5,1,0,0,5,14
796,Trezeguet,EGY,FW,6,3,3,0,2,4,1,5,5,18
796,Benjamin Asare,GHA,GK,6,1,0,5,4,2,0,0,0,48
796,Roger Ibanez,BRA,DF,6,4,2,0,3,3,0,2,3,42
796,Ederson Silva,BRA,MF,6,4,1,1,3,3,0,3,1,9
796,Alejandro Romero Gamarra,PAR,FW,6,0,1,5,5,1,0,0,9,24
796,Alex Sandro,BRA,DF,6,2,2,2,1,5,0,2,2,25
796,Mehdi Ghayedi,IRN,FW,6,3,3,0,4,2,5,7,11,29
796,Junnosuke Suzuki,JPN,DF,6,2,3,1,2,4,0,0,1,6
796,Mohammed Alowais,KSA,GK,6,0,0,6,5,1,0,0,2,98
796,Miro Muheim,SUI,DF,6,4,2,0,0,6,0,0,0,11
796,Zeki Amdouni,SUI,FW,6,5,1,0,6,0,1,5,4,15
796,Igor Sergeev,UZB,FW,6,3,3,0,3,3,0,2,2,7
796,Khojiakbar Alijonov,UZB,DF,6,3,3,0,1,5,1,5,4,22
813,Farrukh Sayfiev,UZB,DF,5,2,2,1,1,4,3,4,13,29
813,Dennis Hadzikadunic,BIH,DF,5,0,0,5,1,4,0,2,3,23
813,Salih Ozcan,TUR,MF,5,0,0,5,3,2,0,0,0,34
813,Jakhongir Urozov,UZB,DF,5,0,2,3,3,2,0,2,2,41
813,Bamba Dieng,SEN,FW,5,3,2,0,5,0,0,1,1,5
813,Odilon Kossounou,CIV,DF,5,0,0,5,2,3,0,0,10,109
813,Derek Cornelius,CAN,DF,5,0,1,4,0,5,1,5,26,277
813,Kamogelo Sebelebele,RSA,FW,5,2,3,0,2,3,1,2,2,13
813,Gervane Kastaneer,CUW,FW,5,4,1,0,3,2,0,3,3,12
813,Luka Sucic,CRO,MF,5,3,1,1,4,1,1,1,3,10
813,Anthony Ralston,SCO,DF,5,1,3,1,0,5,0,3,3,16
813,Malo Gusto,FRA,DF,5,2,3,0,0,5,0,2,1,16
813,Ruben Dias,POR,DF,5,0,0,5,4,1,0,0,6,127
813,Jaouen Hadjam,ALG,DF,5,2,3,0,0,5,0,1,7,17
813,Abdulelah Alamri,KSA,DF,5,1,1,3,3,2,1,1,8,101
813,Rebin Sulaka,IRQ,DF,5,0,0,5,0,5,0,1,3,44
813,Saleh Hardani,IRN,DF,5,2,3,0,0,5,0,2,3,15
813,Ayumu Seko,JPN,DF,5,0,0,5,3,2,0,0,2,28
813,Isidro Pitta,PAR,FW,5,5,0,0,3,2,0,5,8,15
813,Ramon Sosa,PAR,MF,5,1,3,1,4,1,0,0,0,9
813,Antonio Sanabria,PAR,FW,5,3,2,0,4,1,2,9,7,19
813,Gustavo Velazquez,PAR,DF,5,1,3,1,0,5,0,2,3,22
835,Gustavo Gomez,PAR,DF,4,0,1,3,2,2,0,1,3,56
835,Anibal Godoy,PAN,MF,4,1,2,1,1,3,0,1,3,18
835,Nico Paz,ARG,FW,4,0,3,1,0,4,0,1,2,10
835,Cucho Hernandez,COL,FW,4,2,2,0,3,1,1,5,6,12
835,Alex Arce,PAR,FW,4,2,2,0,2,2,0,5,6,14
835,Stepan Chaloupek,CZE,DF,4,0,0,4,0,4,0,1,9,54
835,Yassin Fortune,HAI,FW,4,0,4,0,0,4,0,1,3,9
835,Joao Paulo,CPV,MF,4,0,3,1,1,3,0,0,5,15
835,Karim Hafez,EGY,DF,4,0,1,3,1,3,2,0,4,15
835,Mory Diaw,SEN,GK,4,0,0,4,3,1,0,0,0,19
835,Mohanad Ali,IRQ,FW,4,4,0,0,3,1,1,0,1,4
835,Ali Lajami,KSA,DF,4,0,1,3,3,1,0,1,7,61
835,Lucas Mendes,QAT,DF,4,4,0,0,2,2,0,0,0,0
835,Saed Alrosan,JOR,DF,4,0,1,3,1,3,0,0,2,28
835,Nathanael Mbuku,COD,MF,4,0,2,2,2,2,0,1,7,16
835,Goncalo Ramos,POR,FW,4,1,3,0,4,0,0,1,0,4
835,John Stones,ENG,DF,4,0,0,4,2,2,0,0,5,131
852,Antonio Ruediger,GER,DF,3,0,0,3,2,1,0,0,5,92
852,Kevin Danso,AUT,DF,3,0,1,2,2,1,1,5,17,217
852,Marcus Thuram,FRA,FW,3,3,0,0,3,0,0,0,0,0
852,Dominik Livakovic,CRO,GK,3,0,0,3,1,2,0,0,5,126
852,Daniel Svensson,SWE,DF,3,2,1,0,1,2,0,2,1,8
852,Patrick Beach,AUS,GK,3,0,0,3,2,1,0,0,1,102
852,Jason Geria,AUS,DF,3,1,0,2,1,2,0,2,5,46
852,Christian Fassnacht,SUI,FW,3,0,3,0,2,1,1,5,6,12
852,Samed Bazdar,BIH,FW,3,1,2,0,2,1,0,8,8,17
852,Mattias Svanberg,SWE,MF,3,0,1,2,3,0,0,1,2,4
852,Jose Canale,PAR,DF,3,2,1,0,1,2,0,0,1,2
852,Nicolas Tagliafico,ARG,DF,3,1,2,0,1,2,0,1,0,3
852,Cesar Huerta,MEX,FW,3,3,0,0,0,3,0,1,3,5
852,Luiz Henrique,BRA,FW,3,0,3,0,0,3,0,3,6,27
852,Leandro Paredes,ARG,MF,3,1,1,1,1,2,0,2,1,20
852,Alexandro Maidana,PAR,DF,3,2,1,0,0,3,0,4,2,11
852,Jalal Hassan,IRQ,GK,3,0,0,3,2,1,0,0,0,57
852,Gedeon Kalulu,COD,DF,3,1,2,0,1,2,0,4,0,11
852,Mustafa Saadoon,IRQ,DF,3,1,2,0,0,3,0,0,0,2
852,Evann Guessand,CIV,FW,3,2,1,0,3,0,0,7,6,12
852,Mohamed Abdelmoneim,EGY,DF,3,0,1,2,0,3,0,0,1,4
873,Jonathan Osorio,CAN,MF,2,0,0,2,1,1,0,0,1,8
873,David Zima,CZE,DF,2,0,1,1,1,1,0,0,1,16
873,Mojmir Chytil,CZE,FW,2,2,0,0,1,1,0,2,2,4
873,Ross Stewart,SCO,FW,2,1,1,0,1,1,0,0,0,0
873,Kenji Gorre,CUW,FW,2,0,2,0,1,1,0,3,1,5
873,Waldemar Anton,GER,DF,2,0,1,1,1,1,0,0,2,17
873,Nathan Ake,NED,DF,2,0,0,2,0,2,0,0,1,17
873,Mohammad Abuzraiq,JOR,FW,2,1,1,0,0,2,0,0,0,5
873,Saleem Obaid,JOR,DF,2,0,0,2,0,2,0,0,5,32
873,Guillermo Ochoa,MEX,GK,2,0,0,2,1,1,0,0,0,14
873,Rodrigo Aguirre,URU,FW,2,1,1,0,1,1,0,1,1,2
873,Haji Wright,USA,FW,2,2,0,0,1,1,0,0,0,0
873,Auston Trusty,USA,DF,2,0,1,1,0,2,0,1,1,8
886,Jordy Caicedo,ECU,FW,1,1,0,0,0,1,0,2,2,4
886,Joe Scally,USA,DF,1,0,0,1,0,1,0,0,3,10
886,Andres Gomez,COL,FW,1,1,0,0,0,1,0,0,0,0
886,Mouhib Chamakh,TUN,GK,1,0,0,1,1,0,0,0,0,34
886,Callan Elliot,NZL,DF,1,0,1,0,0,1,0,0,3,11
886,Ardon Jashari,SUI,MF,1,0,1,0,1,0,0,2,2,18
886,Amir Hadziahmetovic,BIH,MF,1,0,1,0,1,0,0,0,0,9
886,Alhashmi Alhussein,QAT,DF,1,0,1,0,0,1,0,1,1,1
886,Zineddine Belaid,ALG,DF,1,0,0,1,1,0,0,1,2,14
886,Marco Friedl,AUT,DF,1,0,0,1,0,1,0,1,0,64
896,Mats Wieffer,NED,DF,0,0,0,0,0,0,0,0,0,0
896,Lutsharel Geertruida,NED,DF,0,0,0,0,0,0,0,0,0,0
896,Joaquin Seys,BEL,DF,0,0,0,0,0,0,0,0,0,0
896,Dean Henderson,ENG,GK,0,0,0,0,0,0,0,0,0,0
896,Maxence Lacroix,FRA,DF,0,0,0,0,0,0,0,0,0,0
896,Goncalo Guedes,POR,FW,0,0,0,0,0,0,0,0,0,0
896,Warren Zaire Emery,FRA,MF,0,0,0,0,0,0,0,0,0,0
896,Fredrik Andre Bjorkan,NOR,DF,0,0,0,0,0,0,0,0,0,0
896,Diego Moreira,BEL,MF,0,0,0,0,0,0,0,0,0,0
896,James Trafford,ENG,GK,0,0,0,0,0,0,0,0,0,0
896,Diogo Dalot,POR,DF,0,0,0,0,0,0,0,0,0,0
896,Marten De Roon,NED,MF,0,0,0,0,0,0,0,0,0,0
896,Ivor Pandur,CRO,GK,0,0,0,0,0,0,0,0,0,0
896,Ibrahima Konate,FRA,DF,0,0,0,0,0,0,0,0,0,0
896,Martin Erlic,CRO,DF,0,0,0,0,0,0,0,0,0,0
896,Ollie Watkins,ENG,FW,0,0,0,0,0,0,0,0,0,0
896,Patrick Pentz,AUT,GK,0,0,0,0,0,0,0,0,0,0
896,Henrik Falchener,NOR,DF,0,0,0,0,0,0,0,0,0,0
896,Axel Witsel,BEL,MF,0,0,0,0,0,0,0,0,0,0
896,Alessandro Schoepf,AUT,MF,0,0,0,0,0,0,0,0,0,0
896,Sander Tangvik,NOR,GK,0,0,0,0,0,0,0,0,0,0
896,Nick Woltemade,GER,FW,0,0,0,0,0,0,0,0,0,0
896,Egil Selvik,NOR,GK,0,0,0,0,0,0,0,0,0,0
896,Sondre Langas,NOR,DF,0,0,0,0,0,0,0,0,0,0
896,Kristijan Jakic,CRO,DF,0,0,0,0,0,0,0,0,0,0
896,Trevoh Chalobah,ENG,DF,0,0,0,0,0,0,0,0,0,0
896,Ruben Neves,POR,MF,0,0,0,0,0,0,0,0,0,0
896,Jose Sa,POR,GK,0,0,0,0,0,0,0,0,0,0
896,Ngolo Kante,FRA,MF,0,0,0,0,0,0,0,0,0,0
896,Malick Thiaw,GER,DF,0,0,0,0,0,0,0,0,0,0
896,Toni Fruk,CRO,MF,0,0,0,0,0,0,0,0,0,0
896,Kobbie Mainoo,ENG,MF,0,0,0,0,0,0,0,0,0,0
896,Koni De Winter,BEL,DF,0,0,0,0,0,0,0,0,0,0
896,Dan Burn,ENG,DF,0,0,0,0,0,0,0,0,0,0
896,Mark Flekken,NED,GK,0,0,0,0,0,0,0,0,0,0
896,Oliver Baumann,GER,GK,0,0,0,0,0,0,0,0,0,0
896,Wout Weghorst,NED,FW,0,0,0,0,0,0,0,0,0,0
896,Jarell Quansah,ENG,DF,0,0,0,0,0,0,0,0,0,0
896,Thelo Aasgaard,NOR,MF,0,0,0,0,0,0,0,0,0,0
896,Mike Penders,BEL,GK,0,0,0,0,0,0,0,0,0,0
896,Jens Petter Hauge,NOR,MF,0,0,0,0,0,0,0,0,0,0
896,Matheus Nunes,POR,MF,0,0,0,0,0,0,0,0,0,0
896,Rui Silva,POR,GK,0,0,0,0,0,0,0,0,0,0
896,Assan Ouedraogo,GER,MF,0,0,0,0,0,0,0,0,0,0
896,Brice Samba,FRA,GK,0,0,0,0,0,0,0,0,0,0
896,Dejan Ljubicic,AUT,MF,0,0,0,0,0,0,0,0,0,0
896,Maximilian Beier,GER,FW,0,0,0,0,0,0,0,0,0,0
896,Dominik Kotarski,CRO,GK,0,0,0,0,0,0,0,0,0,0
896,Michael Svoboda,AUT,DF,0,0,0,0,0,0,0,0,0,0
896,Angelo Stiller,GER,MF,0,0,0,0,0,0,0,0,0,0
896,Duje Caleta Car,CRO,DF,0,0,0,0,0,0,0,0,0,0
896,Goncalo Inacio,POR,DF,0,0,0,0,0,0,0,0,0,0
896,Florian Grillitsch,AUT,MF,0,0,0,0,0,0,0,0,0,0
896,David Affengruber,AUT,DF,0,0,0,0,0,0,0,0,0,0
896,Florian Wiegele,AUT,GK,0,0,0,0,0,0,0,0,0,0
896,Jorrel Hato,NED,DF,0,0,0,0,0,0,0,0,0,0
896,Alexander Nuebel,GER,GK,0,0,0,0,0,0,0,0,0,0
896,Morten Thorsby,NOR,MF,0,0,0,0,0,0,0,0,0,0
896,Senne Lammens,BEL,GK,0,0,0,0,0,0,0,0,0,0
896,Craig Gordon,SCO,GK,0,0,0,0,0,0,0,0,0,0
896,Ivan Toney,ENG,FW,0,0,0,0,0,0,0,0,0,0
896,Nikola Moro,CRO,MF,0,0,0,0,0,0,0,0,0,0
896,Pascal Gross,GER,MF,0,0,0,0,0,0,0,0,0,0
896,Noa Lang,NED,FW,0,0,0,0,0,0,0,0,0,1
896,Samu Costa,POR,DF,0,0,0,0,0,0,0,0,0,0
896,Robin Risser,FRA,GK,0,0,0,0,0,0,0,0,0,0
896,Justin Kluivert,NED,MF,0,0,0,0,0,0,0,0,0,0
896,Lucas Hernandez,FRA,DF,0,0,0,0,0,0,0,0,0,0
896,Zeno Debast,BEL,DF,0,0,0,0,0,0,0,0,0,0
896,Jean Philippe Mateta,FRA,FW,0,0,0,0,0,0,0,0,0,0
896,Robin Roefs,NED,GK,0,0,0,0,0,0,0,0,0,0
896,Jorgen Strand Larsen,NOR,FW,0,0,0,0,0,0,0,0,0,0
896,Jordan Henderson,ENG,MF,0,0,0,0,0,0,0,0,0,0
896,Olwethu Makhanya,RSA,DF,0,0,0,0,0,0,0,0,0,0
896,Mortadha Ben Ouanes,TUN,DF,0,0,0,0,0,0,0,0,0,0
896,Alphonso Davies,CAN,DF,0,0,0,0,0,0,0,0,0,0
896,Carl Sainte,HAI,MF,0,0,0,0,0,0,0,0,0,0
896,Lawrence Ati Zigi,GHA,GK,0,0,0,0,0,0,0,0,0,22
896,Zakaria El Ouahdi,MAR,DF,0,0,0,0,0,0,0,0,0,0
896,Oumar Diakite,CIV,FW,0,0,0,0,0,0,0,0,0,0
896,Alban Lafont,CIV,GK,0,0,0,0,0,0,0,0,0,0
896,Khulumani Ndamane,RSA,DF,0,0,0,0,0,0,0,0,0,0
896,Baba Rahman,GHA,DF,0,0,0,0,0,0,0,0,0,0
896,Abdul Mumin,GHA,DF,0,0,0,0,0,0,0,0,0,0
896,Mohamed Elshenawy,EGY,GK,0,0,0,0,0,0,0,0,0,0
896,Alexandre Pierre,HAI,GK,0,0,0,0,0,0,0,0,0,0
896,Nabil Donga,EGY,MF,0,0,0,0,0,0,0,0,0,0
896,Ahmed Reda Tagnaouti,MAR,GK,0,0,0,0,0,0,0,0,0,0
896,Parfait Guiagon,CIV,MF,0,0,0,0,0,0,0,0,0,0
896,Mahdy Soliman,EGY,GK,0,0,0,0,0,0,0,0,0,0
896,Bradley Cross,RSA,DF,0,0,0,0,0,0,0,0,0,0
896,Raed Chikhaoui,TUN,DF,0,0,0,0,0,0,0,0,0,0
896,Samukele Kabini,RSA,DF,0,0,0,0,0,0,0,0,0,0
896,Alidu Seidu,GHA,DF,0,0,0,0,0,0,0,0,0,0
896,Khalil Ayari,TUN,MF,0,0,0,0,0,0,0,0,0,0
896,Ricardo Goss,RSA,GK,0,0,0,0,0,0,0,0,0,0
896,Markhus Lacroix,HAI,DF,0,0,0,0,0,0,0,0,0,0
896,Mohamed Alaa,EGY,GK,0,0,0,0,0,0,0,0,0,0
896,Youssef Belammari,MAR,DF,0,0,0,0,0,0,0,0,0,0
896,Owen Goodman,CAN,GK,0,0,0,0,0,0,0,0,0,0
896,Keeto Thermoncy,HAI,DF,0,0,0,0,0,0,0,0,0,0
896,Woodensky Pierre,HAI,MF,0,0,0,0,0,0,0,0,0,0
896,Kelvin Pires,CPV,DF,0,0,0,0,0,0,0,0,0,0
896,Duckens Nazon,HAI,FW,0,0,0,0,0,0,0,2,4,8
896,Tarek Alaa,EGY,DF,0,0,0,0,0,0,0,0,0,0
896,Josue Duverger,HAI,GK,0,0,0,0,0,0,0,0,0,0
896,Bara Sapoko Ndiaye,SEN,MF,0,0,0,0,0,0,0,0,0,0
896,Jean Michael Seri,CIV,MF,0,0,0,0,0,0,0,0,0,0
896,Christopher Bonsu Baah,GHA,FW,0,0,0,0,0,0,0,0,0,0
896,Thabang Matuludi,RSA,DF,0,0,0,0,0,0,0,0,0,0
896,Mamadou Sarr,SEN,DF,0,0,0,0,0,0,0,0,0,0
896,Sipho Chaine,RSA,GK,0,0,0,0,0,0,0,0,0,0
896,Mahmoud Saber,EGY,MF,0,0,0,0,0,0,0,0,0,0
896,Evan Ndicka,CIV,DF,0,0,0,0,0,0,0,0,0,0
896,Joseph Anang,GHA,GK,0,0,0,0,0,0,0,0,0,0
896,Hazem Mastouri,TUN,FW,0,0,0,0,0,0,0,0,0,0
896,Jayden Nelson,CAN,FW,0,0,0,0,0,0,0,0,0,0
896,Garven Metusala,HAI,DF,0,0,0,0,0,0,0,0,0,0
896,Antoine Mendy,SEN,DF,0,0,0,0,0,0,0,0,0,0
896,Hossam Abdelmaguid,EGY,DF,0,0,0,0,0,0,0,0,2,8
896,Sabri Ben Hessen,TUN,GK,0,0,0,0,0,0,0,0,0,0
896,Abdoulaye Seck,SEN,DF,0,0,0,0,0,0,0,0,0,0
896,Yehvann Diouf,SEN,GK,0,0,0,0,0,0,0,0,0,0
896,Kojo Peprah Oppong,GHA,DF,0,0,0,0,0,0,0,0,0,0
896,Christopher Operi,CIV,DF,0,0,0,0,0,0,0,0,0,0
896,Dayne St Clair,CAN,GK,0,0,0,0,0,0,0,0,0,0
896,Cherif Ndiaye,SEN,FW,0,0,0,0,0,0,0,0,0,0
896,Mohamed Kone,CIV,GK,0,0,0,0,0,0,0,0,0,0
896,Munir El Kajoui,MAR,GK,0,0,0,0,0,0,0,0,0,0
896,Derrick Luckassen,GHA,DF,0,0,0,0,0,0,0,0,0,0
896,Alfie Jones,CAN,DF,0,0,0,0,0,0,0,0,0,0
896,Joel Waterman,CAN,DF,0,0,0,0,0,0,0,0,0,0
896,Augustine Boakye,GHA,MF,0,0,0,0,0,0,0,0,0,0
896,Rayan Elloumi,TUN,FW,0,0,0,0,0,0,0,0,0,0
896,Adam Arous,TUN,DF,0,0,0,0,0,0,0,0,0,0
896,Assane Diao,SEN,FW,0,0,0,0,0,0,0,0,0,0
896,Moutaz Neffati,TUN,DF,0,0,0,0,0,0,0,0,0,0
896,Ousmane Diomande,CIV,DF,0,0,0,0,0,0,0,0,0,0
896,Wilguens Paugain,HAI,DF,0,0,0,0,0,0,0,0,0,0
896,Wagner Pina,CPV,DF,0,0,0,0,0,0,0,0,0,0
896,Haissem Hassan,EGY,FW,0,0,0,0,0,0,0,0,0,0
896,Shurandy Sambo,CUW,DF,0,0,0,0,0,0,0,0,0,0
896,Mladen Jurkas,BIH,GK,0,0,0,0,0,0,0,0,0,0
896,Tyrick Bodak,CUW,GK,0,0,0,0,0,0,0,0,0,0
896,Godfried Roemeratoe,CUW,MF,0,0,0,0,0,0,0,0,1,7
896,Roshon Van Eijma,CUW,DF,0,0,0,0,0,0,0,0,0,2
896,Arjany Martha,CUW,MF,0,0,0,0,0,0,0,0,0,0
896,Martin Zlomislic,BIH,GK,0,0,0,0,0,0,0,0,0,0
896,Kevin Felida,CUW,MF,0,0,0,0,0,0,0,0,0,0
896,Trevor Doornbusch,CUW,GK,0,0,0,0,0,0,0,0,0,0
896,Tyrese Noslin,CUW,FW,0,0,0,0,0,0,0,0,0,0
896,Brandley Kuwas,CUW,FW,0,0,0,0,0,0,0,0,0,0
896,Giorgian De Arrascaeta,URU,MF,0,0,0,0,0,0,0,0,0,0
896,Matt Turner,USA,GK,0,0,0,0,0,0,0,0,0,0
896,Juan Musso,ARG,GK,0,0,0,0,0,0,0,0,0,0
896,Jeremy Arevalo,ECU,FW,0,0,0,0,0,0,0,0,0,0
896,Jose Manuel Lopez,ARG,FW,0,0,0,0,0,0,0,0,0,0
896,Jorge Carrascal,COL,MF,0,0,0,0,0,0,0,0,0,0
896,Jose Maria Gimenez,URU,DF,0,0,0,0,0,0,0,0,0,0
896,Tomas Rodriguez,PAN,FW,0,0,0,0,0,0,0,2,2,3
896,David Ospina,COL,GK,0,0,0,0,0,0,0,0,0,0
896,Rodrigo Zalazar,URU,MF,0,0,0,0,0,0,0,0,0,0
896,Leo Pereira,BRA,DF,0,0,0,0,0,0,0,0,0,0
896,Cristian Roldan,USA,MF,0,0,0,0,0,0,0,0,0,0
896,Jorge Gutierrez,PAN,DF,0,0,0,0,0,0,0,0,0,0
896,Miles Robinson,USA,DF,0,0,0,0,0,0,0,0,0,0
896,Exequiel Palacios,ARG,MF,0,0,0,0,0,0,0,0,0,0
896,Gatito Fernandez,PAR,GK,0,0,0,0,0,0,0,0,0,0
896,Sergio Rochet,URU,GK,0,0,0,0,0,0,0,0,0,0
896,Yerry Mina,COL,DF,0,0,0,0,0,0,0,0,0,0
896,Kendry Paez,ECU,MF,0,0,0,0,0,0,0,0,0,0
896,Joaquin Piquerez,URU,MF,0,0,0,0,0,0,0,0,0,0
896,Chris Brady,USA,GK,0,0,0,0,0,0,0,0,0,0
896,Carlos Acevedo,MEX,GK,0,0,0,0,0,0,0,0,0,0
896,Luis Mejia,PAN,GK,0,0,0,0,0,0,0,0,0,0
896,Cesar Yanis,PAN,MF,0,0,0,0,0,0,0,0,0,0
896,Ederson,BRA,GK,0,0,0,0,0,0,0,0,0,0
896,Cesar Samudio,PAN,GK,0,0,0,0,0,0,0,0,0,0
896,Kevin Castano,COL,MF,0,0,0,0,0,0,0,0,1,2
896,Fabian Balbuena,PAR,DF,0,0,0,0,0,0,0,0,0,0
896,Gustavo Caballero,PAR,MF,0,0,0,0,0,0,0,0,0,0
896,Gonzalo Valle,ECU,GK,0,0,0,0,0,0,0,0,0,0
896,Mark Mckenzie,USA,DF,0,0,0,0,0,0,0,0,0,0
896,Geronimo Rulli,ARG,GK,0,0,0,0,0,0,0,0,0,0
896,Facundo Pellistri,URU,FW,0,0,0,0,0,0,0,0,0,0
896,Max Arfsten,USA,DF,0,0,0,0,0,0,0,0,0,0
896,Alberto Quintero,PAN,MF,0,0,0,0,0,0,0,0,0,0
896,Willer Ditta,COL,DF,0,0,0,0,0,0,0,0,0,0
896,Eric Davis,PAN,DF,0,0,0,0,0,0,0,0,1,8
896,Giovani Lo Celso,ARG,MF,0,0,0,0,0,0,0,0,0,0
896,Deiver Machado,COL,DF,0,0,0,0,0,0,0,0,0,0
896,Juan Portilla,COL,MF,0,0,0,0,0,0,0,0,0,0
896,Moises Ramirez,ECU,GK,0,0,0,0,0,0,0,0,0,0
896,Gabriel Avalos,PAR,FW,0,0,0,0,0,0,0,0,1,2
896,Brenden Aaronson,USA,FW,0,0,0,0,0,0,0,0,0,0
896,Yaimar Medina,ECU,DF,0,0,0,0,0,0,0,0,0,0
896,Emiliano Martinez,URU,MF,0,0,0,0,0,0,0,0,0,0
896,Roderick Miller,PAN,DF,0,0,0,0,0,0,0,0,0,0
896,Alvaro Montero,COL,GK,0,0,0,0,0,0,0,0,0,0
896,Edgardo Farina,PAN,DF,0,0,0,0,0,0,0,0,0,0
896,Giuliano Simeone,ARG,FW,0,0,0,0,0,0,0,0,0,0
896,Valentin Barco,ARG,MF,0,0,0,0,0,0,0,0,0,0
896,Gaston Olveira,PAR,GK,0,0,0,0,0,0,0,0,0,0
896,Santiago Mele,URU,GK,0,0,0,0,0,0,0,0,0,0
896,Anthony Valencia,ECU,MF,0,0,0,0,0,0,0,0,0,0
896,Fidel Escobar,PAN,DF,0,0,0,0,0,0,0,0,0,0
896,Weverton,BRA,GK,0,0,0,0,0,0,0,0,0,0
896,Santiago Arias,COL,DF,0,0,0,0,0,0,0,0,0,0
896,Ronald Araujo,URU,DF,0,0,0,0,0,0,0,0,0,0
896,Alex Zendejas,USA,FW,0,0,0,0,0,0,0,0,0,0
896,Felix Torres,ECU,DF,0,0,0,0,0,0,0,0,0,0
896,Adalberto Carrasquilla,PAN,MF,0,0,0,0,0,0,0,0,0,0
896,Santiago Bueno,URU,DF,0,0,0,0,0,0,0,0,0,0
896,Jackson Porozo,ECU,DF,0,0,0,0,0,0,0,1,1,24
896,Braian Ojeda,PAR,MF,0,0,0,0,0,0,0,0,0,0
896,Bremer,BRA,DF,0,0,0,0,0,0,0,0,0,0
896,Denil Castillo,ECU,MF,0,0,0,0,0,0,0,0,0,0
896,Marcos Senesi,ARG,DF,0,0,0,0,0,0,0,0,0,0
896,Ahmed Maknazi,IRQ,DF,0,0,0,0,0,0,0,0,0,0
896,Bae Junho,KOR,MF,0,0,0,0,0,0,0,0,0,0
896,Kevin Yakob,IRQ,MF,0,0,0,0,0,0,0,0,0,0
896,Samir Chergui,ALG,DF,0,0,0,0,0,0,0,0,0,0
896,Hossein Kanani,IRN,DF,0,0,0,0,0,0,0,2,5,43
896,Aaron Tshibola,COD,MF,0,0,0,0,0,0,0,0,0,0
896,Meschack Elia,COD,FW,0,0,0,0,0,0,0,0,0,0
896,Achref Abada,ALG,DF,0,0,0,0,0,0,0,0,0,0
896,Ali Majrashi,KSA,DF,0,0,0,0,0,0,0,0,0,0
896,Gael Kakuta,COD,FW,0,0,0,0,0,0,0,0,0,0
896,Oussama Benbot,ALG,GK,0,0,0,0,0,0,0,0,0,0
896,Marcio Rosa,CPV,GK,0,0,0,0,0,0,0,0,0,0
896,Nawaf Alaqidi,KSA,GK,0,0,0,0,0,0,0,0,0,0
896,Saleh Alshehri,KSA,FW,0,0,0,0,0,0,0,0,0,0
896,Cj Dos Santos,CPV,GK,0,0,0,0,0,0,0,0,0,0
896,Amer Jamous,JOR,MF,0,0,0,0,0,0,0,0,0,0
896,Timothy Fayulu,COD,GK,0,0,0,0,0,0,0,0,0,0
896,Fares Ghedjemis,ALG,FW,0,0,0,0,0,0,0,0,0,0
896,Salah Zakaria,QAT,GK,0,0,0,0,0,0,0,0,0,0
896,Ziyad Aljohani,KSA,MF,0,0,0,0,0,0,0,0,0,0
896,Tahsin Mohammed,QAT,FW,0,0,0,0,0,0,0,0,0,0
896,Ibrahim Sadeh,JOR,MF,0,0,0,0,0,0,0,0,0,0
896,Payam Niazmand,IRN,GK,0,0,0,0,0,0,0,0,0,0
896,Lee Donggyeong,KOR,MF,0,0,0,0,0,0,0,0,0,0
896,Mohammad Abuhasheesh,JOR,DF,0,0,0,0,0,0,0,0,1,6
896,Sultan Mandash,KSA,FW,0,0,0,0,0,0,0,0,0,0
896,Rajaei Ayed,JOR,MF,0,0,0,0,0,0,0,0,0,0
896,Ali Yousif,IRQ,FW,0,0,0,0,0,0,0,0,0,0
896,Kim Taehyeon,KOR,DF,0,0,0,0,0,0,0,0,0,0
896,Mohammed Muntari,QAT,FW,0,0,0,0,0,0,0,0,0,0
896,Aiman Yahya,KSA,FW,0,0,0,0,0,0,0,0,0,0
896,Hossein Hosseini,IRN,GK,0,0,0,0,0,0,0,0,0,0
896,Song Bumkeun,KOR,GK,0,0,0,0,0,0,0,0,0,0
896,Munaf Younus,IRQ,DF,0,0,0,0,0,0,0,0,0,0
896,Roozbeh Cheshmi,IRN,MF,0,0,0,0,0,0,0,0,0,0
896,Ahmed Alkassar,KSA,GK,0,0,0,0,0,0,0,0,0,0
896,Fahad Talib,IRQ,GK,0,0,0,0,0,0,0,0,0,0
896,Jo Hyeonwoo,KOR,GK,0,0,0,0,0,0,0,0,0,0
896,Brian Cipenga,COD,FW,0,0,0,0,0,0,0,0,0,0
896,Matthieu Epolo,COD,GK,0,0,0,0,0,0,0,0,0,0
896,Frans Putros,IRQ,DF,0,0,0,0,0,0,0,0,0,0
896,Mohamed Amine Tougai,ALG,DF,0,0,0,0,0,0,0,0,0,0
896,Fiston Mayele,COD,FW,0,0,0,0,0,0,0,0,0,0
896,Tomoki Hayakawa,JPN,GK,0,0,0,0,0,0,0,0,0,0
896,Nour Baniateyah,JOR,GK,0,0,0,0,0,0,0,0,0,0
896,Cho Wije,KOR,DF,0,0,0,0,0,0,0,0,0,0
896,Melvin Mastil,ALG,GK,0,0,0,0,0,0,0,0,0,0
896,Mohammad Ghorbani,IRN,MF,0,0,0,0,0,0,0,0,0,0
896,Khalid Alghannam,KSA,FW,0,0,0,0,0,0,0,0,0,0
896,Dylan Batubinsika,COD,DF,0,0,0,0,0,0,0,0,0,0
896,Abdallah Alfakhori,JOR,GK,0,0,0,0,0,0,0,0,0,0
896,Meshaal Barsham,QAT,GK,0,0,0,0,0,0,0,0,0,0
896,Danial Iri,IRN,DF,0,0,0,0,0,0,0,0,0,0
896,Hassan Kadish,KSA,DF,0,0,0,0,0,0,0,0,0,0
896,Yassine Titraoui,ALG,MF,0,0,0,0,0,0,0,0,0,0
896,Logan Costa,CPV,DF,0,0,0,0,0,0,0,0,0,0
896,Anas Badawi,JOR,DF,0,0,0,0,0,0,0,0,0,0
896,Theo Bongonda,COD,MF,0,0,0,0,0,0,0,0,0,0
896,Keisuke Osako,JPN,GK,0,0,0,0,0,0,0,0,0,0
896,Dennis Dargahi,IRN,FW,0,0,0,0,0,0,0,0,0,0
896,Nawaf Bu Washl,KSA,DF,0,0,0,0,0,0,0,0,0,10
896,Amirmohammad Razaghinia,IRN,MF,0,0,0,0,0,0,0,0,0,0
896,Mohammad Abughoush,JOR,MF,0,0,0,0,0,0,0,0,0,0
896,Stopira,CPV,DF,0,0,0,0,0,0,0,0,0,0
896,Shuto Machino,JPN,FW,0,0,0,0,0,0,0,0,0,0
896,Jehad Thikri,KSA,DF,0,0,0,0,0,0,0,0,0,0
896,Mathew Ryan,AUS,GK,0,0,0,0,0,0,0,0,0,0
896,Logan Rogerson,NZL,FW,0,0,0,0,0,0,0,0,0,0
896,Jamshid Iskanderov,UZB,MF,0,0,0,0,0,0,0,0,0,0
896,Haris Tabakovic,BIH,FW,0,0,0,0,0,0,0,0,0,0
896,Viktor Johansson,SWE,GK,0,0,0,0,0,0,0,0,0,0
896,John Souttar,SCO,DF,0,0,0,0,0,0,0,0,0,0
896,Caglar Soyuncu,TUR,DF,0,0,0,0,0,0,0,0,0,0
896,Ben Waine,NZL,FW,0,0,0,0,0,0,0,0,0,0
896,Awer Mabil,AUS,FW,0,0,0,0,0,0,0,0,0,0
896,Eric Garcia,ESP,DF,0,0,0,0,0,0,0,0,0,0
896,Jan Kuchta,CZE,FW,0,0,0,0,0,0,0,0,0,0
896,Scott Mckenna,SCO,DF,0,0,0,0,0,0,0,1,4,105
896,Kai Trewin,AUS,DF,0,0,0,0,0,0,0,0,0,0
896,Michael Woud,NZL,GK,0,0,0,0,0,0,0,0,0,0
896,Eray Coemert,SUI,DF,0,0,0,0,0,0,0,0,0,0
896,Carl Starfelt,SWE,DF,0,0,0,0,0,0,0,0,0,0
896,David Raya,ESP,GK,0,0,0,0,0,0,0,0,0,0
896,Noah Okafor,SUI,FW,0,0,0,0,0,0,0,0,0,0
896,Ozan Kabak,TUR,DF,0,0,0,0,0,0,0,0,0,0
896,Victor Munoz,ESP,FW,0,0,0,0,0,0,0,0,0,0
896,Martin Zubimendi,ESP,MF,0,0,0,0,0,0,0,0,0,0
896,George Hirst,SCO,FW,0,0,0,0,0,0,0,0,0,0
896,Nihad Mujakic,BIH,DF,0,0,0,0,0,0,0,0,0,0
896,Hugo Sochurek,CZE,MF,0,0,0,0,0,0,0,0,0,0
896,Tyler Fletcher,SCO,MF,0,0,0,0,0,0,0,0,0,0
896,Joan Garcia,ESP,GK,0,0,0,0,0,0,0,0,0,0
896,Alex Grimaldo,ESP,DF,0,0,0,0,0,0,0,0,0,0
896,Irfan Can Kahveci,TUR,FW,0,0,0,0,0,0,0,0,0,0
896,Mert Gunok,TUR,GK,0,0,0,0,0,0,0,0,0,0
896,Alex Paulsen,NZL,GK,0,0,0,0,0,0,0,0,0,0
896,Ajdin Hrustic,AUS,FW,0,0,0,0,0,0,0,0,0,0
896,Samet Akaydin,TUR,DF,0,0,0,0,0,0,0,0,0,0
896,Umar Eshmurodov,UZB,DF,0,0,0,0,0,0,0,0,0,0
896,Marc Pubill,ESP,DF,0,0,0,0,0,0,0,0,0,0
896,Liam Kelly,SCO,GK,0,0,0,0,0,0,0,0,0,0
896,Alex Rufer,NZL,MF,0,0,0,0,0,0,0,0,0,0
896,Altay Bayindir,TUR,GK,0,0,0,0,0,0,0,0,0,0
896,Hjalmar Ekdal,SWE,DF,0,0,0,0,0,0,0,0,0,0
896,Eric Smith,SWE,DF,0,0,0,0,0,0,0,0,0,0
896,Aziz Behich,AUS,DF,0,0,0,0,0,0,0,0,2,5
896,Nando Pijnaker,NZL,DF,0,0,0,0,0,0,0,0,0,0
896,Borja Iglesias,ESP,FW,0,0,0,0,0,0,0,0,0,0
896,Oguz Aydin,TUR,FW,0,0,0,0,0,0,0,0,0,0
896,Aurele Amenda,SUI,DF,0,0,0,0,0,0,0,0,0,0
896,Herman Johansson,SWE,DF,0,0,0,0,0,0,0,0,0,0
896,Kosta Barbarouses,NZL,FW,0,0,0,0,0,0,0,0,0,0
896,Cameron Devlin,AUS,MF,0,0,0,0,0,0,0,0,0,0
896,Ken Sema,SWE,MF,0,0,0,0,0,0,0,0,0,0
896,Lukas Hornicek,CZE,GK,0,0,0,0,0,0,0,0,0,0
896,Botirali Ergashev,UZB,GK,0,0,0,0,0,0,0,0,0,0
896,Milos Degenek,AUS,DF,0,0,0,0,0,0,0,0,0,0
896,David Jurasek,CZE,DF,0,0,0,0,0,0,0,0,0,0
896,Kaan Ayhan,TUR,MF,0,0,0,0,0,0,0,0,0,0
896,Dominic Hyam,SCO,DF,0,0,0,0,0,0,0,0,0,0
896,Avazbek Ulmasaliyev,UZB,DF,0,0,0,0,0,0,0,0,0,0
896,Jacob Widell Zetterstrom,SWE,GK,0,0,0,0,0,0,0,0,0,0
896,Yvon Mvogo,SUI,GK,0,0,0,0,0,0,0,0,0,0
896,Jindrich Stanek,CZE,GK,0,0,0,0,0,0,0,0,0,0
896,Lucas Herrington,AUS,DF,0,0,0,0,0,0,0,0,0,0
896,Marvin Keller,SUI,GK,0,0,0,0,0,0,0,0,0,0
896,Lachlan Bayliss,NZL,MF,0,0,0,0,0,0,0,0,0,0
896,Gustaf Nilsson,SWE,FW,0,0,0,0,0,0,0,0,0,0
896,Paul Izzo,AUS,GK,0,0,0,0,0,0,0,0,0,0
896,Sherzod Esanov,UZB,MF,0,0,0,0,0,0,0,0,0,2
